show_id,type,title,director,cast,country,date_added,release_year,rating,duration,listed_in,description,year_added,month_added,duration_minutes,num_seasons,primary_genre
s1,Movie,Hidden Signal,Director 22,"Actor 253, Actor 748",France,2026-08-25,2024,TV-MA,90 min,Dramas,A gripping story that unfolds over time.,2026,August,90.0,,Dramas
s2,Movie,Broken Chronicles,Director 265,"Actor 346, Actor 565",Italy,2018-12-02,2017,PG,129 min,Crime TV Shows,A gripping story that unfolds over time.,2018,December,129.0,,Crime TV Shows
s3,TV Show,Hidden Dreams,Director 270,"Actor 863, Actor 816",United Kingdom,2015-12-15,2013,TV-14,4 Seasons,Sci-Fi & Fantasy,A gripping story that unfolds over time.,2015,December,,4.0,Sci-Fi & Fantasy
s4,Movie,Silent Kingdom,Director 379,"Actor 773, Actor 490",Australia,2006-08-07,2006,TV-PG,77 min,Sci-Fi & Fantasy,A gripping story that unfolds over time.,2006,August,77.0,,Sci-Fi & Fantasy
s5,Movie,Silent Kingdom,Not Given,"Actor 398, Actor 871",United Kingdom,2024-08-27,2024,TV-14,74 min,Action & Adventure,A gripping story that unfolds over time.,2024,August,74.0,,Action & Adventure
s6,Movie,Dark Heist,Director 45,"Actor 574, Actor 953",United States,2013-12-21,2012,R,155 min,Children & Family Movies,A gripping story that unfolds over time.,2013,December,155.0,,Children & Family Movies
s7,TV Show,Silent Storm,Director 165,"Actor 225, Actor 819",Mexico,2024-04-10,2021,TV-PG,6 Seasons,Comedies,A gripping story that unfolds over time.,2024,April,,6.0,Comedies
s8,Movie,Hidden Signal,Not Given,"Actor 225, Actor 385",South Korea,2025-08-19,2024,TV-Y7,123 min,Anime Series,A gripping story that unfolds over time.,2025,August,123.0,,Anime Series
s9,TV Show,Rising Heist,Director 252,"Actor 955, Actor 932",United States,2016-06-19,2015,PG-13,6 Seasons,"Crime TV Shows, Sci-Fi & Fantasy",A gripping story that unfolds over time.,2016,June,,6.0,Crime TV Shows
s10,TV Show,Final Chronicles,Not Given,"Actor 304, Actor 254",United States,2024-07-12,2021,TV-MA,4 Seasons,Kids' TV,A gripping story that unfolds over time.,2024,July,,4.0,Kids' TV
s11,Movie,Secret Horizon,Not Given,"Actor 878, Actor 338",United States,2025-09-02,2023,PG-13,94 min,Thrillers,A gripping story that unfolds over time.,2025,September,94.0,,Thrillers
s12,TV Show,Lost City,Director 283,"Actor 27, Actor 226",South Korea,2018-04-21,2018,TV-PG,6 Seasons,Children & Family Movies,A gripping story that unfolds over time.,2018,April,,6.0,Children & Family Movies
s13,Movie,Golden Horizon,Not Given,"Actor 253, Actor 981",United States,2019-01-23,2016,TV-MA,129 min,Comedies,A gripping story that unfolds over time.,2019,January,129.0,,Comedies
s14,Movie,Endless Kingdom,Director 39,"Actor 477, Actor 682",India,2015-09-23,2014,TV-PG,78 min,"Sci-Fi & Fantasy, Dramas",A gripping story that unfolds over time.,2015,September,78.0,,Sci-Fi & Fantasy
s15,Movie,Lost Horizon,Director 125,"Actor 150, Actor 314",Canada,2011-12-26,2008,TV-14,94 min,International Movies,A gripping story that unfolds over time.,2011,December,94.0,,International Movies
s16,Movie,Rising Dreams,Director 319,"Actor 787, Actor 604",Canada,2002-06-26,2001,TV-PG,99 min,Stand-Up Comedy,A gripping story that unfolds over time.,2002,June,99.0,,Stand-Up Comedy
s17,Movie,Golden City,Not Given,"Actor 154, Actor 656",United Kingdom,2000-07-19,2000,TV-Y7,162 min,"Anime Series, Documentaries",A gripping story that unfolds over time.,2000,July,162.0,,Anime Series
s18,TV Show,Lost Journey,Director 250,"Actor 659, Actor 442",United States,2001-12-01,2000,R,4 Seasons,Children & Family Movies,A gripping story that unfolds over time.,2001,December,,4.0,Children & Family Movies
s19,Movie,Rising Horizon,Director 43,"Actor 556, Actor 285",Nigeria,2022-08-13,2019,TV-MA,134 min,"Crime TV Shows, Children & Family Movies",A gripping story that unfolds over time.,2022,August,134.0,,Crime TV Shows
s20,Movie,Forgotten Empire,Director 249,"Actor 676, Actor 394",Japan,2011-03-05,2011,TV-MA,105 min,Reality TV,A gripping story that unfolds over time.,2011,March,105.0,,Reality TV
s21,TV Show,Last Legacy,Not Given,"Actor 19, Actor 177",India,2021-03-04,2021,PG,8 Season,"Reality TV, Action & Adventure",A gripping story that unfolds over time.,2021,March,,8.0,Reality TV
s22,Movie,Secret Storm,Director 398,"Actor 223, Actor 634",United States,2026-09-05,2024,TV-14,122 min,"Comedies, Anime Series",A gripping story that unfolds over time.,2026,September,122.0,,Comedies
s23,TV Show,Wild Journey,Director 321,"Actor 342, Actor 500",Italy,2017-02-17,2015,TV-G,6 Seasons,International Movies,A gripping story that unfolds over time.,2017,February,,6.0,International Movies
s24,TV Show,Final Legacy,Director 423,"Actor 1, Actor 387",India,2026-04-13,2025,PG-13,4 Seasons,Action & Adventure,A gripping story that unfolds over time.,2026,April,,4.0,Action & Adventure
s25,Movie,Secret Shadows,Not Given,"Actor 143, Actor 415",United States,2015-01-01,2012,TV-MA,116 min,Dramas,A gripping story that unfolds over time.,2015,January,116.0,,Dramas
s26,Movie,Hidden Signal,Director 192,"Actor 923, Actor 502",United States,2019-07-17,2016,PG-13,161 min,"Dramas, Documentaries",A gripping story that unfolds over time.,2019,July,161.0,,Dramas
s27,Movie,Forgotten Journey,Director 224,"Actor 239, Actor 177",United States,2012-12-11,2012,PG,102 min,Romantic Movies,A gripping story that unfolds over time.,2012,December,102.0,,Romantic Movies
s28,Movie,Silent Journey,Director 202,"Actor 458, Actor 83",Australia,2012-11-17,2011,PG-13,92 min,Reality TV,A gripping story that unfolds over time.,2012,November,92.0,,Reality TV
s29,Movie,Last City,Director 313,"Actor 401, Actor 624",United States,2006-03-15,2006,PG,74 min,"Reality TV, Action & Adventure",A gripping story that unfolds over time.,2006,March,74.0,,Reality TV
s30,Movie,Secret City,Director 30,"Actor 759, Actor 106",Germany,2022-02-19,2021,TV-G,166 min,Dramas,A gripping story that unfolds over time.,2022,February,166.0,,Dramas
s31,TV Show,Secret Storm,Director 400,"Actor 520, Actor 900",Australia,2022-08-08,2021,TV-Y7,7 Seasons,Reality TV,A gripping story that unfolds over time.,2022,August,,7.0,Reality TV
s32,TV Show,Last Journey,Director 433,"Actor 78, Actor 730",Canada,2015-03-13,2012,TV-14,1 Seasons,"Kids' TV, Thrillers",A gripping story that unfolds over time.,2015,March,,1.0,Kids' TV
s33,Movie,Endless City,Director 78,"Actor 216, Actor 386",South Korea,2005-09-13,2003,TV-14,83 min,"Comedies, Thrillers",A gripping story that unfolds over time.,2005,September,83.0,,Comedies
s34,Movie,Secret Kingdom,Director 25,"Actor 145, Actor 525",South Korea,2006-07-20,2004,TV-14,155 min,Romantic Movies,A gripping story that unfolds over time.,2006,July,155.0,,Romantic Movies
s35,Movie,Endless Heist,Director 437,"Actor 662, Actor 277",United States,2010-02-06,2010,PG-13,139 min,Crime TV Shows,A gripping story that unfolds over time.,2010,February,139.0,,Crime TV Shows
s36,Movie,Lost City,Director 62,"Actor 441, Actor 194",United States,2015-11-15,2014,TV-G,163 min,"Dramas, Stand-Up Comedy",A gripping story that unfolds over time.,2015,November,163.0,,Dramas
s37,Movie,Forgotten Legacy,Director 390,"Actor 690, Actor 10",United States,2014-12-05,2014,TV-PG,146 min,"Reality TV, Sci-Fi & Fantasy",A gripping story that unfolds over time.,2014,December,146.0,,Reality TV
s38,Movie,Rising Shadows,Director 137,"Actor 930, Actor 588",Germany,2025-08-03,2025,PG-13,147 min,Action & Adventure,A gripping story that unfolds over time.,2025,August,147.0,,Action & Adventure
s39,Movie,Final Chronicles,Director 104,"Actor 526, Actor 800",Australia,2021-12-19,2020,TV-G,87 min,"Action & Adventure, Children & Family Movies",A gripping story that unfolds over time.,2021,December,87.0,,Action & Adventure
s40,Movie,Final Legacy,Director 478,"Actor 231, Actor 923",United States,2017-01-04,2015,TV-Y7,84 min,Dramas,A gripping story that unfolds over time.,2017,January,84.0,,Dramas
s41,TV Show,Endless Journey,Director 130,"Actor 411, Actor 95",Germany,2020-05-19,2020,R,5 Seasons,Anime Series,A gripping story that unfolds over time.,2020,May,,5.0,Anime Series
s42,TV Show,Endless Shadows,Director 171,"Actor 460, Actor 356",India,2017-11-16,2015,TV-Y7,1 Season,International Movies,A gripping story that unfolds over time.,2017,November,,1.0,International Movies
s43,TV Show,Broken City,Director 55,"Actor 371, Actor 936",Germany,2026-10-15,2024,TV-MA,7 Season,Action & Adventure,A gripping story that unfolds over time.,2026,October,,7.0,Action & Adventure
s44,Movie,Forgotten Heist,Not Given,"Actor 967, Actor 180",Germany,2001-10-06,2001,PG,120 min,Anime Series,A gripping story that unfolds over time.,2001,October,120.0,,Anime Series
s45,Movie,Last Storm,Not Given,"Actor 215, Actor 435",Japan,2009-11-27,2009,TV-G,70 min,"Stand-Up Comedy, Sci-Fi & Fantasy",A gripping story that unfolds over time.,2009,November,70.0,,Stand-Up Comedy
s46,TV Show,Broken Kingdom,Director 288,"Actor 778, Actor 458",United States,2011-01-19,2010,TV-Y7,8 Seasons,"Kids' TV, Sci-Fi & Fantasy",A gripping story that unfolds over time.,2011,January,,8.0,Kids' TV
s47,Movie,Golden Horizon,Director 264,"Actor 418, Actor 803",United States,2014-07-24,2012,TV-MA,120 min,"Children & Family Movies, Anime Series",A gripping story that unfolds over time.,2014,July,120.0,,Children & Family Movies
s48,TV Show,Broken Signal,Director 404,"Actor 523, Actor 746",Nigeria,2024-04-02,2022,TV-MA,2 Seasons,"Anime Series, Children & Family Movies",A gripping story that unfolds over time.,2024,April,,2.0,Anime Series
s49,Movie,Last Shadows,Director 450,"Actor 237, Actor 281",India,2004-05-07,2001,PG,150 min,"Thrillers, Romantic Movies",A gripping story that unfolds over time.,2004,May,150.0,,Thrillers
s50,Movie,Last Journey,Director 87,"Actor 629, Actor 874",United States,2019-04-22,2018,PG,94 min,Sci-Fi & Fantasy,A gripping story that unfolds over time.,2019,April,94.0,,Sci-Fi & Fantasy
s51,Movie,Last Horizon,Director 29,"Actor 149, Actor 779",France,2024-11-08,2023,R,122 min,"Documentaries, Kids' TV",A gripping story that unfolds over time.,2024,November,122.0,,Documentaries
s52,Movie,Forgotten Kingdom,Director 482,"Actor 201, Actor 154",Japan,2026-07-02,2024,TV-PG,131 min,"Horror Movies, Stand-Up Comedy",A gripping story that unfolds over time.,2026,July,131.0,,Horror Movies
s53,Movie,Rising Horizon,Director 445,"Actor 17, Actor 330",United Kingdom,2002-01-25,2002,TV-PG,113 min,Dramas,A gripping story that unfolds over time.,2002,January,113.0,,Dramas
s54,Movie,Secret Dreams,Director 199,"Actor 401, Actor 919",Spain,2006-08-26,2005,TV-G,116 min,Crime TV Shows,A gripping story that unfolds over time.,2006,August,116.0,,Crime TV Shows
s55,Movie,Endless Horizon,Not Given,"Actor 805, Actor 171",Spain,2025-05-08,2024,PG-13,129 min,Crime TV Shows,A gripping story that unfolds over time.,2025,May,129.0,,Crime TV Shows
s56,Movie,Wild Shadows,Director 39,"Actor 814, Actor 29",Canada,2014-08-17,2012,TV-G,101 min,Action & Adventure,A gripping story that unfolds over time.,2014,August,101.0,,Action & Adventure
s57,Movie,Broken Shadows,Not Given,"Actor 705, Actor 949",United States,2014-08-14,2014,PG-13,131 min,Anime Series,A gripping story that unfolds over time.,2014,August,131.0,,Anime Series
s58,Movie,Secret Storm,Not Given,"Actor 660, Actor 861",United States,2003-08-22,2003,R,121 min,Anime Series,A gripping story that unfolds over time.,2003,August,121.0,,Anime Series
s59,Movie,Wild Heist,Director 145,"Actor 216, Actor 3",United States,2015-11-03,2014,TV-14,104 min,"Action & Adventure, Kids' TV",A gripping story that unfolds over time.,2015,November,104.0,,Action & Adventure
s60,Movie,Endless Chronicles,Not Given,"Actor 984, Actor 124",France,2009-09-15,2007,TV-PG,74 min,"Sci-Fi & Fantasy, Reality TV",A gripping story that unfolds over time.,2009,September,74.0,,Sci-Fi & Fantasy
s61,Movie,Endless Shadows,Director 289,"Actor 262, Actor 216",Canada,2022-10-19,2019,TV-PG,109 min,Kids' TV,A gripping story that unfolds over time.,2022,October,109.0,,Kids' TV
s62,TV Show,Silent Storm,Director 158,"Actor 551, Actor 927",United States,2009-11-18,2007,TV-G,2 Seasons,Stand-Up Comedy,A gripping story that unfolds over time.,2009,November,,2.0,Stand-Up Comedy
s63,TV Show,Dark Dreams,Director 60,"Actor 335, Actor 222",United States,2022-12-05,2022,TV-14,1 Seasons,"Children & Family Movies, Crime TV Shows",A gripping story that unfolds over time.,2022,December,,1.0,Children & Family Movies
s64,Movie,Wild Signal,Not Given,"Actor 381, Actor 460",United States,2026-04-07,2024,TV-PG,105 min,Horror Movies,A gripping story that unfolds over time.,2026,April,105.0,,Horror Movies
s65,Movie,Broken City,Director 382,"Actor 748, Actor 440",United States,2024-03-21,2022,TV-PG,144 min,Anime Series,A gripping story that unfolds over time.,2024,March,144.0,,Anime Series
s66,TV Show,Forgotten Empire,Director 309,"Actor 520, Actor 591",Spain,2026-06-27,2023,TV-MA,4 Seasons,Stand-Up Comedy,A gripping story that unfolds over time.,2026,June,,4.0,Stand-Up Comedy
s67,TV Show,Lost Journey,Director 64,"Actor 717, Actor 721",United States,2022-12-08,2020,TV-G,5 Seasons,"International Movies, Comedies",A gripping story that unfolds over time.,2022,December,,5.0,International Movies
s68,Movie,Lost City,Director 424,"Actor 928, Actor 242",United States,2020-06-01,2019,R,161 min,International Movies,A gripping story that unfolds over time.,2020,June,161.0,,International Movies
s69,Movie,Silent Heist,Director 359,"Actor 223, Actor 416",Australia,2002-01-09,2002,TV-MA,75 min,"Anime Series, International Movies",A gripping story that unfolds over time.,2002,January,75.0,,Anime Series
s70,TV Show,Final Heist,Not Given,"Actor 909, Actor 537",Germany,2024-12-13,2023,R,2 Seasons,"Crime TV Shows, Reality TV",A gripping story that unfolds over time.,2024,December,,2.0,Crime TV Shows
s71,Movie,Final Horizon,Not Given,"Actor 959, Actor 207",Spain,2011-04-01,2010,PG-13,104 min,Reality TV,A gripping story that unfolds over time.,2011,April,104.0,,Reality TV
s72,TV Show,Broken Shadows,Director 426,"Actor 755, Actor 371",Spain,2005-10-26,2005,R,7 Seasons,"Thrillers, Sci-Fi & Fantasy",A gripping story that unfolds over time.,2005,October,,7.0,Thrillers
s73,TV Show,Rising Empire,Director 326,"Actor 145, Actor 891",Japan,2006-02-25,2006,R,7 Season,Kids' TV,A gripping story that unfolds over time.,2006,February,,7.0,Kids' TV
s74,TV Show,Last Journey,Director 313,"Actor 576, Actor 886",India,2008-05-20,2008,TV-PG,4 Seasons,"Horror Movies, Dramas",A gripping story that unfolds over time.,2008,May,,4.0,Horror Movies
s75,Movie,Last Storm,Not Given,"Actor 59, Actor 837",Canada,2019-05-01,2017,PG,104 min,Documentaries,A gripping story that unfolds over time.,2019,May,104.0,,Documentaries
s76,Movie,Dark Legacy,Not Given,"Actor 375, Actor 8",Turkey,2002-04-18,2001,TV-14,149 min,"Dramas, Action & Adventure",A gripping story that unfolds over time.,2002,April,149.0,,Dramas
s77,Movie,Secret Legacy,Not Given,"Actor 976, Actor 654",Brazil,2020-06-21,2020,TV-MA,102 min,"International Movies, Children & Family Movies",A gripping story that unfolds over time.,2020,June,102.0,,International Movies
s78,Movie,Lost Legacy,Director 397,"Actor 279, Actor 851",United States,2017-12-13,2016,PG,88 min,"Romantic Movies, Sci-Fi & Fantasy",A gripping story that unfolds over time.,2017,December,88.0,,Romantic Movies
s79,TV Show,Forgotten Horizon,Director 430,"Actor 777, Actor 3",United States,2004-07-21,2003,PG,8 Seasons,Children & Family Movies,A gripping story that unfolds over time.,2004,July,,8.0,Children & Family Movies
s80,TV Show,Golden Storm,Director 124,"Actor 399, Actor 793",United States,2016-12-04,2015,TV-G,3 Seasons,"Sci-Fi & Fantasy, Dramas",A gripping story that unfolds over time.,2016,December,,3.0,Sci-Fi & Fantasy
s81,TV Show,Broken Dreams,Not Given,"Actor 108, Actor 586",United States,2002-06-07,2002,TV-PG,1 Seasons,"Children & Family Movies, Crime TV Shows",A gripping story that unfolds over time.,2002,June,,1.0,Children & Family Movies
s82,Movie,Dark City,Director 26,"Actor 521, Actor 783",France,2022-01-10,2019,PG,90 min,"Horror Movies, Sci-Fi & Fantasy",A gripping story that unfolds over time.,2022,January,90.0,,Horror Movies
s83,Movie,Final Kingdom,Not Given,"Actor 561, Actor 483",Spain,2011-08-12,2010,TV-14,124 min,Reality TV,A gripping story that unfolds over time.,2011,August,124.0,,Reality TV
s84,TV Show,Silent Dreams,Director 459,"Actor 999, Actor 280",United States,2006-06-14,2006,TV-Y7,6 Seasons,Action & Adventure,A gripping story that unfolds over time.,2006,June,,6.0,Action & Adventure
s85,Movie,Rising Shadows,Not Given,"Actor 160, Actor 149",Germany,2021-07-08,2020,PG-13,129 min,"Comedies, Anime Series",A gripping story that unfolds over time.,2021,July,129.0,,Comedies
s86,TV Show,Final Legacy,Director 311,"Actor 208, Actor 618",India,2019-12-25,2018,PG-13,5 Seasons,Horror Movies,A gripping story that unfolds over time.,2019,December,,5.0,Horror Movies
s87,TV Show,Broken City,Director 161,"Actor 784, Actor 460",Turkey,2003-12-06,2000,TV-G,6 Seasons,Kids' TV,A gripping story that unfolds over time.,2003,December,,6.0,Kids' TV
s88,Movie,Broken Shadows,Director 427,"Actor 143, Actor 342",United States,2005-01-05,2002,PG,124 min,Romantic Movies,A gripping story that unfolds over time.,2005,January,124.0,,Romantic Movies
s89,Movie,Hidden Horizon,Director 256,"Actor 266, Actor 537",Canada,2014-10-02,2014,PG,151 min,Reality TV,A gripping story that unfolds over time.,2014,October,151.0,,Reality TV
s90,Movie,Broken Chronicles,Not Given,"Actor 12, Actor 800",France,2026-01-13,2023,R,148 min,"Kids' TV, Crime TV Shows",A gripping story that unfolds over time.,2026,January,148.0,,Kids' TV
s91,TV Show,Forgotten Shadows,Not Given,"Actor 983, Actor 83",Brazil,2023-12-09,2023,TV-G,5 Seasons,"Action & Adventure, Stand-Up Comedy",A gripping story that unfolds over time.,2023,December,,5.0,Action & Adventure
s92,Movie,Hidden Journey,Director 483,"Actor 519, Actor 155",United States,2004-03-22,2003,PG,132 min,"Documentaries, Crime TV Shows",A gripping story that unfolds over time.,2004,March,132.0,,Documentaries
s93,TV Show,Hidden Journey,Director 164,"Actor 465, Actor 995",United States,2021-05-17,2020,PG-13,5 Seasons,"Documentaries, Romantic Movies",A gripping story that unfolds over time.,2021,May,,5.0,Documentaries
s94,Movie,Final Kingdom,Director 425,"Actor 129, Actor 130",United States,2016-07-16,2013,TV-MA,133 min,"Horror Movies, Crime TV Shows",A gripping story that unfolds over time.,2016,July,133.0,,Horror Movies
s95,Movie,Golden Signal,Director 333,"Actor 200, Actor 505",Germany,2023-12-23,2022,TV-Y7,134 min,"Reality TV, International Movies",A gripping story that unfolds over time.,2023,December,134.0,,Reality TV
s96,TV Show,Golden City,Director 111,"Actor 992, Actor 368",United States,2005-03-17,2002,TV-G,8 Seasons,Children & Family Movies,A gripping story that unfolds over time.,2005,March,,8.0,Children & Family Movies
s97,Movie,Rising Heist,Director 160,"Actor 351, Actor 912",India,2021-09-02,2021,PG,71 min,"Sci-Fi & Fantasy, Anime Series",A gripping story that unfolds over time.,2021,September,71.0,,Sci-Fi & Fantasy
s98,Movie,Last Empire,Director 222,"Actor 631, Actor 39",United States,2013-02-17,2010,TV-PG,90 min,Dramas,A gripping story that unfolds over time.,2013,February,90.0,,Dramas
s99,Movie,Hidden Journey,Director 95,"Actor 463, Actor 407",Italy,2015-05-24,2015,R,148 min,"Sci-Fi & Fantasy, Comedies",A gripping story that unfolds over time.,2015,May,148.0,,Sci-Fi & Fantasy
s100,Movie,Broken Empire,Director 354,"Actor 491, Actor 473",Canada,2012-01-10,2012,TV-G,168 min,Anime Series,A gripping story that unfolds over time.,2012,January,168.0,,Anime Series
s101,TV Show,Broken Heist,Director 312,"Actor 211, Actor 101",South Korea,2024-11-26,2022,TV-Y7,8 Seasons,"Romantic Movies, Documentaries",A gripping story that unfolds over time.,2024,November,,8.0,Romantic Movies
s102,Movie,Broken Kingdom,Director 3,"Actor 728, Actor 741",Brazil,2016-10-16,2013,R,140 min,Horror Movies,A gripping story that unfolds over time.,2016,October,140.0,,Horror Movies
s103,Movie,Broken Horizon,Not Given,"Actor 183, Actor 113",South Korea,2022-08-23,2019,PG-13,117 min,"Horror Movies, Crime TV Shows",A gripping story that unfolds over time.,2022,August,117.0,,Horror Movies
s104,Movie,Final Journey,Director 461,"Actor 619, Actor 625",Germany,2011-11-22,2011,TV-14,130 min,Comedies,A gripping story that unfolds over time.,2011,November,130.0,,Comedies
s105,Movie,Broken Storm,Director 280,"Actor 313, Actor 612",Nigeria,2015-03-06,2015,TV-14,108 min,"Romantic Movies, Anime Series",A gripping story that unfolds over time.,2015,March,108.0,,Romantic Movies
s106,Movie,Lost Dreams,Not Given,"Actor 841, Actor 813",India,2010-12-04,2007,PG-13,158 min,"Dramas, Stand-Up Comedy",A gripping story that unfolds over time.,2010,December,158.0,,Dramas
s107,Movie,Golden Dreams,Not Given,"Actor 599, Actor 730",United States,2003-11-05,2002,TV-14,90 min,"Horror Movies, Stand-Up Comedy",A gripping story that unfolds over time.,2003,November,90.0,,Horror Movies
s108,Movie,Hidden Signal,Not Given,"Actor 598, Actor 177",France,2013-05-17,2013,TV-PG,127 min,Anime Series,A gripping story that unfolds over time.,2013,May,127.0,,Anime Series
s109,Movie,Lost Signal,Director 243,"Actor 831, Actor 561",United Kingdom,2008-01-07,2007,TV-14,128 min,Dramas,A gripping story that unfolds over time.,2008,January,128.0,,Dramas
s110,TV Show,Endless Horizon,Director 227,"Actor 774, Actor 679",Canada,2018-04-20,2015,TV-MA,8 Seasons,"Thrillers, Stand-Up Comedy",A gripping story that unfolds over time.,2018,April,,8.0,Thrillers
s111,Movie,Hidden Storm,Director 283,"Actor 626, Actor 875",United Kingdom,2013-03-08,2011,TV-PG,149 min,Children & Family Movies,A gripping story that unfolds over time.,2013,March,149.0,,Children & Family Movies
s112,Movie,Golden Journey,Director 412,"Actor 102, Actor 506",Mexico,2019-08-27,2017,PG-13,99 min,"Comedies, Romantic Movies",A gripping story that unfolds over time.,2019,August,99.0,,Comedies
s113,Movie,Hidden Signal,Not Given,"Actor 982, Actor 131",Canada,2000-03-12,2000,PG-13,142 min,Thrillers,A gripping story that unfolds over time.,2000,March,142.0,,Thrillers
s114,Movie,Lost Kingdom,Director 271,"Actor 859, Actor 931",Australia,2005-12-01,2005,R,138 min,"Anime Series, Children & Family Movies",A gripping story that unfolds over time.,2005,December,138.0,,Anime Series
s115,Movie,Lost Journey,Director 302,"Actor 654, Actor 996",South Korea,2019-03-12,2018,TV-MA,168 min,"International Movies, Reality TV",A gripping story that unfolds over time.,2019,March,168.0,,International Movies
s116,Movie,Silent Heist,Not Given,"Actor 856, Actor 270",Japan,2024-02-26,2021,TV-MA,153 min,"Documentaries, International Movies",A gripping story that unfolds over time.,2024,February,153.0,,Documentaries
s117,TV Show,Endless City,Not Given,"Actor 286, Actor 265",Italy,2004-03-01,2004,R,5 Seasons,Children & Family Movies,A gripping story that unfolds over time.,2004,March,,5.0,Children & Family Movies
s118,Movie,Dark Kingdom,Director 267,"Actor 576, Actor 494",United States,2011-05-18,2009,PG,117 min,Reality TV,A gripping story that unfolds over time.,2011,May,117.0,,Reality TV
s119,Movie,Rising City,Director 361,"Actor 659, Actor 26",United States,2021-04-20,2018,PG,145 min,"Children & Family Movies, Thrillers",A gripping story that unfolds over time.,2021,April,145.0,,Children & Family Movies
s120,Movie,Last Empire,Not Given,"Actor 665, Actor 722",France,2019-06-17,2017,PG,156 min,International Movies,A gripping story that unfolds over time.,2019,June,156.0,,International Movies
s121,Movie,Last Kingdom,Not Given,"Actor 892, Actor 865",United States,2019-08-26,2017,TV-G,131 min,"Stand-Up Comedy, Comedies",A gripping story that unfolds over time.,2019,August,131.0,,Stand-Up Comedy
s122,Movie,Dark Heist,Not Given,"Actor 558, Actor 557",United States,2016-10-01,2013,TV-PG,88 min,"Comedies, Crime TV Shows",A gripping story that unfolds over time.,2016,October,88.0,,Comedies
s123,Movie,Broken Shadows,Director 161,"Actor 639, Actor 420",South Korea,2023-08-18,2020,TV-14,87 min,Comedies,A gripping story that unfolds over time.,2023,August,87.0,,Comedies
s124,Movie,Lost Chronicles,Not Given,"Actor 454, Actor 667",Mexico,2020-04-21,2017,R,108 min,"Anime Series, Dramas",A gripping story that unfolds over time.,2020,April,108.0,,Anime Series
s125,TV Show,Rising Journey,Director 429,"Actor 375, Actor 73",Australia,2005-08-21,2002,TV-14,6 Seasons,Action & Adventure,A gripping story that unfolds over time.,2005,August,,6.0,Action & Adventure
s126,TV Show,Endless Signal,Not Given,"Actor 833, Actor 193",India,2019-02-15,2016,R,5 Seasons,International Movies,A gripping story that unfolds over time.,2019,February,,5.0,International Movies
s127,Movie,Broken Kingdom,Not Given,"Actor 344, Actor 443",Japan,2003-02-03,2000,PG-13,119 min,Horror Movies,A gripping story that unfolds over time.,2003,February,119.0,,Horror Movies
s128,TV Show,Dark City,Director 285,"Actor 77, Actor 59",Mexico,2013-06-15,2011,R,4 Seasons,Anime Series,A gripping story that unfolds over time.,2013,June,,4.0,Anime Series
s129,Movie,Final Kingdom,Director 21,"Actor 300, Actor 139",Canada,2004-06-07,2001,PG,154 min,Crime TV Shows,A gripping story that unfolds over time.,2004,June,154.0,,Crime TV Shows
s130,Movie,Golden Storm,Not Given,"Actor 657, Actor 613",Turkey,2007-08-04,2005,TV-G,154 min,Horror Movies,A gripping story that unfolds over time.,2007,August,154.0,,Horror Movies
s131,TV Show,Silent Horizon,Director 352,"Actor 582, Actor 695",France,2006-05-26,2004,R,2 Seasons,"Documentaries, Kids' TV",A gripping story that unfolds over time.,2006,May,,2.0,Documentaries
s132,Movie,Broken Storm,Director 328,"Actor 116, Actor 941",United Kingdom,2016-08-17,2015,TV-G,104 min,Romantic Movies,A gripping story that unfolds over time.,2016,August,104.0,,Romantic Movies
s133,Movie,Rising Shadows,Director 286,"Actor 57, Actor 734",United States,2012-03-15,2009,TV-G,110 min,Anime Series,A gripping story that unfolds over time.,2012,March,110.0,,Anime Series
s134,TV Show,Last Legacy,Not Given,"Actor 265, Actor 802",United States,2007-01-14,2006,TV-Y7,3 Seasons,"Comedies, Stand-Up Comedy",A gripping story that unfolds over time.,2007,January,,3.0,Comedies
s135,Movie,Hidden Shadows,Director 415,"Actor 508, Actor 290",United States,2021-06-07,2019,PG-13,159 min,"Thrillers, Kids' TV",A gripping story that unfolds over time.,2021,June,159.0,,Thrillers
s136,Movie,Lost Kingdom,Director 74,"Actor 10, Actor 484",Mexico,2012-07-08,2009,TV-Y7,124 min,Comedies,A gripping story that unfolds over time.,2012,July,124.0,,Comedies
s137,Movie,Forgotten Chronicles,Director 479,"Actor 241, Actor 861",South Korea,2019-02-26,2018,TV-MA,145 min,"Documentaries, Dramas",A gripping story that unfolds over time.,2019,February,145.0,,Documentaries
s138,TV Show,Silent Horizon,Director 179,"Actor 421, Actor 401",France,2016-07-26,2016,TV-G,1 Seasons,"Reality TV, Stand-Up Comedy",A gripping story that unfolds over time.,2016,July,,1.0,Reality TV
s139,Movie,Secret Journey,Director 293,"Actor 810, Actor 913",Australia,2019-11-05,2016,TV-PG,153 min,Comedies,A gripping story that unfolds over time.,2019,November,153.0,,Comedies
s140,Movie,Secret Chronicles,Director 470,"Actor 993, Actor 100",United Kingdom,2014-09-13,2011,TV-PG,107 min,"Dramas, Crime TV Shows",A gripping story that unfolds over time.,2014,September,107.0,,Dramas
s141,TV Show,Wild Chronicles,Director 44,"Actor 815, Actor 53",Nigeria,2001-08-10,2001,PG,1 Seasons,"Sci-Fi & Fantasy, Thrillers",A gripping story that unfolds over time.,2001,August,,1.0,Sci-Fi & Fantasy
s142,Movie,Final Signal,Director 119,"Actor 156, Actor 784",United States,2014-02-15,2011,PG,159 min,"Thrillers, Comedies",A gripping story that unfolds over time.,2014,February,159.0,,Thrillers
s143,Movie,Broken Chronicles,Director 373,"Actor 484, Actor 973",France,2007-11-07,2004,TV-G,81 min,"Action & Adventure, Reality TV",A gripping story that unfolds over time.,2007,November,81.0,,Action & Adventure
s144,TV Show,Wild Signal,Director 104,"Actor 393, Actor 631",Australia,2021-11-05,2018,TV-14,7 Seasons,Anime Series,A gripping story that unfolds over time.,2021,November,,7.0,Anime Series
s145,Movie,Endless Empire,Not Given,"Actor 971, Actor 491",Germany,2020-12-01,2018,TV-Y7,137 min,Romantic Movies,A gripping story that unfolds over time.,2020,December,137.0,,Romantic Movies
s146,Movie,Hidden City,Not Given,"Actor 573, Actor 122",United Kingdom,2026-06-21,2024,TV-14,96 min,Stand-Up Comedy,A gripping story that unfolds over time.,2026,June,96.0,,Stand-Up Comedy
s147,TV Show,Rising City,Director 48,"Actor 696, Actor 832",Spain,2018-06-27,2017,R,1 Seasons,"Sci-Fi & Fantasy, Kids' TV",A gripping story that unfolds over time.,2018,June,,1.0,Sci-Fi & Fantasy
s148,TV Show,Last Heist,Director 247,"Actor 520, Actor 141",United Kingdom,2018-05-10,2016,TV-G,3 Seasons,Stand-Up Comedy,A gripping story that unfolds over time.,2018,May,,3.0,Stand-Up Comedy
s149,Movie,Forgotten Journey,Director 322,"Actor 567, Actor 456",United Kingdom,2021-01-16,2019,TV-14,157 min,Documentaries,A gripping story that unfolds over time.,2021,January,157.0,,Documentaries
s150,Movie,Broken Legacy,Not Given,"Actor 359, Actor 603",Mexico,2012-03-26,2012,TV-PG,163 min,Reality TV,A gripping story that unfolds over time.,2012,March,163.0,,Reality TV
s151,Movie,Golden Dreams,Not Given,"Actor 749, Actor 937",France,2024-04-04,2021,TV-MA,134 min,"Children & Family Movies, Romantic Movies",A gripping story that unfolds over time.,2024,April,134.0,,Children & Family Movies
s152,Movie,Hidden Legacy,Not Given,"Actor 147, Actor 112",Canada,2015-05-07,2013,TV-G,162 min,"Dramas, Children & Family Movies",A gripping story that unfolds over time.,2015,May,162.0,,Dramas
s153,Movie,Last Storm,Not Given,"Actor 877, Actor 581",United States,2020-04-21,2018,TV-G,122 min,Thrillers,A gripping story that unfolds over time.,2020,April,122.0,,Thrillers
s154,TV Show,Rising Signal,Director 169,"Actor 965, Actor 909",Canada,2000-12-23,2000,TV-Y7,6 Seasons,Dramas,A gripping story that unfolds over time.,2000,December,,6.0,Dramas
s155,Movie,Forgotten Storm,Director 443,"Actor 162, Actor 767",United States,2023-09-09,2023,TV-14,100 min,Documentaries,A gripping story that unfolds over time.,2023,September,100.0,,Documentaries
s156,Movie,Endless Shadows,Not Given,"Actor 198, Actor 1",India,2018-09-15,2017,TV-G,84 min,"Comedies, Reality TV",A gripping story that unfolds over time.,2018,September,84.0,,Comedies
s157,TV Show,Dark Kingdom,Not Given,"Actor 544, Actor 864",United States,2021-09-04,2020,TV-14,1 Seasons,Comedies,A gripping story that unfolds over time.,2021,September,,1.0,Comedies
s158,Movie,Last Journey,Director 13,"Actor 240, Actor 832",United States,2003-03-03,2000,TV-G,96 min,"Reality TV, International Movies",A gripping story that unfolds over time.,2003,March,96.0,,Reality TV
s159,TV Show,Silent Shadows,Not Given,"Actor 113, Actor 12",Germany,2009-10-21,2007,TV-G,4 Seasons,Sci-Fi & Fantasy,A gripping story that unfolds over time.,2009,October,,4.0,Sci-Fi & Fantasy
s160,Movie,Dark Legacy,Director 391,"Actor 591, Actor 215",India,2010-06-14,2010,PG-13,102 min,Thrillers,A gripping story that unfolds over time.,2010,June,102.0,,Thrillers
s161,TV Show,Golden Shadows,Not Given,"Actor 689, Actor 204",Turkey,2021-08-07,2021,TV-MA,2 Seasons,"Documentaries, Anime Series",A gripping story that unfolds over time.,2021,August,,2.0,Documentaries
s162,Movie,Broken Signal,Not Given,"Actor 834, Actor 414",United States,2006-03-21,2006,R,88 min,"Horror Movies, Comedies",A gripping story that unfolds over time.,2006,March,88.0,,Horror Movies
s163,Movie,Forgotten City,Not Given,"Actor 248, Actor 790",South Korea,2026-11-04,2025,TV-G,120 min,Stand-Up Comedy,A gripping story that unfolds over time.,2026,November,120.0,,Stand-Up Comedy
s164,TV Show,Lost Kingdom,Director 419,"Actor 756, Actor 507",United States,2022-01-21,2019,TV-PG,2 Seasons,"Romantic Movies, Kids' TV",A gripping story that unfolds over time.,2022,January,,2.0,Romantic Movies
s165,TV Show,Golden Storm,Not Given,"Actor 575, Actor 737",United Kingdom,2014-04-25,2012,R,7 Seasons,Thrillers,A gripping story that unfolds over time.,2014,April,,7.0,Thrillers
s166,Movie,Wild Empire,Director 321,"Actor 888, Actor 603",India,2003-08-14,2002,TV-PG,115 min,"Horror Movies, Anime Series",A gripping story that unfolds over time.,2003,August,115.0,,Horror Movies
s167,Movie,Forgotten Heist,Director 420,"Actor 626, Actor 252",United States,2021-09-11,2021,PG,129 min,Crime TV Shows,A gripping story that unfolds over time.,2021,September,129.0,,Crime TV Shows
s168,TV Show,Secret Kingdom,Not Given,"Actor 645, Actor 714",Germany,2003-06-21,2002,PG-13,6 Seasons,"Crime TV Shows, International Movies",A gripping story that unfolds over time.,2003,June,,6.0,Crime TV Shows
s169,TV Show,Dark Storm,Director 177,"Actor 362, Actor 314",United Kingdom,2021-04-07,2019,R,8 Seasons,"Children & Family Movies, Documentaries",A gripping story that unfolds over time.,2021,April,,8.0,Children & Family Movies
s170,Movie,Wild Journey,Director 372,"Actor 495, Actor 624",United States,2009-09-23,2009,PG-13,156 min,Anime Series,A gripping story that unfolds over time.,2009,September,156.0,,Anime Series
s171,Movie,Final Signal,Not Given,"Actor 559, Actor 758",Canada,2020-02-19,2020,PG,80 min,"International Movies, Crime TV Shows",A gripping story that unfolds over time.,2020,February,80.0,,International Movies
s172,Movie,Wild City,Not Given,"Actor 239, Actor 205",Turkey,2023-08-16,2020,TV-14,70 min,Kids' TV,A gripping story that unfolds over time.,2023,August,70.0,,Kids' TV
s173,Movie,Last Heist,Director 207,"Actor 541, Actor 629",United States,2003-07-11,2003,TV-PG,94 min,"Horror Movies, Romantic Movies",A gripping story that unfolds over time.,2003,July,94.0,,Horror Movies
s174,TV Show,Silent Horizon,Director 139,"Actor 693, Actor 942",Spain,2007-06-25,2007,PG-13,2 Season,"Sci-Fi & Fantasy, International Movies",A gripping story that unfolds over time.,2007,June,,2.0,Sci-Fi & Fantasy
s175,TV Show,Broken Heist,Not Given,"Actor 694, Actor 206",United States,2026-02-08,2023,TV-PG,2 Seasons,"Documentaries, Thrillers",A gripping story that unfolds over time.,2026,February,,2.0,Documentaries
s176,Movie,Secret Legacy,Director 357,"Actor 368, Actor 429",Spain,2013-12-07,2011,TV-MA,77 min,"Children & Family Movies, International Movies",A gripping story that unfolds over time.,2013,December,77.0,,Children & Family Movies
s177,Movie,Final Journey,Not Given,"Actor 682, Actor 445",United States,2022-05-13,2020,PG,155 min,"Stand-Up Comedy, Crime TV Shows",A gripping story that unfolds over time.,2022,May,155.0,,Stand-Up Comedy
s178,TV Show,Last City,Director 222,"Actor 61, Actor 129",United States,2014-11-13,2011,TV-PG,1 Seasons,Reality TV,A gripping story that unfolds over time.,2014,November,,1.0,Reality TV
s179,TV Show,Endless Kingdom,Not Given,"Actor 405, Actor 608",France,2014-11-03,2013,PG,5 Seasons,"Documentaries, Horror Movies",A gripping story that unfolds over time.,2014,November,,5.0,Documentaries
s180,TV Show,Lost City,Director 445,"Actor 799, Actor 91",Germany,2018-02-10,2017,R,8 Seasons,Horror Movies,A gripping story that unfolds over time.,2018,February,,8.0,Horror Movies
s181,Movie,Forgotten Dreams,Director 341,"Actor 125, Actor 138",Italy,2015-01-19,2013,TV-PG,168 min,Crime TV Shows,A gripping story that unfolds over time.,2015,January,168.0,,Crime TV Shows
s182,Movie,Golden Horizon,Director 246,"Actor 113, Actor 170",United Kingdom,2026-03-20,2025,R,90 min,"Crime TV Shows, International Movies",A gripping story that unfolds over time.,2026,March,90.0,,Crime TV Shows
s183,TV Show,Lost Horizon,Director 143,"Actor 616, Actor 972",Australia,2017-11-22,2014,TV-Y7,1 Seasons,Action & Adventure,A gripping story that unfolds over time.,2017,November,,1.0,Action & Adventure
s184,Movie,Wild Shadows,Not Given,"Actor 804, Actor 438",United States,2018-02-26,2018,TV-MA,106 min,"Sci-Fi & Fantasy, Stand-Up Comedy",A gripping story that unfolds over time.,2018,February,106.0,,Sci-Fi & Fantasy
s185,TV Show,Secret Horizon,Director 239,"Actor 223, Actor 631",South Korea,2005-06-25,2003,PG-13,3 Seasons,Kids' TV,A gripping story that unfolds over time.,2005,June,,3.0,Kids' TV
s186,Movie,Hidden City,Not Given,"Actor 783, Actor 485",India,2023-04-20,2022,TV-14,157 min,Stand-Up Comedy,A gripping story that unfolds over time.,2023,April,157.0,,Stand-Up Comedy
s187,TV Show,Lost Legacy,Not Given,"Actor 856, Actor 895",United Kingdom,2023-08-24,2020,TV-G,7 Seasons,"Documentaries, Comedies",A gripping story that unfolds over time.,2023,August,,7.0,Documentaries
s188,Movie,Final Chronicles,Not Given,"Actor 226, Actor 777",France,2016-11-22,2014,TV-14,124 min,"Comedies, Thrillers",A gripping story that unfolds over time.,2016,November,124.0,,Comedies
s189,TV Show,Rising Signal,Director 227,"Actor 48, Actor 18",Germany,2018-12-16,2016,R,6 Seasons,Children & Family Movies,A gripping story that unfolds over time.,2018,December,,6.0,Children & Family Movies
s190,Movie,Lost Empire,Not Given,"Actor 412, Actor 643",United States,2013-08-13,2013,PG-13,161 min,Kids' TV,A gripping story that unfolds over time.,2013,August,161.0,,Kids' TV
s191,Movie,Secret Journey,Director 388,"Actor 525, Actor 557",Italy,2026-06-10,2023,TV-Y7,153 min,"Action & Adventure, Romantic Movies",A gripping story that unfolds over time.,2026,June,153.0,,Action & Adventure
s192,TV Show,Wild Storm,Director 272,"Actor 887, Actor 2",United States,2017-01-22,2017,R,5 Season,Action & Adventure,A gripping story that unfolds over time.,2017,January,,5.0,Action & Adventure
s193,Movie,Golden Storm,Director 308,"Actor 649, Actor 694",India,2019-02-15,2017,PG,121 min,"Stand-Up Comedy, Crime TV Shows",A gripping story that unfolds over time.,2019,February,121.0,,Stand-Up Comedy
s194,Movie,Last Kingdom,Director 341,"Actor 424, Actor 407",India,2001-09-24,2000,TV-14,101 min,"Thrillers, Anime Series",A gripping story that unfolds over time.,2001,September,101.0,,Thrillers
s195,Movie,Silent Empire,Director 293,"Actor 371, Actor 244",Canada,2002-03-04,2002,TV-14,97 min,Horror Movies,A gripping story that unfolds over time.,2002,March,97.0,,Horror Movies
s196,Movie,Endless Kingdom,Not Given,"Actor 720, Actor 370",United Kingdom,2026-10-04,2024,R,132 min,"International Movies, Anime Series",A gripping story that unfolds over time.,2026,October,132.0,,International Movies
s197,Movie,Silent Empire,Director 464,"Actor 113, Actor 271",France,2007-08-03,2005,TV-PG,74 min,"Crime TV Shows, International Movies",A gripping story that unfolds over time.,2007,August,74.0,,Crime TV Shows
s198,Movie,Broken Kingdom,Director 481,"Actor 884, Actor 294",Brazil,2019-02-15,2018,PG-13,155 min,"Stand-Up Comedy, International Movies",A gripping story that unfolds over time.,2019,February,155.0,,Stand-Up Comedy
s199,TV Show,Dark Horizon,Director 497,"Actor 712, Actor 503",United States,2006-09-11,2004,TV-14,8 Seasons,Anime Series,A gripping story that unfolds over time.,2006,September,,8.0,Anime Series
s200,TV Show,Wild Heist,Director 438,"Actor 732, Actor 890",United Kingdom,2003-05-09,2003,TV-G,8 Seasons,"Sci-Fi & Fantasy, Crime TV Shows",A gripping story that unfolds over time.,2003,May,,8.0,Sci-Fi & Fantasy
s201,Movie,Final Journey,Not Given,"Actor 611, Actor 208",United States,2024-02-08,2021,TV-MA,148 min,"Sci-Fi & Fantasy, Action & Adventure",A gripping story that unfolds over time.,2024,February,148.0,,Sci-Fi & Fantasy
s202,Movie,Silent Signal,Director 305,"Actor 407, Actor 217",United States,2002-10-02,2001,PG-13,75 min,"Action & Adventure, Comedies",A gripping story that unfolds over time.,2002,October,75.0,,Action & Adventure
s203,Movie,Silent Legacy,Director 432,"Actor 44, Actor 872",United States,2017-06-24,2014,TV-PG,169 min,"Stand-Up Comedy, International Movies",A gripping story that unfolds over time.,2017,June,169.0,,Stand-Up Comedy
s204,Movie,Wild Shadows,Not Given,"Actor 792, Actor 783",United States,2013-02-11,2011,TV-PG,100 min,"Kids' TV, Horror Movies",A gripping story that unfolds over time.,2013,February,100.0,,Kids' TV
s205,Movie,Hidden Heist,Director 390,"Actor 952, Actor 634",United States,2010-08-14,2009,TV-Y7,114 min,"Action & Adventure, Stand-Up Comedy",A gripping story that unfolds over time.,2010,August,114.0,,Action & Adventure
s206,Movie,Broken Legacy,Not Given,"Actor 416, Actor 726",Australia,2022-10-24,2021,TV-MA,150 min,"Reality TV, Dramas",A gripping story that unfolds over time.,2022,October,150.0,,Reality TV
s207,TV Show,Silent Journey,Director 281,"Actor 924, Actor 994",Germany,2026-06-13,2024,TV-G,7 Seasons,Action & Adventure,A gripping story that unfolds over time.,2026,June,,7.0,Action & Adventure
s208,Movie,Wild Storm,Not Given,"Actor 258, Actor 844",United States,2014-10-25,2013,TV-G,150 min,"International Movies, Romantic Movies",A gripping story that unfolds over time.,2014,October,150.0,,International Movies
s209,Movie,Endless Storm,Director 63,"Actor 892, Actor 12",United States,2003-01-13,2001,TV-Y7,132 min,Sci-Fi & Fantasy,A gripping story that unfolds over time.,2003,January,132.0,,Sci-Fi & Fantasy
s210,TV Show,Wild Horizon,Director 275,"Actor 461, Actor 618",United States,2021-01-21,2021,TV-Y7,7 Seasons,Horror Movies,A gripping story that unfolds over time.,2021,January,,7.0,Horror Movies
s211,TV Show,Lost Legacy,Director 329,"Actor 743, Actor 915",Spain,2023-04-06,2020,R,6 Seasons,Horror Movies,A gripping story that unfolds over time.,2023,April,,6.0,Horror Movies
s212,Movie,Secret Dreams,Not Given,"Actor 490, Actor 478",South Korea,2018-04-03,2018,TV-Y7,164 min,"Documentaries, Horror Movies",A gripping story that unfolds over time.,2018,April,164.0,,Documentaries
s213,Movie,Broken Storm,Director 95,"Actor 721, Actor 225",Spain,2025-05-11,2023,TV-Y7,95 min,Anime Series,A gripping story that unfolds over time.,2025,May,95.0,,Anime Series
s214,TV Show,Forgotten Kingdom,Director 316,"Actor 694, Actor 30",Spain,2012-05-20,2009,TV-MA,6 Seasons,"Dramas, Horror Movies",A gripping story that unfolds over time.,2012,May,,6.0,Dramas
s215,Movie,Forgotten Chronicles,Not Given,"Actor 601, Actor 322",South Korea,2021-10-12,2021,TV-14,149 min,"Documentaries, Thrillers",A gripping story that unfolds over time.,2021,October,149.0,,Documentaries
s216,Movie,Hidden Signal,Director 280,"Actor 917, Actor 906",United States,2013-10-14,2013,R,97 min,"Horror Movies, International Movies",A gripping story that unfolds over time.,2013,October,97.0,,Horror Movies
s217,Movie,Silent Storm,Not Given,"Actor 699, Actor 965",Mexico,2018-02-04,2017,PG-13,165 min,"Crime TV Shows, Documentaries",A gripping story that unfolds over time.,2018,February,165.0,,Crime TV Shows
s218,Movie,Dark Empire,Director 245,"Actor 287, Actor 355",South Korea,2006-06-17,2004,TV-Y7,147 min,Romantic Movies,A gripping story that unfolds over time.,2006,June,147.0,,Romantic Movies
s219,Movie,Endless Storm,Not Given,"Actor 608, Actor 587",Australia,2005-07-07,2004,R,70 min,Romantic Movies,A gripping story that unfolds over time.,2005,July,70.0,,Romantic Movies
s220,TV Show,Silent Kingdom,Director 364,"Actor 204, Actor 212",Brazil,2013-06-13,2013,TV-PG,3 Seasons,Reality TV,A gripping story that unfolds over time.,2013,June,,3.0,Reality TV
s221,Movie,Silent Dreams,Not Given,"Actor 137, Actor 20",Turkey,2023-06-24,2021,TV-PG,92 min,Dramas,A gripping story that unfolds over time.,2023,June,92.0,,Dramas
s222,Movie,Endless Empire,Director 376,"Actor 263, Actor 267",United States,2006-07-07,2003,R,128 min,"Thrillers, Sci-Fi & Fantasy",A gripping story that unfolds over time.,2006,July,128.0,,Thrillers
s223,Movie,Forgotten Kingdom,Director 348,"Actor 438, Actor 215",Canada,2007-06-13,2006,PG,76 min,Kids' TV,A gripping story that unfolds over time.,2007,June,76.0,,Kids' TV
s224,Movie,Endless Chronicles,Director 47,"Actor 181, Actor 576",India,2018-09-22,2016,PG,120 min,"Comedies, Horror Movies",A gripping story that unfolds over time.,2018,September,120.0,,Comedies
s225,Movie,Rising Journey,Not Given,"Actor 644, Actor 427",Nigeria,2004-09-22,2002,TV-14,129 min,"Children & Family Movies, Romantic Movies",A gripping story that unfolds over time.,2004,September,129.0,,Children & Family Movies
s226,Movie,Silent Heist,Director 17,"Actor 551, Actor 304",Brazil,2016-02-14,2015,TV-Y7,128 min,Children & Family Movies,A gripping story that unfolds over time.,2016,February,128.0,,Children & Family Movies
s227,TV Show,Lost City,Director 101,"Actor 914, Actor 607",United Kingdom,2019-06-05,2016,TV-G,4 Seasons,"Reality TV, Horror Movies",A gripping story that unfolds over time.,2019,June,,4.0,Reality TV
s228,Movie,Rising City,Not Given,"Actor 722, Actor 748",Germany,2024-05-06,2023,TV-PG,87 min,"Crime TV Shows, Reality TV",A gripping story that unfolds over time.,2024,May,87.0,,Crime TV Shows
s229,Movie,Golden Storm,Director 412,"Actor 224, Actor 220",United Kingdom,2015-10-19,2013,TV-Y7,85 min,International Movies,A gripping story that unfolds over time.,2015,October,85.0,,International Movies
s230,Movie,Silent City,Director 349,"Actor 147, Actor 67",United States,2016-06-08,2016,TV-Y7,81 min,Action & Adventure,A gripping story that unfolds over time.,2016,June,81.0,,Action & Adventure
s231,Movie,Last Journey,Director 208,"Actor 622, Actor 712",United States,2008-04-24,2006,TV-MA,113 min,Action & Adventure,A gripping story that unfolds over time.,2008,April,113.0,,Action & Adventure
s232,Movie,Hidden Heist,Director 179,"Actor 56, Actor 155",Germany,2024-01-15,2024,TV-Y7,129 min,"Kids' TV, Reality TV",A gripping story that unfolds over time.,2024,January,129.0,,Kids' TV
s233,Movie,Hidden Shadows,Not Given,"Actor 175, Actor 831",United States,2021-01-12,2018,TV-Y7,143 min,Action & Adventure,A gripping story that unfolds over time.,2021,January,143.0,,Action & Adventure
s234,Movie,Rising Signal,Director 379,"Actor 692, Actor 253",Germany,2008-07-17,2008,TV-MA,128 min,Reality TV,A gripping story that unfolds over time.,2008,July,128.0,,Reality TV
s235,TV Show,Golden Dreams,Director 134,"Actor 663, Actor 627",United Kingdom,2025-03-23,2023,TV-MA,8 Seasons,"Dramas, Comedies",A gripping story that unfolds over time.,2025,March,,8.0,Dramas
s236,Movie,Broken Heist,Director 109,"Actor 825, Actor 799",India,2013-11-21,2012,TV-PG,75 min,Sci-Fi & Fantasy,A gripping story that unfolds over time.,2013,November,75.0,,Sci-Fi & Fantasy
s237,TV Show,Lost Heist,Not Given,"Actor 885, Actor 355",United States,2017-01-01,2017,TV-G,6 Seasons,Stand-Up Comedy,A gripping story that unfolds over time.,2017,January,,6.0,Stand-Up Comedy
s238,Movie,Lost Horizon,Director 481,"Actor 930, Actor 848",India,2017-04-12,2017,TV-MA,142 min,Thrillers,A gripping story that unfolds over time.,2017,April,142.0,,Thrillers
s239,TV Show,Broken Empire,Not Given,"Actor 209, Actor 272",France,2011-06-15,2011,TV-MA,1 Seasons,"Romantic Movies, Children & Family Movies",A gripping story that unfolds over time.,2011,June,,1.0,Romantic Movies
s240,Movie,Silent Journey,Not Given,"Actor 653, Actor 268",France,2025-05-05,2023,PG-13,111 min,"Anime Series, Thrillers",A gripping story that unfolds over time.,2025,May,111.0,,Anime Series
s241,Movie,Secret Shadows,Not Given,"Actor 493, Actor 130",United States,2023-07-25,2020,R,89 min,"Horror Movies, Action & Adventure",A gripping story that unfolds over time.,2023,July,89.0,,Horror Movies
s242,TV Show,Endless Chronicles,Director 35,"Actor 183, Actor 270",Canada,2017-07-17,2016,TV-MA,4 Seasons,"Dramas, Romantic Movies",A gripping story that unfolds over time.,2017,July,,4.0,Dramas
s243,Movie,Final Shadows,Director 402,"Actor 215, Actor 134",Germany,2019-03-25,2018,TV-MA,105 min,"Thrillers, Horror Movies",A gripping story that unfolds over time.,2019,March,105.0,,Thrillers
s244,Movie,Lost Heist,Director 157,"Actor 191, Actor 200",United States,2020-10-24,2018,TV-MA,140 min,"Dramas, Sci-Fi & Fantasy",A gripping story that unfolds over time.,2020,October,140.0,,Dramas
s245,Movie,Broken Journey,Director 432,"Actor 389, Actor 560",United States,2019-06-03,2017,TV-Y7,128 min,Crime TV Shows,A gripping story that unfolds over time.,2019,June,128.0,,Crime TV Shows
s246,TV Show,Endless Legacy,Not Given,"Actor 79, Actor 236",United States,2006-01-14,2003,TV-MA,1 Seasons,"Romantic Movies, Crime TV Shows",A gripping story that unfolds over time.,2006,January,,1.0,Romantic Movies
s247,Movie,Broken Journey,Director 485,"Actor 784, Actor 306",Brazil,2016-07-26,2015,PG-13,130 min,Documentaries,A gripping story that unfolds over time.,2016,July,130.0,,Documentaries
s248,Movie,Secret Journey,Not Given,"Actor 875, Actor 612",United States,2007-10-22,2004,TV-MA,111 min,"Crime TV Shows, Reality TV",A gripping story that unfolds over time.,2007,October,111.0,,Crime TV Shows
s249,TV Show,Last Signal,Not Given,"Actor 582, Actor 318",Spain,2022-06-16,2020,TV-Y7,2 Season,Kids' TV,A gripping story that unfolds over time.,2022,June,,2.0,Kids' TV
s250,Movie,Final Legacy,Director 106,"Actor 775, Actor 296",Japan,2023-08-06,2020,TV-Y7,136 min,"Horror Movies, Kids' TV",A gripping story that unfolds over time.,2023,August,136.0,,Horror Movies
s251,Movie,Endless Kingdom,Not Given,"Actor 384, Actor 431",Brazil,2016-01-07,2015,TV-MA,123 min,Dramas,A gripping story that unfolds over time.,2016,January,123.0,,Dramas
s252,Movie,Lost Storm,Director 278,"Actor 963, Actor 568",India,2018-12-23,2016,TV-Y7,158 min,"Anime Series, Romantic Movies",A gripping story that unfolds over time.,2018,December,158.0,,Anime Series
s253,Movie,Endless Dreams,Director 74,"Actor 704, Actor 171",United States,2004-02-17,2002,R,149 min,"Stand-Up Comedy, Comedies",A gripping story that unfolds over time.,2004,February,149.0,,Stand-Up Comedy
s254,TV Show,Secret Legacy,Director 198,"Actor 211, Actor 914",United States,2026-05-06,2023,TV-Y7,1 Seasons,Anime Series,A gripping story that unfolds over time.,2026,May,,1.0,Anime Series
s255,Movie,Dark Dreams,Director 413,"Actor 546, Actor 609",United States,2002-07-09,2001,TV-Y7,104 min,Romantic Movies,A gripping story that unfolds over time.,2002,July,104.0,,Romantic Movies
s256,Movie,Last Kingdom,Not Given,"Actor 682, Actor 819",Mexico,2021-02-12,2020,TV-PG,143 min,International Movies,A gripping story that unfolds over time.,2021,February,143.0,,International Movies
s257,Movie,Last Heist,Director 427,"Actor 117, Actor 166",South Korea,2021-11-09,2019,TV-MA,143 min,"Children & Family Movies, Romantic Movies",A gripping story that unfolds over time.,2021,November,143.0,,Children & Family Movies
s258,Movie,Final Heist,Director 413,"Actor 152, Actor 586",United States,2007-01-13,2004,PG-13,154 min,Thrillers,A gripping story that unfolds over time.,2007,January,154.0,,Thrillers
s259,TV Show,Forgotten Signal,Not Given,"Actor 538, Actor 729",France,2023-05-26,2020,TV-PG,5 Seasons,Kids' TV,A gripping story that unfolds over time.,2023,May,,5.0,Kids' TV
s260,Movie,Endless Legacy,Director 46,"Actor 302, Actor 868",United States,2026-05-16,2025,PG-13,169 min,Action & Adventure,A gripping story that unfolds over time.,2026,May,169.0,,Action & Adventure
s261,Movie,Last Dreams,Not Given,"Actor 436, Actor 68",United States,2020-01-26,2020,R,114 min,"Horror Movies, Stand-Up Comedy",A gripping story that unfolds over time.,2020,January,114.0,,Horror Movies
s262,TV Show,Dark Kingdom,Director 276,"Actor 699, Actor 558",Mexico,2013-01-03,2012,R,6 Seasons,"Children & Family Movies, Kids' TV",A gripping story that unfolds over time.,2013,January,,6.0,Children & Family Movies
s263,Movie,Silent City,Director 357,"Actor 816, Actor 647",India,2022-04-27,2019,TV-PG,153 min,Dramas,A gripping story that unfolds over time.,2022,April,153.0,,Dramas
s264,TV Show,Wild Horizon,Director 140,"Actor 806, Actor 364",Spain,2010-10-23,2008,TV-Y7,7 Seasons,Anime Series,A gripping story that unfolds over time.,2010,October,,7.0,Anime Series
s265,Movie,Silent Shadows,Director 262,"Actor 392, Actor 637",United States,2002-01-19,2001,TV-MA,81 min,"Stand-Up Comedy, Kids' TV",A gripping story that unfolds over time.,2002,January,81.0,,Stand-Up Comedy
s266,Movie,Lost Shadows,Director 306,"Actor 478, Actor 679",India,2003-09-20,2000,PG,154 min,"Documentaries, Children & Family Movies",A gripping story that unfolds over time.,2003,September,154.0,,Documentaries
s267,TV Show,Lost Journey,Director 443,"Actor 18, Actor 952",Spain,2014-10-25,2014,TV-Y7,1 Seasons,"International Movies, Action & Adventure",A gripping story that unfolds over time.,2014,October,,1.0,International Movies
s268,Movie,Last Journey,Not Given,"Actor 229, Actor 226",United States,2023-11-20,2022,TV-14,71 min,Romantic Movies,A gripping story that unfolds over time.,2023,November,71.0,,Romantic Movies
s269,Movie,Wild Empire,Director 210,"Actor 741, Actor 862",India,2017-02-19,2016,R,158 min,"Horror Movies, Kids' TV",A gripping story that unfolds over time.,2017,February,158.0,,Horror Movies
s270,Movie,Final Signal,Director 82,"Actor 589, Actor 485",United States,2011-01-22,2008,TV-PG,71 min,"Dramas, Action & Adventure",A gripping story that unfolds over time.,2011,January,71.0,,Dramas
s271,TV Show,Dark Empire,Director 240,"Actor 740, Actor 853",Brazil,2002-10-06,2000,TV-PG,4 Seasons,"Sci-Fi & Fantasy, Reality TV",A gripping story that unfolds over time.,2002,October,,4.0,Sci-Fi & Fantasy
s272,Movie,Final Chronicles,Director 256,"Actor 353, Actor 732",Turkey,2008-05-09,2007,R,113 min,Comedies,A gripping story that unfolds over time.,2008,May,113.0,,Comedies
s273,Movie,Silent Dreams,Not Given,"Actor 399, Actor 773",Australia,2025-12-19,2024,TV-MA,112 min,Documentaries,A gripping story that unfolds over time.,2025,December,112.0,,Documentaries
s274,Movie,Secret Storm,Director 349,"Actor 425, Actor 255",Mexico,2007-04-13,2006,TV-MA,167 min,"Crime TV Shows, Anime Series",A gripping story that unfolds over time.,2007,April,167.0,,Crime TV Shows
s275,Movie,Dark City,Not Given,"Actor 836, Actor 199",United States,2012-12-23,2009,TV-MA,73 min,"Action & Adventure, Horror Movies",A gripping story that unfolds over time.,2012,December,73.0,,Action & Adventure
s276,Movie,Lost Shadows,Director 312,"Actor 708, Actor 863",United States,2021-08-12,2019,R,118 min,International Movies,A gripping story that unfolds over time.,2021,August,118.0,,International Movies
s277,Movie,Rising Storm,Director 34,"Actor 706, Actor 325",United States,2022-04-23,2022,PG-13,113 min,"Horror Movies, Reality TV",A gripping story that unfolds over time.,2022,April,113.0,,Horror Movies
s278,TV Show,Secret Kingdom,Not Given,"Actor 820, Actor 445",Mexico,2014-07-08,2014,TV-MA,5 Seasons,"Thrillers, Reality TV",A gripping story that unfolds over time.,2014,July,,5.0,Thrillers
s279,Movie,Endless Storm,Not Given,"Actor 156, Actor 517",United States,2003-02-24,2000,PG,89 min,"Crime TV Shows, Horror Movies",A gripping story that unfolds over time.,2003,February,89.0,,Crime TV Shows
s280,Movie,Golden Empire,Director 371,"Actor 373, Actor 973",India,2009-03-17,2009,TV-G,124 min,Action & Adventure,A gripping story that unfolds over time.,2009,March,124.0,,Action & Adventure
s281,TV Show,Dark Shadows,Not Given,"Actor 551, Actor 548",Nigeria,2001-03-08,2000,TV-PG,5 Seasons,Sci-Fi & Fantasy,A gripping story that unfolds over time.,2001,March,,5.0,Sci-Fi & Fantasy
s282,Movie,Dark Kingdom,Not Given,"Actor 265, Actor 271",Australia,2025-12-24,2025,TV-Y7,70 min,Thrillers,A gripping story that unfolds over time.,2025,December,70.0,,Thrillers
s283,Movie,Last Shadows,Director 254,"Actor 162, Actor 839",India,2017-03-04,2015,TV-G,113 min,"Stand-Up Comedy, Anime Series",A gripping story that unfolds over time.,2017,March,113.0,,Stand-Up Comedy
s284,Movie,Lost Storm,Not Given,"Actor 311, Actor 68",Brazil,2015-09-15,2013,R,117 min,"Horror Movies, Kids' TV",A gripping story that unfolds over time.,2015,September,117.0,,Horror Movies
s285,Movie,Dark Chronicles,Director 487,"Actor 119, Actor 674",Nigeria,2010-12-06,2010,TV-PG,164 min,"Documentaries, International Movies",A gripping story that unfolds over time.,2010,December,164.0,,Documentaries
s286,Movie,Last Storm,Director 138,"Actor 231, Actor 600",Australia,2026-02-17,2025,TV-G,82 min,"Reality TV, Thrillers",A gripping story that unfolds over time.,2026,February,82.0,,Reality TV
s287,Movie,Endless Signal,Not Given,"Actor 814, Actor 846",United States,2023-10-13,2020,TV-G,158 min,Crime TV Shows,A gripping story that unfolds over time.,2023,October,158.0,,Crime TV Shows
s288,Movie,Endless Journey,Director 297,"Actor 825, Actor 693",United States,2022-01-13,2019,TV-Y7,153 min,Dramas,A gripping story that unfolds over time.,2022,January,153.0,,Dramas
s289,Movie,Forgotten Storm,Not Given,"Actor 416, Actor 532",Spain,2024-09-25,2024,PG,135 min,"Dramas, Anime Series",A gripping story that unfolds over time.,2024,September,135.0,,Dramas
s290,Movie,Endless Journey,Not Given,"Actor 626, Actor 239",United States,2016-07-05,2013,R,118 min,Romantic Movies,A gripping story that unfolds over time.,2016,July,118.0,,Romantic Movies
s291,Movie,Wild Chronicles,Director 92,"Actor 181, Actor 743",United Kingdom,2018-05-13,2018,TV-PG,149 min,Horror Movies,A gripping story that unfolds over time.,2018,May,149.0,,Horror Movies
s292,TV Show,Secret City,Director 382,"Actor 3, Actor 64",Japan,2019-10-20,2018,TV-PG,5 Seasons,"Anime Series, Dramas",A gripping story that unfolds over time.,2019,October,,5.0,Anime Series
s293,Movie,Forgotten City,Not Given,"Actor 898, Actor 210",United States,2026-11-12,2025,TV-PG,153 min,Crime TV Shows,A gripping story that unfolds over time.,2026,November,153.0,,Crime TV Shows
s294,Movie,Final Journey,Director 26,"Actor 584, Actor 261",United Kingdom,2022-02-15,2022,PG,159 min,"Kids' TV, Horror Movies",A gripping story that unfolds over time.,2022,February,159.0,,Kids' TV
s295,Movie,Secret Heist,Director 199,"Actor 832, Actor 486",Brazil,2001-03-21,2001,TV-G,141 min,Dramas,A gripping story that unfolds over time.,2001,March,141.0,,Dramas
s296,Movie,Dark Storm,Not Given,"Actor 614, Actor 412",United States,2017-08-16,2017,TV-G,110 min,"Documentaries, Anime Series",A gripping story that unfolds over time.,2017,August,110.0,,Documentaries
s297,Movie,Secret Heist,Director 73,"Actor 885, Actor 923",India,2022-09-01,2022,PG,127 min,Anime Series,A gripping story that unfolds over time.,2022,September,127.0,,Anime Series
s298,Movie,Broken Kingdom,Director 117,"Actor 628, Actor 749",India,2014-06-09,2014,TV-MA,134 min,"Dramas, Romantic Movies",A gripping story that unfolds over time.,2014,June,134.0,,Dramas
s299,Movie,Secret Shadows,Director 115,"Actor 580, Actor 299",United States,2021-08-05,2019,TV-MA,80 min,"Children & Family Movies, Comedies",A gripping story that unfolds over time.,2021,August,80.0,,Children & Family Movies
s300,Movie,Secret Storm,Director 117,"Actor 676, Actor 800",United States,2026-02-13,2025,R,101 min,"Children & Family Movies, Horror Movies",A gripping story that unfolds over time.,2026,February,101.0,,Children & Family Movies
s301,Movie,Broken Legacy,Director 434,"Actor 464, Actor 681",India,2009-06-18,2006,R,105 min,Thrillers,A gripping story that unfolds over time.,2009,June,105.0,,Thrillers
s302,Movie,Forgotten Kingdom,Director 495,"Actor 947, Actor 980",Japan,2021-12-02,2018,TV-14,168 min,Romantic Movies,A gripping story that unfolds over time.,2021,December,168.0,,Romantic Movies
s303,Movie,Final Chronicles,Director 146,"Actor 9, Actor 574",India,2021-02-25,2021,TV-MA,118 min,"Children & Family Movies, Crime TV Shows",A gripping story that unfolds over time.,2021,February,118.0,,Children & Family Movies
s304,Movie,Final City,Director 255,"Actor 532, Actor 570",South Korea,2005-06-16,2005,TV-14,114 min,Crime TV Shows,A gripping story that unfolds over time.,2005,June,114.0,,Crime TV Shows
s305,TV Show,Silent Shadows,Not Given,"Actor 253, Actor 798",Japan,2009-07-09,2006,TV-PG,4 Seasons,"Documentaries, Sci-Fi & Fantasy",A gripping story that unfolds over time.,2009,July,,4.0,Documentaries
s306,Movie,Hidden Shadows,Director 106,"Actor 812, Actor 330",India,2026-04-24,2025,PG,146 min,Kids' TV,A gripping story that unfolds over time.,2026,April,146.0,,Kids' TV
s307,Movie,Rising Kingdom,Not Given,"Actor 354, Actor 986",United States,2010-07-18,2010,TV-14,169 min,"Sci-Fi & Fantasy, Kids' TV",A gripping story that unfolds over time.,2010,July,169.0,,Sci-Fi & Fantasy
s308,Movie,Golden Heist,Not Given,"Actor 727, Actor 923",Brazil,2004-12-08,2003,TV-G,148 min,Crime TV Shows,A gripping story that unfolds over time.,2004,December,148.0,,Crime TV Shows
s309,Movie,Rising Journey,Director 22,"Actor 975, Actor 269",United States,2014-02-01,2012,TV-MA,138 min,Crime TV Shows,A gripping story that unfolds over time.,2014,February,138.0,,Crime TV Shows
s310,Movie,Hidden Heist,Director 273,"Actor 759, Actor 446",United States,2002-02-26,2001,TV-G,110 min,"Stand-Up Comedy, Documentaries",A gripping story that unfolds over time.,2002,February,110.0,,Stand-Up Comedy
s311,TV Show,Forgotten Chronicles,Director 226,"Actor 51, Actor 186",Canada,2011-10-02,2010,TV-14,7 Seasons,Action & Adventure,A gripping story that unfolds over time.,2011,October,,7.0,Action & Adventure
s312,Movie,Golden Kingdom,Director 210,"Actor 524, Actor 333",Brazil,2012-08-09,2011,R,160 min,Romantic Movies,A gripping story that unfolds over time.,2012,August,160.0,,Romantic Movies
s313,Movie,Lost Horizon,Not Given,"Actor 334, Actor 768",India,2010-08-25,2007,PG-13,95 min,"Sci-Fi & Fantasy, Action & Adventure",A gripping story that unfolds over time.,2010,August,95.0,,Sci-Fi & Fantasy
s314,Movie,Forgotten Empire,Director 450,"Actor 248, Actor 302",Mexico,2004-10-22,2003,R,72 min,"Comedies, Documentaries",A gripping story that unfolds over time.,2004,October,72.0,,Comedies
s315,TV Show,Silent Shadows,Director 180,"Actor 941, Actor 341",United States,2004-11-20,2004,PG-13,7 Seasons,Kids' TV,A gripping story that unfolds over time.,2004,November,,7.0,Kids' TV
s316,Movie,Silent Horizon,Not Given,"Actor 790, Actor 871",Canada,2003-09-13,2002,PG,145 min,"Comedies, Stand-Up Comedy",A gripping story that unfolds over time.,2003,September,145.0,,Comedies
s317,Movie,Final Storm,Director 254,"Actor 728, Actor 880",Nigeria,2006-05-15,2003,PG,158 min,Reality TV,A gripping story that unfolds over time.,2006,May,158.0,,Reality TV
s318,Movie,Dark Horizon,Director 245,"Actor 782, Actor 79",Japan,2005-02-17,2003,TV-14,159 min,Documentaries,A gripping story that unfolds over time.,2005,February,159.0,,Documentaries
s319,Movie,Last City,Not Given,"Actor 995, Actor 632",India,2008-09-05,2006,TV-PG,86 min,"Sci-Fi & Fantasy, Horror Movies",A gripping story that unfolds over time.,2008,September,86.0,,Sci-Fi & Fantasy
s320,Movie,Broken Kingdom,Director 283,"Actor 404, Actor 665",Germany,2017-10-02,2016,TV-MA,101 min,Horror Movies,A gripping story that unfolds over time.,2017,October,101.0,,Horror Movies
s321,Movie,Wild Dreams,Director 420,"Actor 768, Actor 442",United Kingdom,2019-03-16,2018,TV-MA,165 min,Anime Series,A gripping story that unfolds over time.,2019,March,165.0,,Anime Series
s322,Movie,Golden Signal,Director 287,"Actor 433, Actor 496",India,2018-09-07,2016,TV-PG,168 min,"Dramas, Thrillers",A gripping story that unfolds over time.,2018,September,168.0,,Dramas
s323,Movie,Rising Empire,Director 139,"Actor 229, Actor 274",India,2012-11-23,2009,TV-PG,135 min,Romantic Movies,A gripping story that unfolds over time.,2012,November,135.0,,Romantic Movies
s324,Movie,Silent City,Director 480,"Actor 818, Actor 151",Turkey,2001-03-13,2000,R,90 min,Horror Movies,A gripping story that unfolds over time.,2001,March,90.0,,Horror Movies
s325,TV Show,Silent Signal,Director 399,"Actor 407, Actor 925",United States,2005-09-17,2002,PG-13,4 Seasons,Thrillers,A gripping story that unfolds over time.,2005,September,,4.0,Thrillers
s326,Movie,Last Shadows,Not Given,"Actor 668, Actor 380",United States,2004-12-07,2003,R,113 min,"Dramas, Horror Movies",A gripping story that unfolds over time.,2004,December,113.0,,Dramas
s327,Movie,Golden Kingdom,Not Given,"Actor 103, Actor 63",United States,2025-10-15,2024,TV-14,118 min,Dramas,A gripping story that unfolds over time.,2025,October,118.0,,Dramas
s328,Movie,Final Dreams,Director 395,"Actor 872, Actor 835",United States,2023-08-23,2021,TV-PG,89 min,"Reality TV, Horror Movies",A gripping story that unfolds over time.,2023,August,89.0,,Reality TV
s329,TV Show,Forgotten Empire,Director 255,"Actor 284, Actor 213",Canada,2025-02-27,2024,R,2 Seasons,"Reality TV, Romantic Movies",A gripping story that unfolds over time.,2025,February,,2.0,Reality TV
s330,TV Show,Secret Shadows,Director 183,"Actor 712, Actor 869",Brazil,2007-03-22,2006,TV-14,5 Season,Dramas,A gripping story that unfolds over time.,2007,March,,5.0,Dramas
s331,Movie,Dark Horizon,Director 84,"Actor 754, Actor 281",Germany,2025-08-03,2022,TV-Y7,140 min,"Documentaries, Anime Series",A gripping story that unfolds over time.,2025,August,140.0,,Documentaries
s332,Movie,Rising Kingdom,Director 374,"Actor 976, Actor 733",United States,2005-02-09,2002,TV-Y7,102 min,Reality TV,A gripping story that unfolds over time.,2005,February,102.0,,Reality TV
s333,Movie,Silent Heist,Not Given,"Actor 177, Actor 217",United States,2006-05-11,2006,TV-14,81 min,International Movies,A gripping story that unfolds over time.,2006,May,81.0,,International Movies
s334,Movie,Wild Heist,Not Given,"Actor 192, Actor 103",United States,2008-10-12,2008,TV-MA,125 min,"Stand-Up Comedy, Comedies",A gripping story that unfolds over time.,2008,October,125.0,,Stand-Up Comedy
s335,Movie,Hidden Signal,Director 232,"Actor 463, Actor 545",United Kingdom,2006-10-20,2004,TV-PG,129 min,"International Movies, Crime TV Shows",A gripping story that unfolds over time.,2006,October,129.0,,International Movies
s336,TV Show,Dark Storm,Director 167,"Actor 549, Actor 119",France,2019-08-18,2017,TV-PG,6 Seasons,"Comedies, Stand-Up Comedy",A gripping story that unfolds over time.,2019,August,,6.0,Comedies
s337,Movie,Silent Empire,Director 349,"Actor 617, Actor 612",Japan,2021-11-26,2018,PG,77 min,Reality TV,A gripping story that unfolds over time.,2021,November,77.0,,Reality TV
s338,Movie,Endless Chronicles,Director 86,"Actor 415, Actor 394",United States,2008-01-24,2006,PG,165 min,Romantic Movies,A gripping story that unfolds over time.,2008,January,165.0,,Romantic Movies
s339,Movie,Endless Kingdom,Director 34,"Actor 242, Actor 967",Japan,2003-11-26,2002,TV-PG,100 min,Dramas,A gripping story that unfolds over time.,2003,November,100.0,,Dramas
s340,Movie,Broken Shadows,Director 318,"Actor 315, Actor 177",United States,2010-08-04,2009,R,114 min,Thrillers,A gripping story that unfolds over time.,2010,August,114.0,,Thrillers
s341,TV Show,Silent Horizon,Director 402,"Actor 692, Actor 944",Germany,2008-06-11,2006,TV-G,7 Seasons,Thrillers,A gripping story that unfolds over time.,2008,June,,7.0,Thrillers
s342,Movie,Last Storm,Not Given,"Actor 35, Actor 447",South Korea,2022-10-04,2019,TV-PG,93 min,Documentaries,A gripping story that unfolds over time.,2022,October,93.0,,Documentaries
s343,TV Show,Hidden Storm,Director 124,"Actor 531, Actor 967",South Korea,2026-03-06,2024,TV-MA,5 Seasons,International Movies,A gripping story that unfolds over time.,2026,March,,5.0,International Movies
s344,Movie,Golden Signal,Director 225,"Actor 127, Actor 193",Mexico,2023-11-19,2023,TV-Y7,99 min,Sci-Fi & Fantasy,A gripping story that unfolds over time.,2023,November,99.0,,Sci-Fi & Fantasy
s345,Movie,Last City,Director 389,"Actor 772, Actor 676",United States,2022-01-06,2020,TV-14,94 min,Anime Series,A gripping story that unfolds over time.,2022,January,94.0,,Anime Series
s346,TV Show,Silent Kingdom,Not Given,"Actor 978, Actor 662",United Kingdom,2016-07-14,2016,PG,2 Seasons,Comedies,A gripping story that unfolds over time.,2016,July,,2.0,Comedies
s347,Movie,Secret Shadows,Not Given,"Actor 454, Actor 356",United States,2019-10-24,2019,TV-14,143 min,Comedies,A gripping story that unfolds over time.,2019,October,143.0,,Comedies
s348,TV Show,Lost City,Director 36,"Actor 954, Actor 716",France,2008-10-06,2006,TV-MA,3 Seasons,Thrillers,A gripping story that unfolds over time.,2008,October,,3.0,Thrillers
s349,TV Show,Silent Heist,Not Given,"Actor 203, Actor 783",India,2018-07-13,2016,TV-PG,7 Seasons,"Children & Family Movies, Documentaries",A gripping story that unfolds over time.,2018,July,,7.0,Children & Family Movies
s350,TV Show,Final Journey,Director 467,"Actor 898, Actor 213",Brazil,2025-09-20,2023,TV-14,3 Season,Dramas,A gripping story that unfolds over time.,2025,September,,3.0,Dramas
s351,TV Show,Hidden City,Director 163,"Actor 811, Actor 541",Spain,2012-12-05,2009,TV-MA,6 Season,"Reality TV, Documentaries",A gripping story that unfolds over time.,2012,December,,6.0,Reality TV
s352,Movie,Endless Storm,Not Given,"Actor 534, Actor 802",South Korea,2013-12-14,2012,R,140 min,Horror Movies,A gripping story that unfolds over time.,2013,December,140.0,,Horror Movies
s353,TV Show,Golden Storm,Not Given,"Actor 192, Actor 730",Japan,2024-03-22,2024,PG-13,3 Seasons,"Crime TV Shows, Anime Series",A gripping story that unfolds over time.,2024,March,,3.0,Crime TV Shows
s354,Movie,Wild Heist,Not Given,"Actor 570, Actor 467",Germany,2002-02-09,2002,TV-14,157 min,"Documentaries, Stand-Up Comedy",A gripping story that unfolds over time.,2002,February,157.0,,Documentaries
s355,Movie,Dark Shadows,Not Given,"Actor 817, Actor 225",Turkey,2023-10-19,2023,TV-MA,132 min,Crime TV Shows,A gripping story that unfolds over time.,2023,October,132.0,,Crime TV Shows
s356,Movie,Silent Empire,Director 338,"Actor 522, Actor 106",Canada,2003-09-07,2002,PG-13,111 min,"Dramas, Documentaries",A gripping story that unfolds over time.,2003,September,111.0,,Dramas
s357,Movie,Golden Kingdom,Director 109,"Actor 619, Actor 657",United States,2014-04-17,2014,TV-Y7,97 min,"Reality TV, Documentaries",A gripping story that unfolds over time.,2014,April,97.0,,Reality TV
s358,Movie,Golden Kingdom,Director 281,"Actor 387, Actor 265",India,2019-10-22,2016,R,73 min,Action & Adventure,A gripping story that unfolds over time.,2019,October,73.0,,Action & Adventure
s359,Movie,Golden Shadows,Not Given,"Actor 139, Actor 629",Italy,2017-10-11,2015,TV-Y7,88 min,"Kids' TV, Documentaries",A gripping story that unfolds over time.,2017,October,88.0,,Kids' TV
s360,TV Show,Last City,Director 153,"Actor 104, Actor 75",United States,2024-02-07,2024,TV-PG,7 Seasons,"Romantic Movies, Kids' TV",A gripping story that unfolds over time.,2024,February,,7.0,Romantic Movies
s361,Movie,Hidden City,Director 156,"Actor 421, Actor 105",United States,2026-10-01,2024,PG,165 min,"Children & Family Movies, Romantic Movies",A gripping story that unfolds over time.,2026,October,165.0,,Children & Family Movies
s362,Movie,Last City,Not Given,"Actor 186, Actor 128",United States,2011-10-18,2009,TV-14,100 min,"Stand-Up Comedy, Thrillers",A gripping story that unfolds over time.,2011,October,100.0,,Stand-Up Comedy
s363,Movie,Forgotten Legacy,Not Given,"Actor 715, Actor 948",United States,2009-08-08,2007,PG-13,104 min,Thrillers,A gripping story that unfolds over time.,2009,August,104.0,,Thrillers
s364,Movie,Dark Signal,Not Given,"Actor 881, Actor 77",Brazil,2016-12-13,2015,TV-PG,127 min,Documentaries,A gripping story that unfolds over time.,2016,December,127.0,,Documentaries
s365,Movie,Forgotten Empire,Director 16,"Actor 334, Actor 464",United States,2022-06-27,2021,PG-13,72 min,Anime Series,A gripping story that unfolds over time.,2022,June,72.0,,Anime Series
s366,Movie,Secret Legacy,Not Given,"Actor 66, Actor 662",Canada,2021-01-20,2019,TV-G,123 min,Romantic Movies,A gripping story that unfolds over time.,2021,January,123.0,,Romantic Movies
s367,TV Show,Hidden Horizon,Director 219,"Actor 569, Actor 795",United Kingdom,2010-02-11,2010,TV-Y7,2 Season,International Movies,A gripping story that unfolds over time.,2010,February,,2.0,International Movies
s368,TV Show,Forgotten Journey,Not Given,"Actor 819, Actor 832",India,2021-08-20,2021,PG-13,8 Season,Kids' TV,A gripping story that unfolds over time.,2021,August,,8.0,Kids' TV
s369,Movie,Wild Signal,Director 94,"Actor 492, Actor 229",Germany,2021-03-20,2020,R,144 min,"Sci-Fi & Fantasy, Children & Family Movies",A gripping story that unfolds over time.,2021,March,144.0,,Sci-Fi & Fantasy
s370,Movie,Dark Chronicles,Director 386,"Actor 14, Actor 257",United States,2018-09-26,2016,TV-14,163 min,"Comedies, Anime Series",A gripping story that unfolds over time.,2018,September,163.0,,Comedies
s371,TV Show,Final Kingdom,Director 369,"Actor 346, Actor 849",United Kingdom,2025-12-07,2024,TV-Y7,4 Seasons,International Movies,A gripping story that unfolds over time.,2025,December,,4.0,International Movies
s372,Movie,Rising Dreams,Director 210,"Actor 431, Actor 294",United States,2022-12-07,2020,PG-13,132 min,Comedies,A gripping story that unfolds over time.,2022,December,132.0,,Comedies
s373,TV Show,Golden Legacy,Director 393,"Actor 743, Actor 874",Turkey,2000-12-23,2000,R,5 Seasons,"Romantic Movies, Dramas",A gripping story that unfolds over time.,2000,December,,5.0,Romantic Movies
s374,TV Show,Dark Storm,Director 365,"Actor 777, Actor 799",Brazil,2007-06-07,2004,TV-14,8 Seasons,"Kids' TV, Romantic Movies",A gripping story that unfolds over time.,2007,June,,8.0,Kids' TV
s375,TV Show,Lost Shadows,Director 382,"Actor 783, Actor 390",United Kingdom,2023-01-20,2021,PG,8 Seasons,Stand-Up Comedy,A gripping story that unfolds over time.,2023,January,,8.0,Stand-Up Comedy
s376,Movie,Silent Horizon,Director 280,"Actor 538, Actor 685",Brazil,2021-10-14,2020,TV-PG,90 min,Sci-Fi & Fantasy,A gripping story that unfolds over time.,2021,October,90.0,,Sci-Fi & Fantasy
s377,TV Show,Endless Horizon,Director 189,"Actor 240, Actor 871",Turkey,2007-01-03,2006,TV-14,3 Season,Anime Series,A gripping story that unfolds over time.,2007,January,,3.0,Anime Series
s378,Movie,Endless Shadows,Not Given,"Actor 6, Actor 550",United States,2006-08-09,2004,TV-G,92 min,Action & Adventure,A gripping story that unfolds over time.,2006,August,92.0,,Action & Adventure
s379,Movie,Hidden Heist,Director 124,"Actor 10, Actor 329",Nigeria,2016-01-27,2016,TV-MA,149 min,Stand-Up Comedy,A gripping story that unfolds over time.,2016,January,149.0,,Stand-Up Comedy
s380,Movie,Final Kingdom,Director 235,"Actor 306, Actor 878",Brazil,2015-06-22,2013,PG-13,73 min,"Crime TV Shows, Dramas",A gripping story that unfolds over time.,2015,June,73.0,,Crime TV Shows
s381,Movie,Broken Dreams,Director 226,"Actor 64, Actor 967",Turkey,2011-04-10,2011,TV-14,138 min,"Stand-Up Comedy, Comedies",A gripping story that unfolds over time.,2011,April,138.0,,Stand-Up Comedy
s382,Movie,Endless Kingdom,Director 390,"Actor 601, Actor 449",United States,2024-05-25,2023,PG-13,81 min,Comedies,A gripping story that unfolds over time.,2024,May,81.0,,Comedies
s383,Movie,Forgotten Chronicles,Director 293,"Actor 46, Actor 170",Japan,2018-01-15,2016,R,119 min,Documentaries,A gripping story that unfolds over time.,2018,January,119.0,,Documentaries
s384,TV Show,Silent Heist,Director 219,"Actor 12, Actor 814",Japan,2011-06-09,2008,PG-13,6 Seasons,"Reality TV, Documentaries",A gripping story that unfolds over time.,2011,June,,6.0,Reality TV
s385,Movie,Secret City,Director 115,"Actor 795, Actor 549",United States,2001-05-14,2001,PG-13,91 min,Stand-Up Comedy,A gripping story that unfolds over time.,2001,May,91.0,,Stand-Up Comedy
s386,Movie,Last Empire,Director 461,"Actor 459, Actor 189",United States,2017-05-16,2014,PG-13,107 min,"International Movies, Comedies",A gripping story that unfolds over time.,2017,May,107.0,,International Movies
s387,TV Show,Lost Shadows,Director 203,"Actor 543, Actor 801",United States,2021-08-14,2018,TV-14,5 Seasons,"Stand-Up Comedy, Kids' TV",A gripping story that unfolds over time.,2021,August,,5.0,Stand-Up Comedy
s388,TV Show,Last Signal,Director 235,"Actor 996, Actor 59",Japan,2011-07-04,2008,PG,7 Seasons,Reality TV,A gripping story that unfolds over time.,2011,July,,7.0,Reality TV
s389,Movie,Rising Dreams,Director 68,"Actor 506, Actor 28",United States,2010-01-21,2010,TV-G,133 min,"Sci-Fi & Fantasy, Horror Movies",A gripping story that unfolds over time.,2010,January,133.0,,Sci-Fi & Fantasy
s390,Movie,Silent Journey,Not Given,"Actor 100, Actor 189",Spain,2018-01-26,2016,PG-13,152 min,"Children & Family Movies, Anime Series",A gripping story that unfolds over time.,2018,January,152.0,,Children & Family Movies
s391,TV Show,Lost Empire,Director 316,"Actor 451, Actor 449",Nigeria,2014-11-20,2013,PG-13,3 Season,"Kids' TV, Crime TV Shows",A gripping story that unfolds over time.,2014,November,,3.0,Kids' TV
s392,Movie,Secret Kingdom,Director 74,"Actor 553, Actor 479",India,2008-06-13,2008,R,146 min,Romantic Movies,A gripping story that unfolds over time.,2008,June,146.0,,Romantic Movies
s393,Movie,Wild Storm,Director 312,"Actor 309, Actor 775",United Kingdom,2011-01-01,2010,R,99 min,Kids' TV,A gripping story that unfolds over time.,2011,January,99.0,,Kids' TV
s394,TV Show,Broken Journey,Not Given,"Actor 87, Actor 82",Canada,2009-04-20,2006,TV-G,5 Seasons,Documentaries,A gripping story that unfolds over time.,2009,April,,5.0,Documentaries
s395,Movie,Golden Horizon,Not Given,"Actor 417, Actor 416",India,2020-03-21,2020,TV-Y7,158 min,"Children & Family Movies, Action & Adventure",A gripping story that unfolds over time.,2020,March,158.0,,Children & Family Movies
s396,TV Show,Silent Shadows,Director 465,"Actor 735, Actor 421",India,2011-05-13,2010,R,2 Seasons,International Movies,A gripping story that unfolds over time.,2011,May,,2.0,International Movies
s397,Movie,Silent Legacy,Not Given,"Actor 10, Actor 592",France,2018-06-04,2015,TV-G,153 min,"Sci-Fi & Fantasy, Children & Family Movies",A gripping story that unfolds over time.,2018,June,153.0,,Sci-Fi & Fantasy
s398,Movie,Last Signal,Director 443,"Actor 592, Actor 786",South Korea,2022-11-17,2019,TV-MA,75 min,"Reality TV, Romantic Movies",A gripping story that unfolds over time.,2022,November,75.0,,Reality TV
s399,Movie,Lost Chronicles,Director 319,"Actor 368, Actor 345",United States,2025-08-06,2025,PG,76 min,Anime Series,A gripping story that unfolds over time.,2025,August,76.0,,Anime Series
s400,Movie,Rising Chronicles,Not Given,"Actor 859, Actor 612",Spain,2001-12-13,2001,TV-14,151 min,"Crime TV Shows, Thrillers",A gripping story that unfolds over time.,2001,December,151.0,,Crime TV Shows
s401,Movie,Last Storm,Director 258,"Actor 480, Actor 888",Japan,2012-05-18,2010,TV-MA,169 min,Action & Adventure,A gripping story that unfolds over time.,2012,May,169.0,,Action & Adventure
s402,Movie,Lost Chronicles,Director 266,"Actor 912, Actor 293",Spain,2002-08-15,2002,TV-G,88 min,Documentaries,A gripping story that unfolds over time.,2002,August,88.0,,Documentaries
s403,TV Show,Silent Storm,Director 486,"Actor 808, Actor 449",Canada,2007-08-10,2005,TV-PG,2 Seasons,"Reality TV, Comedies",A gripping story that unfolds over time.,2007,August,,2.0,Reality TV
s404,TV Show,Endless Legacy,Director 388,"Actor 478, Actor 723",France,2006-04-09,2004,TV-PG,7 Seasons,Sci-Fi & Fantasy,A gripping story that unfolds over time.,2006,April,,7.0,Sci-Fi & Fantasy
s405,Movie,Wild Shadows,Not Given,"Actor 587, Actor 721",France,2014-06-23,2011,PG,109 min,Sci-Fi & Fantasy,A gripping story that unfolds over time.,2014,June,109.0,,Sci-Fi & Fantasy
s406,Movie,Endless Horizon,Director 281,"Actor 884, Actor 492",Nigeria,2022-04-02,2021,TV-14,101 min,Horror Movies,A gripping story that unfolds over time.,2022,April,101.0,,Horror Movies
s407,TV Show,Wild Chronicles,Not Given,"Actor 567, Actor 499",Australia,2007-09-25,2004,TV-14,7 Season,Reality TV,A gripping story that unfolds over time.,2007,September,,7.0,Reality TV
s408,Movie,Lost Empire,Director 431,"Actor 40, Actor 519",United States,2011-06-14,2010,TV-MA,169 min,"Action & Adventure, Romantic Movies",A gripping story that unfolds over time.,2011,June,169.0,,Action & Adventure
s409,Movie,Last Empire,Director 175,"Actor 844, Actor 325",France,2022-05-05,2022,TV-MA,138 min,International Movies,A gripping story that unfolds over time.,2022,May,138.0,,International Movies
s410,TV Show,Dark Heist,Director 226,"Actor 679, Actor 583",Australia,2008-12-10,2007,TV-G,3 Seasons,"Children & Family Movies, Crime TV Shows",A gripping story that unfolds over time.,2008,December,,3.0,Children & Family Movies
s411,Movie,Last Chronicles,Director 163,"Actor 555, Actor 898",United States,2025-03-24,2022,TV-PG,131 min,"Crime TV Shows, Thrillers",A gripping story that unfolds over time.,2025,March,131.0,,Crime TV Shows
s412,TV Show,Endless Chronicles,Not Given,"Actor 592, Actor 746",United Kingdom,2019-06-24,2017,TV-Y7,3 Seasons,Stand-Up Comedy,A gripping story that unfolds over time.,2019,June,,3.0,Stand-Up Comedy
s413,Movie,Hidden Legacy,Director 390,"Actor 166, Actor 26",United States,2012-12-11,2009,R,91 min,"Sci-Fi & Fantasy, Children & Family Movies",A gripping story that unfolds over time.,2012,December,91.0,,Sci-Fi & Fantasy
s414,Movie,Lost Chronicles,Director 163,"Actor 609, Actor 307",Spain,2016-06-19,2014,TV-Y7,145 min,Stand-Up Comedy,A gripping story that unfolds over time.,2016,June,145.0,,Stand-Up Comedy
s415,Movie,Final Storm,Director 358,"Actor 481, Actor 839",Turkey,2024-01-12,2021,TV-PG,114 min,"Comedies, Reality TV",A gripping story that unfolds over time.,2024,January,114.0,,Comedies
s416,TV Show,Last Storm,Director 454,"Actor 719, Actor 464",United States,2003-03-24,2001,PG-13,3 Seasons,Crime TV Shows,A gripping story that unfolds over time.,2003,March,,3.0,Crime TV Shows
s417,Movie,Endless City,Director 450,"Actor 95, Actor 860",United States,2018-09-07,2018,PG,72 min,Children & Family Movies,A gripping story that unfolds over time.,2018,September,72.0,,Children & Family Movies
s418,Movie,Forgotten Dreams,Not Given,"Actor 889, Actor 841",United States,2003-04-21,2001,TV-Y7,112 min,"Crime TV Shows, Stand-Up Comedy",A gripping story that unfolds over time.,2003,April,112.0,,Crime TV Shows
s419,Movie,Hidden Chronicles,Director 435,"Actor 196, Actor 855",United States,2009-05-25,2008,TV-14,135 min,Anime Series,A gripping story that unfolds over time.,2009,May,135.0,,Anime Series
s420,TV Show,Last Legacy,Director 200,"Actor 962, Actor 902",India,2021-10-22,2020,PG,3 Seasons,Reality TV,A gripping story that unfolds over time.,2021,October,,3.0,Reality TV
s421,Movie,Final Chronicles,Director 494,"Actor 899, Actor 82",Australia,2024-07-24,2023,TV-MA,162 min,"Children & Family Movies, Dramas",A gripping story that unfolds over time.,2024,July,162.0,,Children & Family Movies
s422,TV Show,Rising Signal,Not Given,"Actor 133, Actor 985",Italy,2013-07-22,2010,PG,1 Seasons,"Stand-Up Comedy, Thrillers",A gripping story that unfolds over time.,2013,July,,1.0,Stand-Up Comedy
s423,Movie,Hidden Kingdom,Director 87,"Actor 553, Actor 982",Nigeria,2020-04-26,2017,TV-14,95 min,Children & Family Movies,A gripping story that unfolds over time.,2020,April,95.0,,Children & Family Movies
s424,Movie,Final Legacy,Director 254,"Actor 221, Actor 262",United Kingdom,2018-10-26,2016,PG-13,91 min,International Movies,A gripping story that unfolds over time.,2018,October,91.0,,International Movies
s425,Movie,Secret Dreams,Director 306,"Actor 526, Actor 528",United States,2026-10-22,2024,TV-14,169 min,"International Movies, Stand-Up Comedy",A gripping story that unfolds over time.,2026,October,169.0,,International Movies
s426,TV Show,Wild Heist,Not Given,"Actor 354, Actor 393",United States,2019-04-12,2018,PG-13,2 Season,Crime TV Shows,A gripping story that unfolds over time.,2019,April,,2.0,Crime TV Shows
s427,Movie,Forgotten Empire,Director 187,"Actor 819, Actor 946",South Korea,2025-04-04,2025,TV-Y7,128 min,Stand-Up Comedy,A gripping story that unfolds over time.,2025,April,128.0,,Stand-Up Comedy
s428,Movie,Dark City,Director 355,"Actor 349, Actor 443",United States,2026-03-01,2024,TV-Y7,124 min,"Stand-Up Comedy, Romantic Movies",A gripping story that unfolds over time.,2026,March,124.0,,Stand-Up Comedy
s429,TV Show,Final Empire,Not Given,"Actor 253, Actor 957",United States,2024-03-26,2021,TV-G,4 Season,"Comedies, Action & Adventure",A gripping story that unfolds over time.,2024,March,,4.0,Comedies
s430,Movie,Golden Dreams,Director 1,"Actor 319, Actor 217",South Korea,2001-01-02,2000,PG,159 min,"Action & Adventure, Comedies",A gripping story that unfolds over time.,2001,January,159.0,,Action & Adventure
s431,TV Show,Wild Horizon,Director 234,"Actor 59, Actor 251",Mexico,2024-08-15,2022,TV-14,7 Season,Kids' TV,A gripping story that unfolds over time.,2024,August,,7.0,Kids' TV
s432,Movie,Lost Journey,Director 387,"Actor 447, Actor 803",United Kingdom,2017-08-20,2015,PG-13,72 min,Thrillers,A gripping story that unfolds over time.,2017,August,72.0,,Thrillers
s433,TV Show,Silent Dreams,Director 233,"Actor 327, Actor 884",United States,2022-02-22,2021,R,7 Seasons,"Anime Series, Action & Adventure",A gripping story that unfolds over time.,2022,February,,7.0,Anime Series
s434,TV Show,Rising Dreams,Director 458,"Actor 532, Actor 562",Brazil,2014-10-04,2014,R,2 Seasons,"Reality TV, Thrillers",A gripping story that unfolds over time.,2014,October,,2.0,Reality TV
s435,Movie,Lost City,Director 195,"Actor 343, Actor 682",Australia,2006-12-27,2006,TV-G,88 min,Documentaries,A gripping story that unfolds over time.,2006,December,88.0,,Documentaries
s436,Movie,Golden Empire,Director 495,"Actor 574, Actor 254",India,2001-03-06,2000,R,90 min,Anime Series,A gripping story that unfolds over time.,2001,March,90.0,,Anime Series
s437,Movie,Golden Kingdom,Director 108,"Actor 584, Actor 839",India,2005-02-02,2004,TV-G,100 min,"Anime Series, Stand-Up Comedy",A gripping story that unfolds over time.,2005,February,100.0,,Anime Series
s438,Movie,Broken City,Director 348,"Actor 166, Actor 937",Brazil,2024-04-17,2022,PG-13,106 min,"Thrillers, Comedies",A gripping story that unfolds over time.,2024,April,106.0,,Thrillers
s439,Movie,Silent Storm,Not Given,"Actor 92, Actor 22",South Korea,2003-04-12,2003,TV-MA,81 min,Children & Family Movies,A gripping story that unfolds over time.,2003,April,81.0,,Children & Family Movies
s440,TV Show,Golden City,Director 14,"Actor 743, Actor 669",Nigeria,2012-03-20,2009,PG-13,2 Seasons,Comedies,A gripping story that unfolds over time.,2012,March,,2.0,Comedies
s441,TV Show,Rising Dreams,Director 168,"Actor 51, Actor 891",United States,2013-07-05,2012,TV-PG,7 Seasons,Romantic Movies,A gripping story that unfolds over time.,2013,July,,7.0,Romantic Movies
s442,Movie,Rising Chronicles,Director 430,"Actor 142, Actor 648",France,2023-06-16,2023,R,130 min,"Comedies, International Movies",A gripping story that unfolds over time.,2023,June,130.0,,Comedies
s443,Movie,Dark Heist,Director 155,"Actor 175, Actor 848",Japan,2023-08-19,2021,PG-13,163 min,Action & Adventure,A gripping story that unfolds over time.,2023,August,163.0,,Action & Adventure
s444,Movie,Broken Heist,Not Given,"Actor 485, Actor 489",United States,2007-12-14,2006,PG-13,113 min,"Documentaries, Comedies",A gripping story that unfolds over time.,2007,December,113.0,,Documentaries
s445,TV Show,Silent City,Not Given,"Actor 187, Actor 774",Mexico,2002-08-17,2002,PG,8 Seasons,Horror Movies,A gripping story that unfolds over time.,2002,August,,8.0,Horror Movies
s446,Movie,Silent Signal,Not Given,"Actor 646, Actor 455",United States,2024-01-26,2024,TV-Y7,131 min,"Sci-Fi & Fantasy, Stand-Up Comedy",A gripping story that unfolds over time.,2024,January,131.0,,Sci-Fi & Fantasy
s447,Movie,Golden Legacy,Director 404,"Actor 709, Actor 486",India,2021-04-24,2019,R,103 min,Sci-Fi & Fantasy,A gripping story that unfolds over time.,2021,April,103.0,,Sci-Fi & Fantasy
s448,Movie,Golden Chronicles,Not Given,"Actor 885, Actor 938",Germany,2012-04-04,2011,TV-PG,121 min,Comedies,A gripping story that unfolds over time.,2012,April,121.0,,Comedies
s449,TV Show,Rising Dreams,Director 256,"Actor 479, Actor 561",India,2013-12-17,2013,TV-PG,2 Seasons,"Romantic Movies, Horror Movies",A gripping story that unfolds over time.,2013,December,,2.0,Romantic Movies
s450,Movie,Last Chronicles,Director 495,"Actor 794, Actor 693",Canada,2023-09-26,2023,PG,86 min,Comedies,A gripping story that unfolds over time.,2023,September,86.0,,Comedies
s451,TV Show,Silent Empire,Not Given,"Actor 271, Actor 686",India,2008-09-21,2005,TV-14,6 Seasons,Sci-Fi & Fantasy,A gripping story that unfolds over time.,2008,September,,6.0,Sci-Fi & Fantasy
s452,Movie,Wild Horizon,Director 143,"Actor 395, Actor 111",Turkey,2025-09-26,2022,TV-PG,136 min,"Sci-Fi & Fantasy, Stand-Up Comedy",A gripping story that unfolds over time.,2025,September,136.0,,Sci-Fi & Fantasy
s453,TV Show,Hidden Chronicles,Director 474,"Actor 656, Actor 778",United States,2012-04-13,2012,TV-G,5 Seasons,Crime TV Shows,A gripping story that unfolds over time.,2012,April,,5.0,Crime TV Shows
s454,Movie,Broken Storm,Not Given,"Actor 976, Actor 543",Mexico,2026-11-10,2025,TV-PG,135 min,Horror Movies,A gripping story that unfolds over time.,2026,November,135.0,,Horror Movies
s455,Movie,Rising Dreams,Not Given,"Actor 156, Actor 74",Mexico,2006-05-22,2004,TV-MA,109 min,Romantic Movies,A gripping story that unfolds over time.,2006,May,109.0,,Romantic Movies
s456,Movie,Lost Heist,Director 60,"Actor 482, Actor 250",United Kingdom,2026-08-16,2025,PG-13,109 min,Thrillers,A gripping story that unfolds over time.,2026,August,109.0,,Thrillers
s457,Movie,Last Legacy,Director 395,"Actor 13, Actor 603",Canada,2026-07-08,2023,TV-G,93 min,Children & Family Movies,A gripping story that unfolds over time.,2026,July,93.0,,Children & Family Movies
s458,TV Show,Secret Legacy,Not Given,"Actor 175, Actor 851",United States,2017-08-02,2014,PG-13,4 Seasons,"Action & Adventure, Crime TV Shows",A gripping story that unfolds over time.,2017,August,,4.0,Action & Adventure
s459,TV Show,Final Heist,Not Given,"Actor 597, Actor 558",Nigeria,2006-12-09,2006,TV-MA,6 Seasons,"Anime Series, Comedies",A gripping story that unfolds over time.,2006,December,,6.0,Anime Series
s460,Movie,Wild Horizon,Not Given,"Actor 618, Actor 419",Canada,2009-11-21,2007,TV-G,116 min,"Documentaries, Dramas",A gripping story that unfolds over time.,2009,November,116.0,,Documentaries
s461,Movie,Dark Shadows,Not Given,"Actor 14, Actor 133",Canada,2013-01-09,2010,TV-G,141 min,"Horror Movies, Children & Family Movies",A gripping story that unfolds over time.,2013,January,141.0,,Horror Movies
s462,Movie,Endless Empire,Not Given,"Actor 848, Actor 203",India,2004-07-13,2004,PG,156 min,Kids' TV,A gripping story that unfolds over time.,2004,July,156.0,,Kids' TV
s463,Movie,Broken Chronicles,Not Given,"Actor 517, Actor 531",India,2022-03-10,2022,TV-G,135 min,Documentaries,A gripping story that unfolds over time.,2022,March,135.0,,Documentaries
s464,Movie,Final Dreams,Director 459,"Actor 526, Actor 597",Mexico,2013-10-08,2013,PG,115 min,"Children & Family Movies, Crime TV Shows",A gripping story that unfolds over time.,2013,October,115.0,,Children & Family Movies
s465,Movie,Rising Dreams,Director 260,"Actor 824, Actor 320",Mexico,2020-02-04,2018,R,75 min,Documentaries,A gripping story that unfolds over time.,2020,February,75.0,,Documentaries
s466,Movie,Broken Shadows,Director 285,"Actor 648, Actor 140",United States,2008-12-09,2005,TV-PG,117 min,Stand-Up Comedy,A gripping story that unfolds over time.,2008,December,117.0,,Stand-Up Comedy
s467,Movie,Forgotten Kingdom,Not Given,"Actor 791, Actor 638",United States,2014-08-11,2012,PG,156 min,"Stand-Up Comedy, Comedies",A gripping story that unfolds over time.,2014,August,156.0,,Stand-Up Comedy
s468,Movie,Lost Storm,Director 86,"Actor 133, Actor 351",Japan,2008-06-13,2007,PG-13,109 min,"Thrillers, Documentaries",A gripping story that unfolds over time.,2008,June,109.0,,Thrillers
s469,Movie,Secret Heist,Director 113,"Actor 981, Actor 137",United States,2019-07-23,2016,TV-MA,122 min,Horror Movies,A gripping story that unfolds over time.,2019,July,122.0,,Horror Movies
s470,Movie,Secret Empire,Director 256,"Actor 12, Actor 892",South Korea,2014-01-14,2012,TV-14,149 min,Comedies,A gripping story that unfolds over time.,2014,January,149.0,,Comedies
s471,TV Show,Rising Kingdom,Director 496,"Actor 497, Actor 505",United Kingdom,2019-01-20,2019,TV-14,1 Seasons,Sci-Fi & Fantasy,A gripping story that unfolds over time.,2019,January,,1.0,Sci-Fi & Fantasy
s472,Movie,Silent Horizon,Director 467,"Actor 42, Actor 731",Mexico,2003-06-25,2003,TV-Y7,161 min,Action & Adventure,A gripping story that unfolds over time.,2003,June,161.0,,Action & Adventure
s473,Movie,Lost Signal,Not Given,"Actor 264, Actor 661",United States,2022-07-22,2021,TV-MA,79 min,Anime Series,A gripping story that unfolds over time.,2022,July,79.0,,Anime Series
s474,Movie,Lost Storm,Not Given,"Actor 807, Actor 911",United Kingdom,2012-03-21,2012,PG,131 min,Reality TV,A gripping story that unfolds over time.,2012,March,131.0,,Reality TV
s475,TV Show,Endless Storm,Director 255,"Actor 353, Actor 377",United Kingdom,2023-08-13,2020,R,2 Seasons,"Stand-Up Comedy, Action & Adventure",A gripping story that unfolds over time.,2023,August,,2.0,Stand-Up Comedy
s476,Movie,Endless Journey,Not Given,"Actor 251, Actor 896",Spain,2014-03-23,2013,R,158 min,"Dramas, Crime TV Shows",A gripping story that unfolds over time.,2014,March,158.0,,Dramas
s477,Movie,Wild Signal,Not Given,"Actor 923, Actor 816",United States,2022-12-24,2021,TV-PG,116 min,Kids' TV,A gripping story that unfolds over time.,2022,December,116.0,,Kids' TV
s478,Movie,Dark Legacy,Director 171,"Actor 154, Actor 695",Brazil,2026-07-18,2025,PG,79 min,"Documentaries, Comedies",A gripping story that unfolds over time.,2026,July,79.0,,Documentaries
s479,TV Show,Hidden Storm,Director 276,"Actor 353, Actor 68",Canada,2013-12-13,2010,R,1 Seasons,"Horror Movies, Reality TV",A gripping story that unfolds over time.,2013,December,,1.0,Horror Movies
s480,Movie,Forgotten Empire,Not Given,"Actor 647, Actor 901",United States,2020-05-24,2018,PG-13,134 min,"Thrillers, Anime Series",A gripping story that unfolds over time.,2020,May,134.0,,Thrillers
s481,Movie,Silent Journey,Director 47,"Actor 772, Actor 740",United States,2002-04-20,2002,PG-13,110 min,"Action & Adventure, Anime Series",A gripping story that unfolds over time.,2002,April,110.0,,Action & Adventure
s482,TV Show,Silent City,Not Given,"Actor 522, Actor 489",Australia,2015-11-01,2014,R,3 Seasons,"Anime Series, Kids' TV",A gripping story that unfolds over time.,2015,November,,3.0,Anime Series
s483,Movie,Forgotten Signal,Director 219,"Actor 809, Actor 409",India,2015-11-10,2012,PG,80 min,"Kids' TV, Thrillers",A gripping story that unfolds over time.,2015,November,80.0,,Kids' TV
s484,Movie,Rising Journey,Director 232,"Actor 828, Actor 636",Spain,2022-03-23,2020,PG,90 min,Sci-Fi & Fantasy,A gripping story that unfolds over time.,2022,March,90.0,,Sci-Fi & Fantasy
s485,Movie,Last Horizon,Not Given,"Actor 320, Actor 506",Spain,2011-03-14,2009,TV-G,80 min,"Dramas, Crime TV Shows",A gripping story that unfolds over time.,2011,March,80.0,,Dramas
s486,Movie,Final Chronicles,Director 44,"Actor 568, Actor 554",United States,2020-07-04,2018,PG-13,105 min,"Documentaries, Kids' TV",A gripping story that unfolds over time.,2020,July,105.0,,Documentaries
s487,TV Show,Golden Heist,Director 96,"Actor 384, Actor 282",France,2026-02-02,2025,TV-G,3 Seasons,"Comedies, Reality TV",A gripping story that unfolds over time.,2026,February,,3.0,Comedies
s488,TV Show,Hidden Heist,Director 387,"Actor 219, Actor 118",United States,2007-04-17,2005,TV-14,6 Seasons,"Sci-Fi & Fantasy, Comedies",A gripping story that unfolds over time.,2007,April,,6.0,Sci-Fi & Fantasy
s489,TV Show,Broken Empire,Director 131,"Actor 218, Actor 688",Germany,2023-06-11,2022,TV-MA,5 Seasons,Documentaries,A gripping story that unfolds over time.,2023,June,,5.0,Documentaries
s490,Movie,Final Kingdom,Not Given,"Actor 25, Actor 806",India,2023-05-21,2023,TV-PG,111 min,Anime Series,A gripping story that unfolds over time.,2023,May,111.0,,Anime Series
s491,Movie,Forgotten Shadows,Not Given,"Actor 155, Actor 649",Canada,2010-02-23,2008,TV-Y7,169 min,"Dramas, Children & Family Movies",A gripping story that unfolds over time.,2010,February,169.0,,Dramas
s492,TV Show,Secret Heist,Director 176,"Actor 723, Actor 426",Brazil,2019-04-03,2017,R,6 Season,"Kids' TV, Romantic Movies",A gripping story that unfolds over time.,2019,April,,6.0,Kids' TV
s493,Movie,Final Storm,Not Given,"Actor 3, Actor 770",United States,2016-10-16,2016,TV-G,98 min,"Comedies, Documentaries",A gripping story that unfolds over time.,2016,October,98.0,,Comedies
s494,Movie,Secret Heist,Not Given,"Actor 342, Actor 805",United States,2024-05-20,2022,TV-MA,123 min,"Children & Family Movies, Stand-Up Comedy",A gripping story that unfolds over time.,2024,May,123.0,,Children & Family Movies
s495,Movie,Forgotten Empire,Not Given,"Actor 409, Actor 31",United States,2003-06-21,2000,PG-13,129 min,"Romantic Movies, Documentaries",A gripping story that unfolds over time.,2003,June,129.0,,Romantic Movies
s496,Movie,Dark City,Director 444,"Actor 230, Actor 107",Japan,2026-10-16,2025,TV-G,141 min,"Comedies, Thrillers",A gripping story that unfolds over time.,2026,October,141.0,,Comedies
s497,Movie,Broken Legacy,Director 6,"Actor 220, Actor 766",India,2011-09-05,2011,TV-Y7,157 min,"Kids' TV, Comedies",A gripping story that unfolds over time.,2011,September,157.0,,Kids' TV
s498,Movie,Golden Signal,Director 255,"Actor 82, Actor 895",United Kingdom,2008-07-17,2006,TV-PG,100 min,"Documentaries, Action & Adventure",A gripping story that unfolds over time.,2008,July,100.0,,Documentaries
s499,Movie,Secret Chronicles,Director 180,"Actor 493, Actor 669",Canada,2007-02-03,2006,TV-Y7,103 min,"Documentaries, Dramas",A gripping story that unfolds over time.,2007,February,103.0,,Documentaries
s500,Movie,Dark Storm,Director 296,"Actor 531, Actor 47",South Korea,2002-09-01,2000,TV-14,155 min,International Movies,A gripping story that unfolds over time.,2002,September,155.0,,International Movies
s501,TV Show,Rising Dreams,Director 193,"Actor 699, Actor 271",United States,2021-02-18,2020,TV-14,1 Seasons,Documentaries,A gripping story that unfolds over time.,2021,February,,1.0,Documentaries
s502,TV Show,Hidden Dreams,Director 68,"Actor 790, Actor 408",India,2005-12-08,2005,TV-G,6 Seasons,"Stand-Up Comedy, Action & Adventure",A gripping story that unfolds over time.,2005,December,,6.0,Stand-Up Comedy
s503,Movie,Golden Shadows,Not Given,"Actor 679, Actor 8",India,2014-02-17,2013,TV-PG,73 min,Children & Family Movies,A gripping story that unfolds over time.,2014,February,73.0,,Children & Family Movies
s504,Movie,Golden Horizon,Director 176,"Actor 982, Actor 337",Italy,2014-11-27,2012,TV-PG,101 min,"Comedies, Kids' TV",A gripping story that unfolds over time.,2014,November,101.0,,Comedies
s505,TV Show,Endless Empire,Not Given,"Actor 919, Actor 774",South Korea,2026-05-02,2025,TV-14,1 Seasons,"Stand-Up Comedy, Dramas",A gripping story that unfolds over time.,2026,May,,1.0,Stand-Up Comedy
s506,Movie,Silent Shadows,Director 36,"Actor 507, Actor 899",United States,2021-07-09,2021,PG-13,75 min,Stand-Up Comedy,A gripping story that unfolds over time.,2021,July,75.0,,Stand-Up Comedy
s507,Movie,Broken Shadows,Director 132,"Actor 505, Actor 910",United States,2004-12-20,2003,TV-Y7,164 min,"Romantic Movies, Dramas",A gripping story that unfolds over time.,2004,December,164.0,,Romantic Movies
s508,Movie,Endless Legacy,Director 360,"Actor 495, Actor 417",India,2026-02-07,2025,TV-PG,105 min,Action & Adventure,A gripping story that unfolds over time.,2026,February,105.0,,Action & Adventure
s509,Movie,Lost Journey,Not Given,"Actor 793, Actor 395",India,2021-11-12,2019,R,120 min,"Documentaries, Action & Adventure",A gripping story that unfolds over time.,2021,November,120.0,,Documentaries
s510,TV Show,Rising Journey,Director 171,"Actor 485, Actor 329",United States,2014-05-03,2013,TV-14,6 Seasons,Comedies,A gripping story that unfolds over time.,2014,May,,6.0,Comedies
s511,Movie,Lost Signal,Not Given,"Actor 529, Actor 272",Brazil,2003-12-09,2000,TV-14,152 min,Dramas,A gripping story that unfolds over time.,2003,December,152.0,,Dramas
s512,Movie,Secret Journey,Director 296,"Actor 398, Actor 103",Italy,2026-09-21,2024,TV-Y7,88 min,Crime TV Shows,A gripping story that unfolds over time.,2026,September,88.0,,Crime TV Shows
s513,Movie,Wild Shadows,Director 84,"Actor 166, Actor 316",United States,2003-12-01,2003,PG-13,101 min,"Thrillers, Sci-Fi & Fantasy",A gripping story that unfolds over time.,2003,December,101.0,,Thrillers
s514,TV Show,Secret Legacy,Not Given,"Actor 539, Actor 640",United States,2012-04-10,2010,TV-14,8 Seasons,Thrillers,A gripping story that unfolds over time.,2012,April,,8.0,Thrillers
s515,TV Show,Hidden Empire,Not Given,"Actor 618, Actor 278",Canada,2020-03-21,2020,R,7 Seasons,"Romantic Movies, Kids' TV",A gripping story that unfolds over time.,2020,March,,7.0,Romantic Movies
s516,Movie,Lost Dreams,Director 79,"Actor 422, Actor 149",India,2008-07-14,2005,TV-Y7,81 min,"Reality TV, Horror Movies",A gripping story that unfolds over time.,2008,July,81.0,,Reality TV
s517,Movie,Final Shadows,Director 470,"Actor 706, Actor 461",India,2012-06-23,2010,TV-PG,126 min,Anime Series,A gripping story that unfolds over time.,2012,June,126.0,,Anime Series
s518,Movie,Dark Signal,Director 284,"Actor 466, Actor 80",Canada,2011-08-20,2011,TV-G,147 min,Dramas,A gripping story that unfolds over time.,2011,August,147.0,,Dramas
s519,Movie,Broken Empire,Not Given,"Actor 456, Actor 979",Australia,2019-10-25,2019,TV-MA,92 min,Stand-Up Comedy,A gripping story that unfolds over time.,2019,October,92.0,,Stand-Up Comedy
s520,Movie,Secret Legacy,Director 210,"Actor 151, Actor 444",India,2011-01-23,2008,TV-MA,102 min,Stand-Up Comedy,A gripping story that unfolds over time.,2011,January,102.0,,Stand-Up Comedy
s521,Movie,Hidden Shadows,Director 282,"Actor 852, Actor 874",Australia,2013-07-24,2013,TV-14,163 min,"Sci-Fi & Fantasy, Documentaries",A gripping story that unfolds over time.,2013,July,163.0,,Sci-Fi & Fantasy
s522,Movie,Dark Shadows,Not Given,"Actor 75, Actor 714",Japan,2020-07-11,2020,PG,130 min,"Sci-Fi & Fantasy, Horror Movies",A gripping story that unfolds over time.,2020,July,130.0,,Sci-Fi & Fantasy
s523,TV Show,Silent Storm,Director 367,"Actor 29, Actor 966",Australia,2024-05-17,2024,PG,1 Seasons,"Reality TV, Anime Series",A gripping story that unfolds over time.,2024,May,,1.0,Reality TV
s524,TV Show,Lost Legacy,Director 267,"Actor 799, Actor 395",India,2024-09-24,2023,PG,1 Seasons,"Anime Series, Romantic Movies",A gripping story that unfolds over time.,2024,September,,1.0,Anime Series
s525,Movie,Secret Kingdom,Director 256,"Actor 993, Actor 794",United States,2007-10-19,2007,TV-G,96 min,"Dramas, Children & Family Movies",A gripping story that unfolds over time.,2007,October,96.0,,Dramas
s526,TV Show,Silent Journey,Director 290,"Actor 378, Actor 621",Canada,2010-08-16,2009,R,7 Seasons,Children & Family Movies,A gripping story that unfolds over time.,2010,August,,7.0,Children & Family Movies
s527,TV Show,Lost Legacy,Director 162,"Actor 795, Actor 263",Spain,2024-09-03,2024,TV-Y7,6 Seasons,Horror Movies,A gripping story that unfolds over time.,2024,September,,6.0,Horror Movies
s528,Movie,Broken Kingdom,Not Given,"Actor 497, Actor 561",India,2026-09-04,2024,TV-14,132 min,"Crime TV Shows, Romantic Movies",A gripping story that unfolds over time.,2026,September,132.0,,Crime TV Shows
s529,Movie,Silent Storm,Director 322,"Actor 807, Actor 241",Turkey,2026-08-18,2025,TV-PG,84 min,Kids' TV,A gripping story that unfolds over time.,2026,August,84.0,,Kids' TV
s530,TV Show,Endless Chronicles,Not Given,"Actor 260, Actor 441",United States,2024-08-24,2024,TV-MA,7 Seasons,"Stand-Up Comedy, Horror Movies",A gripping story that unfolds over time.,2024,August,,7.0,Stand-Up Comedy
s531,Movie,Golden City,Director 28,"Actor 469, Actor 912",United States,2019-07-22,2016,R,117 min,"Children & Family Movies, Horror Movies",A gripping story that unfolds over time.,2019,July,117.0,,Children & Family Movies
s532,Movie,Hidden Horizon,Director 94,"Actor 719, Actor 947",Canada,2023-03-21,2023,TV-MA,142 min,Reality TV,A gripping story that unfolds over time.,2023,March,142.0,,Reality TV
s533,Movie,Secret Chronicles,Not Given,"Actor 65, Actor 228",United Kingdom,2021-08-18,2019,TV-14,82 min,"Kids' TV, Comedies",A gripping story that unfolds over time.,2021,August,82.0,,Kids' TV
s534,TV Show,Secret Empire,Director 253,"Actor 981, Actor 436",South Korea,2009-04-23,2007,TV-Y7,3 Seasons,Children & Family Movies,A gripping story that unfolds over time.,2009,April,,3.0,Children & Family Movies
s535,TV Show,Endless City,Director 251,"Actor 946, Actor 833",Mexico,2021-02-12,2019,TV-14,5 Seasons,"Stand-Up Comedy, Anime Series",A gripping story that unfolds over time.,2021,February,,5.0,Stand-Up Comedy
s536,Movie,Rising Heist,Not Given,"Actor 159, Actor 265",Japan,2014-11-20,2011,TV-PG,105 min,International Movies,A gripping story that unfolds over time.,2014,November,105.0,,International Movies
s537,TV Show,Broken Storm,Director 326,"Actor 148, Actor 355",South Korea,2003-02-12,2003,PG-13,8 Season,Reality TV,A gripping story that unfolds over time.,2003,February,,8.0,Reality TV
s538,Movie,Golden Kingdom,Director 335,"Actor 695, Actor 337",United Kingdom,2012-12-26,2011,TV-G,161 min,"Sci-Fi & Fantasy, Children & Family Movies",A gripping story that unfolds over time.,2012,December,161.0,,Sci-Fi & Fantasy
s539,TV Show,Dark Heist,Director 250,"Actor 834, Actor 317",United Kingdom,2003-08-14,2003,TV-PG,8 Seasons,Anime Series,A gripping story that unfolds over time.,2003,August,,8.0,Anime Series
s540,Movie,Wild City,Not Given,"Actor 336, Actor 945",India,2003-10-06,2001,TV-MA,122 min,"Thrillers, Children & Family Movies",A gripping story that unfolds over time.,2003,October,122.0,,Thrillers
s541,Movie,Rising Legacy,Director 314,"Actor 606, Actor 297",United States,2008-01-25,2007,PG,156 min,Stand-Up Comedy,A gripping story that unfolds over time.,2008,January,156.0,,Stand-Up Comedy
s542,TV Show,Final Empire,Director 414,"Actor 120, Actor 915",United States,2025-08-07,2024,R,6 Seasons,"Kids' TV, International Movies",A gripping story that unfolds over time.,2025,August,,6.0,Kids' TV
s543,TV Show,Hidden Legacy,Not Given,"Actor 803, Actor 522",United Kingdom,2012-06-16,2011,R,2 Seasons,"Comedies, Romantic Movies",A gripping story that unfolds over time.,2012,June,,2.0,Comedies
s544,Movie,Silent Chronicles,Director 224,"Actor 504, Actor 737",Australia,2012-03-06,2010,TV-G,93 min,Romantic Movies,A gripping story that unfolds over time.,2012,March,93.0,,Romantic Movies
s545,Movie,Broken Empire,Director 28,"Actor 154, Actor 23",Italy,2007-01-15,2005,R,169 min,Documentaries,A gripping story that unfolds over time.,2007,January,169.0,,Documentaries
s546,Movie,Secret Heist,Director 376,"Actor 920, Actor 443",United Kingdom,2017-06-07,2015,TV-14,98 min,"Crime TV Shows, Reality TV",A gripping story that unfolds over time.,2017,June,98.0,,Crime TV Shows
s547,Movie,Dark Horizon,Director 74,"Actor 994, Actor 494",Spain,2004-10-13,2004,TV-MA,108 min,"International Movies, Documentaries",A gripping story that unfolds over time.,2004,October,108.0,,International Movies
s548,Movie,Endless Chronicles,Director 346,"Actor 81, Actor 374",United Kingdom,2016-09-19,2016,PG,152 min,Reality TV,A gripping story that unfolds over time.,2016,September,152.0,,Reality TV
s549,Movie,Silent Legacy,Not Given,"Actor 254, Actor 475",South Korea,2012-01-15,2010,TV-G,153 min,Anime Series,A gripping story that unfolds over time.,2012,January,153.0,,Anime Series
s550,Movie,Golden Empire,Director 63,"Actor 429, Actor 73",France,2021-08-15,2020,TV-MA,124 min,"Reality TV, Romantic Movies",A gripping story that unfolds over time.,2021,August,124.0,,Reality TV
s551,Movie,Rising Heist,Not Given,"Actor 572, Actor 294",Canada,2017-09-08,2014,PG-13,99 min,"Dramas, Thrillers",A gripping story that unfolds over time.,2017,September,99.0,,Dramas
s552,TV Show,Final Horizon,Director 246,"Actor 339, Actor 493",United Kingdom,2004-06-23,2001,PG-13,7 Seasons,Reality TV,A gripping story that unfolds over time.,2004,June,,7.0,Reality TV
s553,Movie,Secret City,Director 142,"Actor 251, Actor 294",France,2013-07-02,2012,TV-G,85 min,Reality TV,A gripping story that unfolds over time.,2013,July,85.0,,Reality TV
s554,Movie,Last Journey,Director 231,"Actor 478, Actor 262",Italy,2025-11-04,2024,TV-PG,107 min,"Stand-Up Comedy, Documentaries",A gripping story that unfolds over time.,2025,November,107.0,,Stand-Up Comedy
s555,Movie,Wild Shadows,Not Given,"Actor 893, Actor 351",Brazil,2012-09-14,2012,TV-G,148 min,Documentaries,A gripping story that unfolds over time.,2012,September,148.0,,Documentaries
s556,Movie,Final Empire,Not Given,"Actor 263, Actor 506",United States,2011-03-17,2009,TV-G,157 min,Sci-Fi & Fantasy,A gripping story that unfolds over time.,2011,March,157.0,,Sci-Fi & Fantasy
s557,TV Show,Hidden Kingdom,Director 342,"Actor 850, Actor 790",Canada,2018-12-09,2015,TV-G,8 Season,"Anime Series, Romantic Movies",A gripping story that unfolds over time.,2018,December,,8.0,Anime Series
s558,Movie,Final Dreams,Director 112,"Actor 717, Actor 539",India,2015-05-09,2013,PG-13,86 min,Dramas,A gripping story that unfolds over time.,2015,May,86.0,,Dramas
s559,Movie,Dark City,Director 359,"Actor 342, Actor 753",India,2009-09-17,2008,TV-MA,94 min,Anime Series,A gripping story that unfolds over time.,2009,September,94.0,,Anime Series
s560,Movie,Broken Dreams,Not Given,"Actor 17, Actor 711",Australia,2014-01-16,2011,TV-14,105 min,"Horror Movies, Dramas",A gripping story that unfolds over time.,2014,January,105.0,,Horror Movies
s561,Movie,Hidden Dreams,Director 74,"Actor 10, Actor 635",Spain,2023-02-24,2022,TV-14,134 min,"Crime TV Shows, International Movies",A gripping story that unfolds over time.,2023,February,134.0,,Crime TV Shows
s562,Movie,Golden Heist,Not Given,"Actor 776, Actor 312",United States,2014-01-08,2011,TV-MA,153 min,"Crime TV Shows, Romantic Movies",A gripping story that unfolds over time.,2014,January,153.0,,Crime TV Shows
s563,Movie,Golden Kingdom,Director 361,"Actor 104, Actor 192",Canada,2025-09-13,2023,TV-G,115 min,"Kids' TV, Horror Movies",A gripping story that unfolds over time.,2025,September,115.0,,Kids' TV
s564,Movie,Final Shadows,Director 459,"Actor 715, Actor 409",United States,2008-01-22,2008,PG-13,133 min,"Reality TV, Stand-Up Comedy",A gripping story that unfolds over time.,2008,January,133.0,,Reality TV
s565,Movie,Lost Dreams,Director 11,"Actor 138, Actor 495",South Korea,2009-11-07,2006,PG,122 min,"Stand-Up Comedy, Documentaries",A gripping story that unfolds over time.,2009,November,122.0,,Stand-Up Comedy
s566,Movie,Wild Journey,Director 482,"Actor 516, Actor 530",United States,2004-12-19,2002,TV-G,141 min,Sci-Fi & Fantasy,A gripping story that unfolds over time.,2004,December,141.0,,Sci-Fi & Fantasy
s567,TV Show,Secret Storm,Director 328,"Actor 930, Actor 360",Canada,2007-10-01,2004,PG-13,6 Seasons,"Romantic Movies, Comedies",A gripping story that unfolds over time.,2007,October,,6.0,Romantic Movies
s568,TV Show,Broken Horizon,Director 204,"Actor 985, Actor 952",Brazil,2015-06-17,2015,TV-14,8 Seasons,Children & Family Movies,A gripping story that unfolds over time.,2015,June,,8.0,Children & Family Movies
s569,Movie,Wild Signal,Director 493,"Actor 499, Actor 18",United States,2023-03-03,2022,PG,168 min,"Children & Family Movies, Sci-Fi & Fantasy",A gripping story that unfolds over time.,2023,March,168.0,,Children & Family Movies
s570,Movie,Hidden Horizon,Director 79,"Actor 169, Actor 810",South Korea,2020-03-23,2017,TV-MA,140 min,Thrillers,A gripping story that unfolds over time.,2020,March,140.0,,Thrillers
s571,TV Show,Dark Signal,Director 2,"Actor 670, Actor 30",United States,2017-05-18,2014,PG,2 Seasons,Dramas,A gripping story that unfolds over time.,2017,May,,2.0,Dramas
s572,Movie,Lost Signal,Not Given,"Actor 309, Actor 366",United States,2017-01-09,2014,TV-G,105 min,Horror Movies,A gripping story that unfolds over time.,2017,January,105.0,,Horror Movies
s573,Movie,Golden Dreams,Director 194,"Actor 530, Actor 845",South Korea,2009-02-19,2009,PG,111 min,"Comedies, International Movies",A gripping story that unfolds over time.,2009,February,111.0,,Comedies
s574,TV Show,Final Heist,Director 420,"Actor 326, Actor 649",Mexico,2025-10-21,2023,R,4 Seasons,"Horror Movies, Kids' TV",A gripping story that unfolds over time.,2025,October,,4.0,Horror Movies
s575,TV Show,Endless Horizon,Director 211,"Actor 313, Actor 604",Mexico,2011-08-17,2010,TV-PG,7 Seasons,Comedies,A gripping story that unfolds over time.,2011,August,,7.0,Comedies
s576,Movie,Wild Dreams,Director 215,"Actor 991, Actor 644",Nigeria,2011-11-20,2009,TV-Y7,82 min,Sci-Fi & Fantasy,A gripping story that unfolds over time.,2011,November,82.0,,Sci-Fi & Fantasy
s577,Movie,Rising City,Director 236,"Actor 987, Actor 166",Australia,2019-02-27,2019,TV-G,99 min,Romantic Movies,A gripping story that unfolds over time.,2019,February,99.0,,Romantic Movies
s578,TV Show,Hidden Dreams,Director 424,"Actor 5, Actor 34",Nigeria,2008-08-24,2008,R,2 Seasons,Thrillers,A gripping story that unfolds over time.,2008,August,,2.0,Thrillers
s579,Movie,Rising Horizon,Director 15,"Actor 404, Actor 290",Spain,2010-06-04,2007,TV-14,135 min,Romantic Movies,A gripping story that unfolds over time.,2010,June,135.0,,Romantic Movies
s580,Movie,Last Storm,Director 143,"Actor 451, Actor 783",United States,2020-11-19,2020,PG-13,145 min,Dramas,A gripping story that unfolds over time.,2020,November,145.0,,Dramas
s581,TV Show,Last Heist,Director 140,"Actor 953, Actor 300",Turkey,2016-03-13,2016,R,2 Season,"Dramas, Sci-Fi & Fantasy",A gripping story that unfolds over time.,2016,March,,2.0,Dramas
s582,TV Show,Last City,Director 190,"Actor 6, Actor 6",United States,2015-05-20,2012,TV-PG,2 Seasons,Romantic Movies,A gripping story that unfolds over time.,2015,May,,2.0,Romantic Movies
s583,Movie,Dark Chronicles,Director 172,"Actor 47, Actor 626",India,2009-08-19,2008,TV-G,90 min,Sci-Fi & Fantasy,A gripping story that unfolds over time.,2009,August,90.0,,Sci-Fi & Fantasy
s584,TV Show,Final Kingdom,Director 494,"Actor 234, Actor 298",Japan,2011-02-20,2009,TV-Y7,8 Seasons,Stand-Up Comedy,A gripping story that unfolds over time.,2011,February,,8.0,Stand-Up Comedy
s585,Movie,Final Dreams,Director 132,"Actor 421, Actor 904",United States,2011-09-01,2008,R,131 min,Reality TV,A gripping story that unfolds over time.,2011,September,131.0,,Reality TV
s586,Movie,Rising City,Director 162,"Actor 437, Actor 704",Germany,2016-11-23,2016,R,122 min,"Romantic Movies, Thrillers",A gripping story that unfolds over time.,2016,November,122.0,,Romantic Movies
s587,Movie,Wild Storm,Not Given,"Actor 449, Actor 743",United Kingdom,2004-05-27,2001,TV-14,101 min,"Horror Movies, International Movies",A gripping story that unfolds over time.,2004,May,101.0,,Horror Movies
s588,Movie,Lost Kingdom,Director 209,"Actor 760, Actor 295",Canada,2001-11-07,2001,TV-Y7,144 min,"Dramas, Kids' TV",A gripping story that unfolds over time.,2001,November,144.0,,Dramas
s589,TV Show,Dark Dreams,Not Given,"Actor 247, Actor 923",Mexico,2016-11-13,2016,TV-Y7,8 Seasons,Children & Family Movies,A gripping story that unfolds over time.,2016,November,,8.0,Children & Family Movies
s590,Movie,Golden Journey,Not Given,"Actor 850, Actor 663",Spain,2004-03-13,2001,TV-G,135 min,"Dramas, International Movies",A gripping story that unfolds over time.,2004,March,135.0,,Dramas
s591,Movie,Rising Journey,Director 357,"Actor 16, Actor 808",Japan,2013-07-10,2013,TV-G,156 min,Horror Movies,A gripping story that unfolds over time.,2013,July,156.0,,Horror Movies
s592,Movie,Silent Storm,Director 206,"Actor 302, Actor 678",Japan,2024-01-03,2022,TV-PG,128 min,Action & Adventure,A gripping story that unfolds over time.,2024,January,128.0,,Action & Adventure
s593,Movie,Forgotten Horizon,Director 445,"Actor 310, Actor 677",United States,2022-01-01,2019,PG,81 min,"Anime Series, Dramas",A gripping story that unfolds over time.,2022,January,81.0,,Anime Series
s594,Movie,Silent City,Director 117,"Actor 241, Actor 26",Japan,2026-03-08,2025,PG,102 min,"Children & Family Movies, Dramas",A gripping story that unfolds over time.,2026,March,102.0,,Children & Family Movies
s595,TV Show,Final Journey,Not Given,"Actor 484, Actor 766",United Kingdom,2008-05-02,2007,PG-13,1 Seasons,"Thrillers, Children & Family Movies",A gripping story that unfolds over time.,2008,May,,1.0,Thrillers
s596,Movie,Final Journey,Director 10,"Actor 446, Actor 922",Japan,2007-06-04,2005,TV-Y7,142 min,Stand-Up Comedy,A gripping story that unfolds over time.,2007,June,142.0,,Stand-Up Comedy
s597,Movie,Lost Shadows,Director 189,"Actor 452, Actor 251",United States,2022-01-04,2022,TV-Y7,98 min,Romantic Movies,A gripping story that unfolds over time.,2022,January,98.0,,Romantic Movies
s598,Movie,Silent Kingdom,Director 365,"Actor 199, Actor 601",Germany,2016-04-24,2013,TV-G,131 min,Thrillers,A gripping story that unfolds over time.,2016,April,131.0,,Thrillers
s599,Movie,Secret Signal,Director 333,"Actor 823, Actor 522",Japan,2023-10-16,2023,TV-MA,164 min,Anime Series,A gripping story that unfolds over time.,2023,October,164.0,,Anime Series
s600,TV Show,Broken Signal,Director 351,"Actor 132, Actor 995",United States,2015-03-02,2012,PG-13,7 Seasons,Comedies,A gripping story that unfolds over time.,2015,March,,7.0,Comedies
s601,Movie,Lost Journey,Director 380,"Actor 655, Actor 36",United Kingdom,2012-04-15,2012,TV-MA,70 min,Romantic Movies,A gripping story that unfolds over time.,2012,April,70.0,,Romantic Movies
s602,Movie,Silent Storm,Director 421,"Actor 113, Actor 228",United States,2023-06-23,2022,R,140 min,Dramas,A gripping story that unfolds over time.,2023,June,140.0,,Dramas
s603,Movie,Silent City,Director 468,"Actor 24, Actor 216",France,2007-02-23,2006,R,73 min,"Documentaries, Children & Family Movies",A gripping story that unfolds over time.,2007,February,73.0,,Documentaries
s604,TV Show,Dark Chronicles,Director 340,"Actor 72, Actor 352",United Kingdom,2004-10-15,2003,TV-14,7 Seasons,Reality TV,A gripping story that unfolds over time.,2004,October,,7.0,Reality TV
s605,Movie,Endless Horizon,Director 291,"Actor 762, Actor 953",United States,2010-10-18,2010,R,108 min,"Children & Family Movies, Anime Series",A gripping story that unfolds over time.,2010,October,108.0,,Children & Family Movies
s606,Movie,Golden Legacy,Not Given,"Actor 810, Actor 241",Canada,2011-12-15,2009,R,133 min,"Horror Movies, Dramas",A gripping story that unfolds over time.,2011,December,133.0,,Horror Movies
s607,Movie,Final Journey,Director 86,"Actor 216, Actor 423",United States,2026-08-22,2024,TV-MA,131 min,Dramas,A gripping story that unfolds over time.,2026,August,131.0,,Dramas
s608,Movie,Final Storm,Director 381,"Actor 509, Actor 460",Canada,2026-07-25,2024,PG,144 min,Sci-Fi & Fantasy,A gripping story that unfolds over time.,2026,July,144.0,,Sci-Fi & Fantasy
s609,Movie,Final Horizon,Director 93,"Actor 964, Actor 501",Turkey,2014-01-18,2014,TV-Y7,114 min,"International Movies, Children & Family Movies",A gripping story that unfolds over time.,2014,January,114.0,,International Movies
s610,Movie,Last Chronicles,Director 496,"Actor 690, Actor 994",Australia,2007-05-14,2005,TV-MA,160 min,"Comedies, Stand-Up Comedy",A gripping story that unfolds over time.,2007,May,160.0,,Comedies
s611,Movie,Rising Dreams,Director 332,"Actor 664, Actor 794",India,2005-02-20,2003,PG-13,126 min,Romantic Movies,A gripping story that unfolds over time.,2005,February,126.0,,Romantic Movies
s612,Movie,Dark Kingdom,Director 145,"Actor 156, Actor 782",Mexico,2012-03-02,2010,TV-14,167 min,Action & Adventure,A gripping story that unfolds over time.,2012,March,167.0,,Action & Adventure
s613,Movie,Golden Heist,Not Given,"Actor 262, Actor 523",United States,2006-09-02,2006,TV-PG,100 min,"Stand-Up Comedy, Children & Family Movies",A gripping story that unfolds over time.,2006,September,100.0,,Stand-Up Comedy
s614,Movie,Last Journey,Not Given,"Actor 304, Actor 487",Mexico,2012-05-17,2012,TV-Y7,155 min,International Movies,A gripping story that unfolds over time.,2012,May,155.0,,International Movies
s615,Movie,Endless Storm,Director 274,"Actor 155, Actor 911",United States,2026-05-17,2023,TV-G,94 min,Crime TV Shows,A gripping story that unfolds over time.,2026,May,94.0,,Crime TV Shows
s616,Movie,Rising Signal,Director 289,"Actor 916, Actor 956",United States,2022-02-16,2021,PG-13,126 min,"Documentaries, Comedies",A gripping story that unfolds over time.,2022,February,126.0,,Documentaries
s617,Movie,Dark Empire,Director 29,"Actor 787, Actor 859",United States,2018-01-24,2018,R,162 min,"Children & Family Movies, Anime Series",A gripping story that unfolds over time.,2018,January,162.0,,Children & Family Movies
s618,Movie,Broken Storm,Director 303,"Actor 90, Actor 455",Nigeria,2005-07-14,2003,PG-13,124 min,Documentaries,A gripping story that unfolds over time.,2005,July,124.0,,Documentaries
s619,Movie,Last City,Director 63,"Actor 296, Actor 84",United Kingdom,2002-02-15,2001,TV-Y7,148 min,"Action & Adventure, Documentaries",A gripping story that unfolds over time.,2002,February,148.0,,Action & Adventure
s620,TV Show,Hidden Kingdom,Director 216,"Actor 279, Actor 285",United States,2011-08-02,2009,TV-G,8 Seasons,"Kids' TV, Horror Movies",A gripping story that unfolds over time.,2011,August,,8.0,Kids' TV
s621,TV Show,Rising Legacy,Not Given,"Actor 521, Actor 471",United Kingdom,2022-03-01,2019,TV-Y7,5 Seasons,"Documentaries, International Movies",A gripping story that unfolds over time.,2022,March,,5.0,Documentaries
s622,Movie,Dark Dreams,Director 229,"Actor 781, Actor 637",India,2010-10-12,2009,TV-G,144 min,Crime TV Shows,A gripping story that unfolds over time.,2010,October,144.0,,Crime TV Shows
s623,Movie,Dark Shadows,Not Given,"Actor 25, Actor 958",Spain,2026-12-04,2025,PG,130 min,Dramas,A gripping story that unfolds over time.,2026,December,130.0,,Dramas
s624,Movie,Final Dreams,Director 470,"Actor 844, Actor 288",India,2022-01-27,2020,TV-14,100 min,Children & Family Movies,A gripping story that unfolds over time.,2022,January,100.0,,Children & Family Movies
s625,Movie,Broken City,Director 352,"Actor 799, Actor 66",Australia,2026-04-12,2023,TV-14,74 min,"Thrillers, Action & Adventure",A gripping story that unfolds over time.,2026,April,74.0,,Thrillers
s626,TV Show,Secret Legacy,Director 198,"Actor 969, Actor 837",United States,2024-01-20,2022,TV-MA,3 Seasons,"Action & Adventure, Children & Family Movies",A gripping story that unfolds over time.,2024,January,,3.0,Action & Adventure
s627,Movie,Wild Shadows,Director 360,"Actor 518, Actor 952",United States,2008-07-07,2008,PG,82 min,"Comedies, Stand-Up Comedy",A gripping story that unfolds over time.,2008,July,82.0,,Comedies
s628,Movie,Wild Heist,Director 154,"Actor 786, Actor 48",Mexico,2005-06-09,2002,PG,70 min,Children & Family Movies,A gripping story that unfolds over time.,2005,June,70.0,,Children & Family Movies
s629,Movie,Last Empire,Director 155,"Actor 486, Actor 432",Mexico,2008-11-27,2006,R,70 min,"Dramas, Thrillers",A gripping story that unfolds over time.,2008,November,70.0,,Dramas
s630,Movie,Endless Shadows,Director 436,"Actor 457, Actor 814",United States,2025-07-23,2022,TV-Y7,136 min,"Sci-Fi & Fantasy, Crime TV Shows",A gripping story that unfolds over time.,2025,July,136.0,,Sci-Fi & Fantasy
s631,Movie,Endless City,Director 301,"Actor 895, Actor 854",United States,2015-10-19,2012,TV-MA,76 min,"Stand-Up Comedy, Reality TV",A gripping story that unfolds over time.,2015,October,76.0,,Stand-Up Comedy
s632,Movie,Wild Signal,Director 458,"Actor 565, Actor 814",Spain,2016-12-13,2014,TV-MA,152 min,"Documentaries, Anime Series",A gripping story that unfolds over time.,2016,December,152.0,,Documentaries
s633,Movie,Endless Shadows,Director 292,"Actor 574, Actor 129",Australia,2007-10-19,2007,TV-Y7,120 min,"Stand-Up Comedy, Anime Series",A gripping story that unfolds over time.,2007,October,120.0,,Stand-Up Comedy
s634,Movie,Lost Journey,Director 344,"Actor 466, Actor 99",Spain,2008-06-20,2005,TV-MA,131 min,International Movies,A gripping story that unfolds over time.,2008,June,131.0,,International Movies
s635,Movie,Last Shadows,Director 394,"Actor 652, Actor 594",United Kingdom,2025-08-26,2025,TV-MA,136 min,"International Movies, Reality TV",A gripping story that unfolds over time.,2025,August,136.0,,International Movies
s636,Movie,Hidden Storm,Director 10,"Actor 370, Actor 801",United States,2013-09-07,2013,TV-14,116 min,Reality TV,A gripping story that unfolds over time.,2013,September,116.0,,Reality TV
s637,Movie,Rising Horizon,Director 129,"Actor 904, Actor 383",Japan,2007-04-04,2007,TV-Y7,159 min,"Reality TV, Stand-Up Comedy",A gripping story that unfolds over time.,2007,April,159.0,,Reality TV
s638,TV Show,Lost Kingdom,Director 448,"Actor 165, Actor 927",United Kingdom,2015-10-05,2015,R,5 Seasons,Sci-Fi & Fantasy,A gripping story that unfolds over time.,2015,October,,5.0,Sci-Fi & Fantasy
s639,Movie,Dark Dreams,Director 73,"Actor 10, Actor 573",Germany,2022-08-14,2019,TV-PG,72 min,Children & Family Movies,A gripping story that unfolds over time.,2022,August,72.0,,Children & Family Movies
s640,Movie,Rising Chronicles,Not Given,"Actor 349, Actor 139",India,2019-09-04,2019,PG-13,169 min,Crime TV Shows,A gripping story that unfolds over time.,2019,September,169.0,,Crime TV Shows
s641,TV Show,Silent Kingdom,Director 224,"Actor 801, Actor 944",Turkey,2023-02-22,2023,PG-13,1 Seasons,"Comedies, Anime Series",A gripping story that unfolds over time.,2023,February,,1.0,Comedies
s642,Movie,Hidden Kingdom,Director 218,"Actor 393, Actor 917",Australia,2018-07-20,2016,PG,141 min,"Anime Series, Romantic Movies",A gripping story that unfolds over time.,2018,July,141.0,,Anime Series
s643,Movie,Secret City,Director 122,"Actor 509, Actor 629",Australia,2003-01-10,2002,TV-MA,168 min,Dramas,A gripping story that unfolds over time.,2003,January,168.0,,Dramas
s644,Movie,Endless City,Director 126,"Actor 357, Actor 400",United Kingdom,2026-01-15,2025,PG,76 min,Kids' TV,A gripping story that unfolds over time.,2026,January,76.0,,Kids' TV
s645,Movie,Golden Storm,Not Given,"Actor 694, Actor 940",Mexico,2013-05-01,2012,R,166 min,"Dramas, Anime Series",A gripping story that unfolds over time.,2013,May,166.0,,Dramas
s646,Movie,Forgotten Signal,Not Given,"Actor 375, Actor 139",Canada,2005-08-01,2003,R,110 min,Children & Family Movies,A gripping story that unfolds over time.,2005,August,110.0,,Children & Family Movies
s647,Movie,Endless Kingdom,Director 261,"Actor 893, Actor 931",United Kingdom,2016-07-21,2015,TV-G,132 min,"International Movies, Comedies",A gripping story that unfolds over time.,2016,July,132.0,,International Movies
s648,Movie,Last Kingdom,Director 328,"Actor 65, Actor 218",United States,2005-10-19,2005,R,97 min,Documentaries,A gripping story that unfolds over time.,2005,October,97.0,,Documentaries
s649,TV Show,Silent Horizon,Director 69,"Actor 180, Actor 12",Australia,2021-09-19,2018,TV-PG,2 Seasons,Stand-Up Comedy,A gripping story that unfolds over time.,2021,September,,2.0,Stand-Up Comedy
s650,TV Show,Last Storm,Director 455,"Actor 626, Actor 533",United States,2008-12-20,2006,TV-PG,2 Seasons,Children & Family Movies,A gripping story that unfolds over time.,2008,December,,2.0,Children & Family Movies
s651,Movie,Rising Journey,Director 36,"Actor 847, Actor 422",India,2003-12-22,2000,TV-14,125 min,"Romantic Movies, Documentaries",A gripping story that unfolds over time.,2003,December,125.0,,Romantic Movies
s652,Movie,Dark Legacy,Director 350,"Actor 699, Actor 61",India,2023-04-18,2021,R,145 min,Action & Adventure,A gripping story that unfolds over time.,2023,April,145.0,,Action & Adventure
s653,Movie,Wild Journey,Director 190,"Actor 802, Actor 738",United Kingdom,2015-09-22,2015,TV-PG,71 min,"Sci-Fi & Fantasy, Dramas",A gripping story that unfolds over time.,2015,September,71.0,,Sci-Fi & Fantasy
s654,Movie,Silent Dreams,Director 249,"Actor 891, Actor 181",Japan,2024-04-07,2024,TV-PG,93 min,"Crime TV Shows, Action & Adventure",A gripping story that unfolds over time.,2024,April,93.0,,Crime TV Shows
s655,TV Show,Golden Storm,Director 330,"Actor 219, Actor 208",Brazil,2024-02-13,2021,PG-13,1 Seasons,Stand-Up Comedy,A gripping story that unfolds over time.,2024,February,,1.0,Stand-Up Comedy
s656,Movie,Dark Empire,Director 383,"Actor 701, Actor 980",United States,2009-04-15,2006,TV-MA,129 min,Action & Adventure,A gripping story that unfolds over time.,2009,April,129.0,,Action & Adventure
s657,Movie,Golden Kingdom,Not Given,"Actor 697, Actor 443",Germany,2017-09-17,2017,PG,84 min,Horror Movies,A gripping story that unfolds over time.,2017,September,84.0,,Horror Movies
s658,Movie,Golden Empire,Director 269,"Actor 171, Actor 925",India,2012-09-08,2009,TV-G,83 min,Horror Movies,A gripping story that unfolds over time.,2012,September,83.0,,Horror Movies
s659,Movie,Endless Horizon,Director 142,"Actor 790, Actor 436",Japan,2013-10-27,2011,TV-MA,86 min,"Anime Series, Crime TV Shows",A gripping story that unfolds over time.,2013,October,86.0,,Anime Series
s660,Movie,Broken Empire,Director 246,"Actor 73, Actor 150",United States,2004-06-01,2001,R,168 min,"Documentaries, Stand-Up Comedy",A gripping story that unfolds over time.,2004,June,168.0,,Documentaries
s661,Movie,Hidden Legacy,Director 113,"Actor 77, Actor 277",India,2004-08-24,2002,TV-G,77 min,"Sci-Fi & Fantasy, Documentaries",A gripping story that unfolds over time.,2004,August,77.0,,Sci-Fi & Fantasy
s662,Movie,Broken Shadows,Director 125,"Actor 736, Actor 491",France,2010-08-22,2007,PG,136 min,"Stand-Up Comedy, Sci-Fi & Fantasy",A gripping story that unfolds over time.,2010,August,136.0,,Stand-Up Comedy
s663,Movie,Wild Horizon,Director 493,"Actor 646, Actor 239",United Kingdom,2022-10-17,2022,TV-Y7,117 min,Romantic Movies,A gripping story that unfolds over time.,2022,October,117.0,,Romantic Movies
s664,TV Show,Broken Empire,Director 16,"Actor 75, Actor 618",South Korea,2019-11-08,2018,TV-PG,2 Seasons,"Kids' TV, International Movies",A gripping story that unfolds over time.,2019,November,,2.0,Kids' TV
s665,Movie,Final Signal,Not Given,"Actor 516, Actor 492",United States,2008-11-16,2006,PG-13,94 min,"Action & Adventure, Comedies",A gripping story that unfolds over time.,2008,November,94.0,,Action & Adventure
s666,Movie,Silent Shadows,Director 197,"Actor 235, Actor 923",United States,2014-03-24,2014,TV-G,84 min,International Movies,A gripping story that unfolds over time.,2014,March,84.0,,International Movies
s667,Movie,Golden Journey,Director 142,"Actor 634, Actor 285",India,2016-10-08,2016,TV-MA,169 min,"Comedies, International Movies",A gripping story that unfolds over time.,2016,October,169.0,,Comedies
s668,Movie,Silent City,Director 498,"Actor 434, Actor 758",United States,2014-03-10,2011,PG,107 min,Children & Family Movies,A gripping story that unfolds over time.,2014,March,107.0,,Children & Family Movies
s669,TV Show,Hidden City,Director 453,"Actor 775, Actor 865",South Korea,2020-08-13,2020,PG,5 Season,Romantic Movies,A gripping story that unfolds over time.,2020,August,,5.0,Romantic Movies
s670,TV Show,Forgotten City,Director 31,"Actor 676, Actor 977",South Korea,2024-11-05,2022,PG-13,5 Seasons,Kids' TV,A gripping story that unfolds over time.,2024,November,,5.0,Kids' TV
s671,TV Show,Rising Horizon,Director 436,"Actor 67, Actor 156",United Kingdom,2006-04-03,2005,TV-Y7,6 Seasons,International Movies,A gripping story that unfolds over time.,2006,April,,6.0,International Movies
s672,TV Show,Forgotten Storm,Director 390,"Actor 991, Actor 358",Canada,2025-12-15,2025,TV-PG,4 Season,Kids' TV,A gripping story that unfolds over time.,2025,December,,4.0,Kids' TV
s673,Movie,Dark Heist,Director 161,"Actor 346, Actor 476",Brazil,2003-07-12,2003,TV-MA,96 min,Comedies,A gripping story that unfolds over time.,2003,July,96.0,,Comedies
s674,Movie,Silent Kingdom,Not Given,"Actor 742, Actor 624",Japan,2018-12-27,2015,TV-14,143 min,"International Movies, Stand-Up Comedy",A gripping story that unfolds over time.,2018,December,143.0,,International Movies
s675,Movie,Secret Signal,Director 201,"Actor 830, Actor 346",Brazil,2017-03-03,2014,TV-14,78 min,"Kids' TV, Documentaries",A gripping story that unfolds over time.,2017,March,78.0,,Kids' TV
s676,TV Show,Broken Empire,Director 223,"Actor 668, Actor 178",Nigeria,2013-06-27,2011,PG,1 Season,Crime TV Shows,A gripping story that unfolds over time.,2013,June,,1.0,Crime TV Shows
s677,Movie,Rising Empire,Not Given,"Actor 480, Actor 533",United States,2021-05-12,2019,R,146 min,"Sci-Fi & Fantasy, Comedies",A gripping story that unfolds over time.,2021,May,146.0,,Sci-Fi & Fantasy
s678,Movie,Last Kingdom,Director 220,"Actor 981, Actor 173",Spain,2013-08-06,2012,PG-13,91 min,Kids' TV,A gripping story that unfolds over time.,2013,August,91.0,,Kids' TV
s679,Movie,Broken Signal,Director 246,"Actor 14, Actor 99",United States,2020-03-01,2017,TV-14,104 min,International Movies,A gripping story that unfolds over time.,2020,March,104.0,,International Movies
s680,Movie,Secret Dreams,Director 32,"Actor 181, Actor 579",Brazil,2026-10-04,2024,TV-G,117 min,Stand-Up Comedy,A gripping story that unfolds over time.,2026,October,117.0,,Stand-Up Comedy
s681,Movie,Final Shadows,Director 373,"Actor 129, Actor 256",Spain,2001-09-06,2001,TV-MA,156 min,Dramas,A gripping story that unfolds over time.,2001,September,156.0,,Dramas
s682,Movie,Secret Shadows,Director 437,"Actor 26, Actor 573",Spain,2011-01-08,2009,TV-14,107 min,Stand-Up Comedy,A gripping story that unfolds over time.,2011,January,107.0,,Stand-Up Comedy
s683,TV Show,Golden Shadows,Director 28,"Actor 136, Actor 925",France,2017-03-21,2016,PG,7 Seasons,Documentaries,A gripping story that unfolds over time.,2017,March,,7.0,Documentaries
s684,Movie,Wild Heist,Not Given,"Actor 892, Actor 822",Canada,2026-10-06,2023,TV-PG,83 min,"International Movies, Dramas",A gripping story that unfolds over time.,2026,October,83.0,,International Movies
s685,Movie,Broken City,Director 317,"Actor 682, Actor 129",United States,2007-04-06,2006,TV-Y7,122 min,"Dramas, Children & Family Movies",A gripping story that unfolds over time.,2007,April,122.0,,Dramas
s686,TV Show,Final Horizon,Director 382,"Actor 231, Actor 308",United States,2025-01-18,2025,TV-MA,2 Seasons,Reality TV,A gripping story that unfolds over time.,2025,January,,2.0,Reality TV
s687,TV Show,Endless Storm,Director 155,"Actor 79, Actor 948",Australia,2014-07-02,2011,PG,5 Season,"Anime Series, Sci-Fi & Fantasy",A gripping story that unfolds over time.,2014,July,,5.0,Anime Series
s688,TV Show,Lost Empire,Not Given,"Actor 245, Actor 448",Mexico,2019-01-13,2017,TV-PG,8 Seasons,Reality TV,A gripping story that unfolds over time.,2019,January,,8.0,Reality TV
s689,Movie,Rising City,Director 424,"Actor 154, Actor 237",France,2025-12-05,2024,PG,131 min,"Comedies, Action & Adventure",A gripping story that unfolds over time.,2025,December,131.0,,Comedies
s690,TV Show,Last Storm,Director 257,"Actor 839, Actor 218",Nigeria,2009-12-15,2007,R,5 Season,Crime TV Shows,A gripping story that unfolds over time.,2009,December,,5.0,Crime TV Shows
s691,TV Show,Hidden Kingdom,Director 138,"Actor 754, Actor 906",United States,2018-11-09,2017,PG-13,8 Seasons,International Movies,A gripping story that unfolds over time.,2018,November,,8.0,International Movies
s692,Movie,Wild Legacy,Director 457,"Actor 701, Actor 979",South Korea,2010-08-14,2007,R,119 min,"Reality TV, Romantic Movies",A gripping story that unfolds over time.,2010,August,119.0,,Reality TV
s693,Movie,Rising Storm,Not Given,"Actor 265, Actor 264",South Korea,2022-05-14,2019,TV-G,119 min,"Stand-Up Comedy, Sci-Fi & Fantasy",A gripping story that unfolds over time.,2022,May,119.0,,Stand-Up Comedy
s694,Movie,Hidden Legacy,Director 461,"Actor 633, Actor 346",France,2018-04-20,2018,PG,82 min,Dramas,A gripping story that unfolds over time.,2018,April,82.0,,Dramas
s695,Movie,Last Storm,Not Given,"Actor 825, Actor 153",Brazil,2017-08-24,2016,TV-14,149 min,"Thrillers, International Movies",A gripping story that unfolds over time.,2017,August,149.0,,Thrillers
s696,Movie,Silent Shadows,Director 146,"Actor 880, Actor 688",Japan,2026-06-25,2023,TV-Y7,78 min,"Thrillers, Documentaries",A gripping story that unfolds over time.,2026,June,78.0,,Thrillers
s697,Movie,Last Dreams,Director 297,"Actor 682, Actor 518",Japan,2019-10-05,2018,TV-G,146 min,Anime Series,A gripping story that unfolds over time.,2019,October,146.0,,Anime Series
s698,Movie,Golden Legacy,Not Given,"Actor 766, Actor 404",Germany,2014-09-05,2011,TV-Y7,150 min,"International Movies, Horror Movies",A gripping story that unfolds over time.,2014,September,150.0,,International Movies
s699,TV Show,Broken Shadows,Director 186,"Actor 527, Actor 913",United States,2026-02-23,2023,TV-14,7 Season,Crime TV Shows,A gripping story that unfolds over time.,2026,February,,7.0,Crime TV Shows
s700,TV Show,Silent Chronicles,Director 425,"Actor 906, Actor 12",United States,2017-01-15,2017,TV-14,2 Season,"Documentaries, Thrillers",A gripping story that unfolds over time.,2017,January,,2.0,Documentaries
s701,Movie,Golden City,Director 251,"Actor 123, Actor 325",United Kingdom,2020-07-26,2017,TV-14,106 min,"Kids' TV, Crime TV Shows",A gripping story that unfolds over time.,2020,July,106.0,,Kids' TV
s702,Movie,Secret Empire,Director 353,"Actor 813, Actor 91",Spain,2009-12-08,2009,PG-13,90 min,Reality TV,A gripping story that unfolds over time.,2009,December,90.0,,Reality TV
s703,TV Show,Rising Storm,Director 103,"Actor 582, Actor 631",Spain,2022-03-11,2022,PG-13,3 Seasons,Action & Adventure,A gripping story that unfolds over time.,2022,March,,3.0,Action & Adventure
s704,Movie,Wild Signal,Director 65,"Actor 117, Actor 665",Italy,2026-08-04,2025,TV-Y7,94 min,Sci-Fi & Fantasy,A gripping story that unfolds over time.,2026,August,94.0,,Sci-Fi & Fantasy
s705,Movie,Golden Storm,Director 204,"Actor 646, Actor 594",United States,2007-08-08,2006,R,78 min,Action & Adventure,A gripping story that unfolds over time.,2007,August,78.0,,Action & Adventure
s706,Movie,Broken Journey,Director 411,"Actor 98, Actor 456",Japan,2020-08-19,2019,PG,92 min,"Horror Movies, Dramas",A gripping story that unfolds over time.,2020,August,92.0,,Horror Movies
s707,TV Show,Broken Chronicles,Director 414,"Actor 389, Actor 81",Turkey,2026-03-18,2025,TV-14,4 Seasons,"International Movies, Children & Family Movies",A gripping story that unfolds over time.,2026,March,,4.0,International Movies
s708,Movie,Endless Journey,Director 79,"Actor 662, Actor 873",United States,2013-02-27,2011,R,86 min,"Children & Family Movies, Kids' TV",A gripping story that unfolds over time.,2013,February,86.0,,Children & Family Movies
s709,Movie,Final Horizon,Director 343,"Actor 700, Actor 635",United States,2006-03-12,2006,TV-PG,96 min,"Romantic Movies, Sci-Fi & Fantasy",A gripping story that unfolds over time.,2006,March,96.0,,Romantic Movies
s710,Movie,Dark City,Director 286,"Actor 991, Actor 855",South Korea,2017-06-01,2014,TV-PG,113 min,"Children & Family Movies, Thrillers",A gripping story that unfolds over time.,2017,June,113.0,,Children & Family Movies
s711,Movie,Wild Journey,Not Given,"Actor 169, Actor 443",United States,2014-03-16,2012,PG,72 min,Comedies,A gripping story that unfolds over time.,2014,March,72.0,,Comedies
s712,Movie,Broken City,Director 318,"Actor 730, Actor 600",Turkey,2021-05-24,2020,TV-Y7,95 min,Crime TV Shows,A gripping story that unfolds over time.,2021,May,95.0,,Crime TV Shows
s713,Movie,Rising Shadows,Director 78,"Actor 472, Actor 28",Canada,2026-06-16,2023,TV-PG,149 min,"Dramas, Children & Family Movies",A gripping story that unfolds over time.,2026,June,149.0,,Dramas
s714,Movie,Rising Shadows,Not Given,"Actor 869, Actor 520",Canada,2000-09-21,2000,TV-Y7,95 min,"Documentaries, Horror Movies",A gripping story that unfolds over time.,2000,September,95.0,,Documentaries
s715,Movie,Golden Shadows,Director 413,"Actor 624, Actor 111",Germany,2002-01-08,2000,TV-14,92 min,"Action & Adventure, Thrillers",A gripping story that unfolds over time.,2002,January,92.0,,Action & Adventure
s716,TV Show,Forgotten City,Not Given,"Actor 463, Actor 855",Spain,2017-01-22,2014,TV-Y7,7 Seasons,"Reality TV, Romantic Movies",A gripping story that unfolds over time.,2017,January,,7.0,Reality TV
s717,TV Show,Final Kingdom,Director 356,"Actor 100, Actor 725",United States,2024-11-14,2021,TV-G,8 Seasons,"Anime Series, Crime TV Shows",A gripping story that unfolds over time.,2024,November,,8.0,Anime Series
s718,Movie,Wild Journey,Director 263,"Actor 426, Actor 166",India,2007-09-20,2006,TV-MA,82 min,Horror Movies,A gripping story that unfolds over time.,2007,September,82.0,,Horror Movies
s719,Movie,Wild Kingdom,Not Given,"Actor 657, Actor 345",United States,2026-11-24,2023,PG-13,156 min,"International Movies, Romantic Movies",A gripping story that unfolds over time.,2026,November,156.0,,International Movies
s720,Movie,Endless Legacy,Director 483,"Actor 998, Actor 234",United States,2026-08-24,2023,TV-MA,120 min,"Romantic Movies, International Movies",A gripping story that unfolds over time.,2026,August,120.0,,Romantic Movies
s721,Movie,Broken City,Director 483,"Actor 869, Actor 537",United States,2011-07-16,2008,TV-14,83 min,Reality TV,A gripping story that unfolds over time.,2011,July,83.0,,Reality TV
s722,TV Show,Final Signal,Director 303,"Actor 928, Actor 414",United States,2014-09-04,2013,TV-PG,4 Seasons,"Stand-Up Comedy, Sci-Fi & Fantasy",A gripping story that unfolds over time.,2014,September,,4.0,Stand-Up Comedy
s723,Movie,Last Kingdom,Director 473,"Actor 416, Actor 979",France,2026-05-24,2025,TV-Y7,111 min,"Stand-Up Comedy, Sci-Fi & Fantasy",A gripping story that unfolds over time.,2026,May,111.0,,Stand-Up Comedy
s724,TV Show,Dark Heist,Not Given,"Actor 995, Actor 546",India,2006-01-04,2004,R,1 Season,Action & Adventure,A gripping story that unfolds over time.,2006,January,,1.0,Action & Adventure
s725,Movie,Forgotten Journey,Director 235,"Actor 640, Actor 936",Australia,2011-08-22,2009,TV-MA,121 min,Documentaries,A gripping story that unfolds over time.,2011,August,121.0,,Documentaries
s726,Movie,Forgotten Chronicles,Director 417,"Actor 515, Actor 215",Japan,2005-12-11,2004,R,149 min,"Documentaries, Sci-Fi & Fantasy",A gripping story that unfolds over time.,2005,December,149.0,,Documentaries
s727,Movie,Forgotten City,Not Given,"Actor 561, Actor 227",United States,2026-09-09,2025,TV-Y7,114 min,Action & Adventure,A gripping story that unfolds over time.,2026,September,114.0,,Action & Adventure
s728,TV Show,Final Storm,Director 169,"Actor 103, Actor 866",Mexico,2022-05-19,2021,TV-Y7,8 Season,"Reality TV, Crime TV Shows",A gripping story that unfolds over time.,2022,May,,8.0,Reality TV
s729,Movie,Silent Heist,Director 221,"Actor 712, Actor 417",Brazil,2020-09-09,2017,TV-MA,129 min,Romantic Movies,A gripping story that unfolds over time.,2020,September,129.0,,Romantic Movies
s730,TV Show,Rising Horizon,Director 146,"Actor 233, Actor 371",Canada,2010-10-26,2010,TV-14,3 Seasons,International Movies,A gripping story that unfolds over time.,2010,October,,3.0,International Movies
s731,Movie,Golden Signal,Not Given,"Actor 501, Actor 383",Spain,2017-11-03,2017,TV-PG,107 min,Sci-Fi & Fantasy,A gripping story that unfolds over time.,2017,November,107.0,,Sci-Fi & Fantasy
s732,Movie,Golden Dreams,Director 426,"Actor 649, Actor 791",India,2025-09-14,2024,PG-13,70 min,"Action & Adventure, Horror Movies",A gripping story that unfolds over time.,2025,September,70.0,,Action & Adventure
s733,Movie,Silent Journey,Not Given,"Actor 57, Actor 240",Australia,2026-02-01,2025,TV-14,152 min,Sci-Fi & Fantasy,A gripping story that unfolds over time.,2026,February,152.0,,Sci-Fi & Fantasy
s734,TV Show,Golden Empire,Director 33,"Actor 647, Actor 767",United States,2010-10-22,2008,TV-G,1 Seasons,Romantic Movies,A gripping story that unfolds over time.,2010,October,,1.0,Romantic Movies
s735,TV Show,Dark Kingdom,Not Given,"Actor 959, Actor 130",India,2015-09-15,2014,TV-G,6 Seasons,"Horror Movies, Dramas",A gripping story that unfolds over time.,2015,September,,6.0,Horror Movies
s736,TV Show,Wild Legacy,Director 92,"Actor 512, Actor 88",France,2006-04-17,2004,PG,5 Season,Children & Family Movies,A gripping story that unfolds over time.,2006,April,,5.0,Children & Family Movies
s737,Movie,Hidden Horizon,Not Given,"Actor 149, Actor 380",Canada,2026-03-11,2025,TV-PG,79 min,International Movies,A gripping story that unfolds over time.,2026,March,79.0,,International Movies
s738,Movie,Dark Legacy,Director 209,"Actor 271, Actor 933",United States,2006-06-13,2005,TV-Y7,109 min,Horror Movies,A gripping story that unfolds over time.,2006,June,109.0,,Horror Movies
s739,Movie,Forgotten Chronicles,Director 83,"Actor 427, Actor 949",United Kingdom,2000-01-15,2000,PG,144 min,"Crime TV Shows, Dramas",A gripping story that unfolds over time.,2000,January,144.0,,Crime TV Shows
s740,Movie,Broken Empire,Director 146,"Actor 81, Actor 322",Brazil,2007-03-19,2005,TV-14,90 min,"International Movies, Dramas",A gripping story that unfolds over time.,2007,March,90.0,,International Movies
s741,TV Show,Lost Chronicles,Director 164,"Actor 419, Actor 472",India,2000-08-07,2000,PG,6 Seasons,Romantic Movies,A gripping story that unfolds over time.,2000,August,,6.0,Romantic Movies
s742,TV Show,Last Signal,Not Given,"Actor 846, Actor 140",United States,2026-11-18,2023,TV-Y7,6 Seasons,"Comedies, Romantic Movies",A gripping story that unfolds over time.,2026,November,,6.0,Comedies
s743,Movie,Rising Heist,Director 39,"Actor 697, Actor 83",United States,2023-09-03,2023,TV-PG,124 min,"Comedies, International Movies",A gripping story that unfolds over time.,2023,September,124.0,,Comedies
s744,TV Show,Dark Storm,Director 252,"Actor 329, Actor 931",India,2020-06-08,2019,R,4 Seasons,Reality TV,A gripping story that unfolds over time.,2020,June,,4.0,Reality TV
s745,Movie,Wild Chronicles,Director 139,"Actor 122, Actor 420",Canada,2003-07-17,2001,TV-G,140 min,"Dramas, Reality TV",A gripping story that unfolds over time.,2003,July,140.0,,Dramas
s746,TV Show,Final Chronicles,Director 1,"Actor 553, Actor 685",United States,2008-07-24,2006,R,1 Seasons,Romantic Movies,A gripping story that unfolds over time.,2008,July,,1.0,Romantic Movies
s747,Movie,Hidden Dreams,Director 57,"Actor 342, Actor 530",Italy,2020-01-16,2019,TV-PG,122 min,Romantic Movies,A gripping story that unfolds over time.,2020,January,122.0,,Romantic Movies
s748,Movie,Broken Dreams,Director 116,"Actor 686, Actor 693",Germany,2017-08-02,2014,TV-G,143 min,"Reality TV, Action & Adventure",A gripping story that unfolds over time.,2017,August,143.0,,Reality TV
s749,Movie,Dark City,Director 218,"Actor 719, Actor 590",India,2023-01-16,2022,R,102 min,"Horror Movies, Anime Series",A gripping story that unfolds over time.,2023,January,102.0,,Horror Movies
s750,Movie,Golden Shadows,Director 58,"Actor 851, Actor 447",Turkey,2006-08-09,2004,R,81 min,"Horror Movies, Sci-Fi & Fantasy",A gripping story that unfolds over time.,2006,August,81.0,,Horror Movies
s751,TV Show,Silent Heist,Not Given,"Actor 49, Actor 787",United States,2021-10-23,2018,PG-13,3 Seasons,Stand-Up Comedy,A gripping story that unfolds over time.,2021,October,,3.0,Stand-Up Comedy
s752,Movie,Rising Empire,Director 295,"Actor 580, Actor 189",France,2007-08-12,2006,PG-13,109 min,Comedies,A gripping story that unfolds over time.,2007,August,109.0,,Comedies
s753,Movie,Final Journey,Not Given,"Actor 457, Actor 601",United States,2024-06-14,2023,TV-PG,91 min,Reality TV,A gripping story that unfolds over time.,2024,June,91.0,,Reality TV
s754,Movie,Hidden Heist,Director 242,"Actor 491, Actor 665",United States,2015-05-04,2014,TV-PG,117 min,"International Movies, Dramas",A gripping story that unfolds over time.,2015,May,117.0,,International Movies
s755,Movie,Rising Journey,Not Given,"Actor 366, Actor 82",India,2014-10-22,2012,PG-13,135 min,Comedies,A gripping story that unfolds over time.,2014,October,135.0,,Comedies
s756,Movie,Hidden Shadows,Not Given,"Actor 700, Actor 864",Turkey,2003-02-21,2002,TV-Y7,71 min,Stand-Up Comedy,A gripping story that unfolds over time.,2003,February,71.0,,Stand-Up Comedy
s757,Movie,Hidden Horizon,Director 473,"Actor 410, Actor 403",South Korea,2017-04-04,2016,TV-MA,160 min,Sci-Fi & Fantasy,A gripping story that unfolds over time.,2017,April,160.0,,Sci-Fi & Fantasy
s758,Movie,Forgotten City,Not Given,"Actor 706, Actor 196",Mexico,2015-02-18,2013,PG,110 min,Comedies,A gripping story that unfolds over time.,2015,February,110.0,,Comedies
s759,Movie,Rising City,Director 341,"Actor 903, Actor 785",Nigeria,2007-05-16,2004,TV-PG,80 min,Comedies,A gripping story that unfolds over time.,2007,May,80.0,,Comedies
s760,Movie,Endless Empire,Director 290,"Actor 109, Actor 777",Japan,2023-01-12,2021,R,136 min,Dramas,A gripping story that unfolds over time.,2023,January,136.0,,Dramas
s761,Movie,Secret City,Director 112,"Actor 452, Actor 413",Japan,2013-07-06,2012,PG,134 min,Children & Family Movies,A gripping story that unfolds over time.,2013,July,134.0,,Children & Family Movies
s762,Movie,Secret City,Director 232,"Actor 458, Actor 375",United States,2014-08-11,2012,R,126 min,Romantic Movies,A gripping story that unfolds over time.,2014,August,126.0,,Romantic Movies
s763,Movie,Dark Storm,Director 308,"Actor 493, Actor 411",Turkey,2023-11-26,2022,TV-14,144 min,Children & Family Movies,A gripping story that unfolds over time.,2023,November,144.0,,Children & Family Movies
s764,Movie,Dark Empire,Director 128,"Actor 269, Actor 551",India,2022-03-23,2021,PG-13,82 min,Action & Adventure,A gripping story that unfolds over time.,2022,March,82.0,,Action & Adventure
s765,Movie,Golden Chronicles,Director 296,"Actor 293, Actor 334",Canada,2020-01-16,2019,TV-G,91 min,"Reality TV, Dramas",A gripping story that unfolds over time.,2020,January,91.0,,Reality TV
s766,Movie,Final Signal,Director 490,"Actor 882, Actor 464",United Kingdom,2017-08-13,2015,PG-13,137 min,Horror Movies,A gripping story that unfolds over time.,2017,August,137.0,,Horror Movies
s767,Movie,Hidden Storm,Not Given,"Actor 327, Actor 716",Brazil,2023-01-03,2020,PG,120 min,"Anime Series, Comedies",A gripping story that unfolds over time.,2023,January,120.0,,Anime Series
s768,TV Show,Last Heist,Director 107,"Actor 637, Actor 301",India,2018-04-11,2017,TV-PG,2 Seasons,"Action & Adventure, Documentaries",A gripping story that unfolds over time.,2018,April,,2.0,Action & Adventure
s769,Movie,Silent Shadows,Director 9,"Actor 450, Actor 697",Mexico,2020-01-07,2017,TV-G,103 min,"Stand-Up Comedy, Children & Family Movies",A gripping story that unfolds over time.,2020,January,103.0,,Stand-Up Comedy
s770,Movie,Endless Kingdom,Director 326,"Actor 640, Actor 638",United States,2024-07-16,2021,TV-PG,113 min,"Sci-Fi & Fantasy, Reality TV",A gripping story that unfolds over time.,2024,July,113.0,,Sci-Fi & Fantasy
s771,TV Show,Secret Dreams,Director 46,"Actor 505, Actor 540",Brazil,2014-01-02,2014,R,7 Seasons,"Stand-Up Comedy, Dramas",A gripping story that unfolds over time.,2014,January,,7.0,Stand-Up Comedy
s772,Movie,Golden Chronicles,Director 63,"Actor 820, Actor 279",Italy,2017-02-11,2014,TV-MA,128 min,Kids' TV,A gripping story that unfolds over time.,2017,February,128.0,,Kids' TV
s773,Movie,Wild City,Not Given,"Actor 270, Actor 395",India,2007-07-19,2007,TV-G,85 min,"Action & Adventure, Sci-Fi & Fantasy",A gripping story that unfolds over time.,2007,July,85.0,,Action & Adventure
s774,Movie,Endless Chronicles,Director 2,"Actor 309, Actor 119",Mexico,2025-07-07,2025,TV-MA,138 min,"Romantic Movies, Stand-Up Comedy",A gripping story that unfolds over time.,2025,July,138.0,,Romantic Movies
s775,Movie,Golden Horizon,Not Given,"Actor 121, Actor 499",Nigeria,2020-11-18,2019,TV-Y7,128 min,Crime TV Shows,A gripping story that unfolds over time.,2020,November,128.0,,Crime TV Shows
s776,Movie,Rising Shadows,Director 55,"Actor 956, Actor 727",Japan,2025-06-08,2023,TV-Y7,118 min,Crime TV Shows,A gripping story that unfolds over time.,2025,June,118.0,,Crime TV Shows
s777,Movie,Endless Dreams,Director 160,"Actor 76, Actor 611",Brazil,2010-11-20,2007,TV-14,148 min,"Comedies, Sci-Fi & Fantasy",A gripping story that unfolds over time.,2010,November,148.0,,Comedies
s778,TV Show,Last Heist,Director 176,"Actor 417, Actor 708",United States,2019-08-06,2019,TV-G,7 Seasons,International Movies,A gripping story that unfolds over time.,2019,August,,7.0,International Movies
s779,Movie,Endless Journey,Not Given,"Actor 836, Actor 277",Canada,2005-10-14,2002,TV-G,76 min,Documentaries,A gripping story that unfolds over time.,2005,October,76.0,,Documentaries
s780,Movie,Last City,Director 197,"Actor 382, Actor 581",United States,2010-11-26,2007,TV-G,89 min,Sci-Fi & Fantasy,A gripping story that unfolds over time.,2010,November,89.0,,Sci-Fi & Fantasy
s781,Movie,Rising Empire,Director 215,"Actor 579, Actor 229",United Kingdom,2013-09-01,2012,PG-13,110 min,Kids' TV,A gripping story that unfolds over time.,2013,September,110.0,,Kids' TV
s782,Movie,Forgotten Legacy,Director 416,"Actor 203, Actor 229",United Kingdom,2017-07-24,2017,TV-Y7,166 min,Thrillers,A gripping story that unfolds over time.,2017,July,166.0,,Thrillers
s783,Movie,Lost Legacy,Not Given,"Actor 78, Actor 928",France,2022-03-03,2022,PG,169 min,Reality TV,A gripping story that unfolds over time.,2022,March,169.0,,Reality TV
s784,Movie,Secret Empire,Not Given,"Actor 658, Actor 978",Spain,2018-05-06,2018,TV-Y7,98 min,Comedies,A gripping story that unfolds over time.,2018,May,98.0,,Comedies
s785,Movie,Secret Heist,Director 227,"Actor 273, Actor 938",United Kingdom,2010-04-03,2009,TV-14,88 min,Comedies,A gripping story that unfolds over time.,2010,April,88.0,,Comedies
s786,TV Show,Forgotten Horizon,Director 1,"Actor 358, Actor 115",United Kingdom,2018-02-07,2016,TV-14,7 Seasons,"Dramas, Anime Series",A gripping story that unfolds over time.,2018,February,,7.0,Dramas
s787,Movie,Final Storm,Director 16,"Actor 745, Actor 421",South Korea,2008-08-09,2007,TV-14,105 min,Documentaries,A gripping story that unfolds over time.,2008,August,105.0,,Documentaries
s788,Movie,Endless Heist,Director 64,"Actor 199, Actor 256",United States,2016-04-22,2013,R,101 min,"Anime Series, Kids' TV",A gripping story that unfolds over time.,2016,April,101.0,,Anime Series
s789,Movie,Hidden City,Director 325,"Actor 970, Actor 458",France,2001-03-21,2001,R,98 min,Sci-Fi & Fantasy,A gripping story that unfolds over time.,2001,March,98.0,,Sci-Fi & Fantasy
s790,Movie,Hidden Empire,Director 111,"Actor 224, Actor 75",United States,2006-06-26,2005,PG-13,140 min,"International Movies, Horror Movies",A gripping story that unfolds over time.,2006,June,140.0,,International Movies
s791,TV Show,Final Kingdom,Director 431,"Actor 142, Actor 897",United States,2021-12-17,2021,TV-PG,5 Seasons,"Action & Adventure, Documentaries",A gripping story that unfolds over time.,2021,December,,5.0,Action & Adventure
s792,Movie,Broken Empire,Director 122,"Actor 759, Actor 698",Spain,2009-08-16,2008,TV-Y7,108 min,"Horror Movies, Thrillers",A gripping story that unfolds over time.,2009,August,108.0,,Horror Movies
s793,Movie,Silent Journey,Not Given,"Actor 381, Actor 825",Canada,2023-04-25,2021,TV-PG,99 min,Children & Family Movies,A gripping story that unfolds over time.,2023,April,99.0,,Children & Family Movies
s794,TV Show,Rising Heist,Director 154,"Actor 565, Actor 142",France,2016-04-16,2016,TV-PG,8 Seasons,"Reality TV, Crime TV Shows",A gripping story that unfolds over time.,2016,April,,8.0,Reality TV
s795,TV Show,Silent Heist,Director 232,"Actor 212, Actor 8",India,2006-10-26,2003,PG-13,8 Seasons,Comedies,A gripping story that unfolds over time.,2006,October,,8.0,Comedies
s796,TV Show,Golden Storm,Director 354,"Actor 354, Actor 219",Mexico,2026-05-15,2025,PG-13,5 Season,Stand-Up Comedy,A gripping story that unfolds over time.,2026,May,,5.0,Stand-Up Comedy
s797,Movie,Silent City,Director 377,"Actor 664, Actor 198",Japan,2023-04-17,2021,TV-PG,148 min,"Dramas, Reality TV",A gripping story that unfolds over time.,2023,April,148.0,,Dramas
s798,Movie,Lost City,Director 63,"Actor 655, Actor 756",Italy,2020-09-04,2018,TV-MA,73 min,"Sci-Fi & Fantasy, Documentaries",A gripping story that unfolds over time.,2020,September,73.0,,Sci-Fi & Fantasy
s799,TV Show,Wild Kingdom,Director 362,"Actor 465, Actor 132",Turkey,2006-11-17,2006,TV-Y7,8 Seasons,"Anime Series, Documentaries",A gripping story that unfolds over time.,2006,November,,8.0,Anime Series
s800,TV Show,Rising Chronicles,Not Given,"Actor 977, Actor 949",India,2001-08-01,2000,TV-Y7,2 Seasons,"International Movies, Sci-Fi & Fantasy",A gripping story that unfolds over time.,2001,August,,2.0,International Movies
s801,TV Show,Endless Storm,Not Given,"Actor 66, Actor 943",Spain,2014-06-01,2013,TV-14,7 Seasons,"International Movies, Dramas",A gripping story that unfolds over time.,2014,June,,7.0,International Movies
s802,Movie,Last Empire,Not Given,"Actor 495, Actor 326",South Korea,2019-12-05,2018,PG,72 min,"International Movies, Comedies",A gripping story that unfolds over time.,2019,December,72.0,,International Movies
s803,Movie,Rising Chronicles,Director 379,"Actor 817, Actor 603",Japan,2012-03-12,2012,TV-MA,149 min,"Romantic Movies, Reality TV",A gripping story that unfolds over time.,2012,March,149.0,,Romantic Movies
s804,Movie,Hidden Heist,Director 161,"Actor 186, Actor 903",Canada,2011-01-15,2011,TV-14,115 min,Anime Series,A gripping story that unfolds over time.,2011,January,115.0,,Anime Series
s805,Movie,Hidden City,Not Given,"Actor 461, Actor 807",Spain,2011-06-20,2009,TV-MA,152 min,Stand-Up Comedy,A gripping story that unfolds over time.,2011,June,152.0,,Stand-Up Comedy
s806,Movie,Secret Legacy,Director 166,"Actor 596, Actor 493",Japan,2008-08-16,2005,PG,115 min,"Kids' TV, Comedies",A gripping story that unfolds over time.,2008,August,115.0,,Kids' TV
s807,Movie,Final Legacy,Director 104,"Actor 247, Actor 812",United Kingdom,2012-03-23,2010,R,89 min,"Thrillers, Documentaries",A gripping story that unfolds over time.,2012,March,89.0,,Thrillers
s808,TV Show,Lost Signal,Not Given,"Actor 562, Actor 825",India,2021-07-18,2020,PG-13,4 Seasons,Kids' TV,A gripping story that unfolds over time.,2021,July,,4.0,Kids' TV
s809,Movie,Wild Empire,Not Given,"Actor 309, Actor 749",Australia,2021-08-17,2020,PG-13,164 min,Crime TV Shows,A gripping story that unfolds over time.,2021,August,164.0,,Crime TV Shows
s810,Movie,Lost Signal,Director 292,"Actor 893, Actor 50",India,2004-10-11,2002,TV-14,77 min,"Sci-Fi & Fantasy, International Movies",A gripping story that unfolds over time.,2004,October,77.0,,Sci-Fi & Fantasy
s811,Movie,Hidden City,Director 454,"Actor 632, Actor 278",Australia,2026-05-10,2025,PG-13,105 min,Kids' TV,A gripping story that unfolds over time.,2026,May,105.0,,Kids' TV
s812,Movie,Final Kingdom,Director 17,"Actor 836, Actor 797",Spain,2010-04-23,2009,R,129 min,Anime Series,A gripping story that unfolds over time.,2010,April,129.0,,Anime Series
s813,TV Show,Endless Journey,Not Given,"Actor 449, Actor 332",United Kingdom,2009-06-08,2006,PG-13,3 Seasons,Kids' TV,A gripping story that unfolds over time.,2009,June,,3.0,Kids' TV
s814,Movie,Dark Signal,Director 495,"Actor 493, Actor 169",United States,2004-11-02,2001,TV-PG,71 min,Documentaries,A gripping story that unfolds over time.,2004,November,71.0,,Documentaries
s815,Movie,Golden Storm,Director 477,"Actor 582, Actor 850",France,2004-01-17,2004,TV-14,126 min,Children & Family Movies,A gripping story that unfolds over time.,2004,January,126.0,,Children & Family Movies
s816,Movie,Silent Signal,Director 185,"Actor 54, Actor 37",United Kingdom,2015-10-19,2013,PG-13,125 min,Children & Family Movies,A gripping story that unfolds over time.,2015,October,125.0,,Children & Family Movies
s817,Movie,Secret Shadows,Not Given,"Actor 281, Actor 867",France,2015-12-01,2012,TV-PG,75 min,"Kids' TV, Children & Family Movies",A gripping story that unfolds over time.,2015,December,75.0,,Kids' TV
s818,Movie,Hidden Kingdom,Not Given,"Actor 819, Actor 244",Spain,2023-11-27,2021,TV-Y7,79 min,Stand-Up Comedy,A gripping story that unfolds over time.,2023,November,79.0,,Stand-Up Comedy
s819,Movie,Dark Heist,Not Given,"Actor 184, Actor 35",India,2018-09-06,2018,TV-G,136 min,Dramas,A gripping story that unfolds over time.,2018,September,136.0,,Dramas
s820,Movie,Lost Shadows,Director 19,"Actor 854, Actor 371",United States,2022-08-11,2019,TV-G,72 min,Crime TV Shows,A gripping story that unfolds over time.,2022,August,72.0,,Crime TV Shows
s821,Movie,Silent Chronicles,Director 105,"Actor 71, Actor 943",Germany,2002-05-20,2002,PG,126 min,"Kids' TV, International Movies",A gripping story that unfolds over time.,2002,May,126.0,,Kids' TV
s822,TV Show,Wild Dreams,Director 270,"Actor 671, Actor 157",Spain,2014-04-27,2011,TV-Y7,6 Seasons,"Dramas, Action & Adventure",A gripping story that unfolds over time.,2014,April,,6.0,Dramas
s823,Movie,Dark City,Director 401,"Actor 816, Actor 340",United States,2003-08-22,2002,PG,86 min,"Comedies, Children & Family Movies",A gripping story that unfolds over time.,2003,August,86.0,,Comedies
s824,TV Show,Wild Shadows,Not Given,"Actor 985, Actor 283",Canada,2016-05-15,2013,TV-14,8 Seasons,"Anime Series, International Movies",A gripping story that unfolds over time.,2016,May,,8.0,Anime Series
s825,TV Show,Silent Kingdom,Director 361,"Actor 918, Actor 262",India,2011-08-11,2009,PG-13,5 Seasons,Sci-Fi & Fantasy,A gripping story that unfolds over time.,2011,August,,5.0,Sci-Fi & Fantasy
s826,Movie,Final Horizon,Director 486,"Actor 444, Actor 566",Australia,2006-12-23,2003,TV-MA,147 min,Reality TV,A gripping story that unfolds over time.,2006,December,147.0,,Reality TV
s827,Movie,Last Storm,Director 404,"Actor 525, Actor 447",France,2009-08-12,2008,TV-Y7,146 min,Comedies,A gripping story that unfolds over time.,2009,August,146.0,,Comedies
s828,Movie,Secret Empire,Director 297,"Actor 458, Actor 691",Spain,2003-03-10,2001,R,146 min,"Children & Family Movies, Romantic Movies",A gripping story that unfolds over time.,2003,March,146.0,,Children & Family Movies
s829,Movie,Endless Dreams,Not Given,"Actor 489, Actor 813",United States,2021-04-20,2021,R,85 min,"Dramas, Sci-Fi & Fantasy",A gripping story that unfolds over time.,2021,April,85.0,,Dramas
s830,Movie,Endless Shadows,Director 256,"Actor 585, Actor 987",United States,2017-01-10,2014,PG,164 min,Anime Series,A gripping story that unfolds over time.,2017,January,164.0,,Anime Series
s831,Movie,Lost Signal,Not Given,"Actor 903, Actor 376",United States,2009-04-04,2008,PG,72 min,"Horror Movies, Documentaries",A gripping story that unfolds over time.,2009,April,72.0,,Horror Movies
s832,TV Show,Silent Kingdom,Director 181,"Actor 340, Actor 441",United States,2023-03-09,2023,TV-MA,1 Seasons,"Romantic Movies, Children & Family Movies",A gripping story that unfolds over time.,2023,March,,1.0,Romantic Movies
s833,TV Show,Rising Journey,Not Given,"Actor 722, Actor 410",France,2022-05-22,2020,R,3 Season,"Kids' TV, Thrillers",A gripping story that unfolds over time.,2022,May,,3.0,Kids' TV
s834,Movie,Hidden Legacy,Not Given,"Actor 620, Actor 535",Mexico,2005-12-10,2002,TV-G,95 min,Romantic Movies,A gripping story that unfolds over time.,2005,December,95.0,,Romantic Movies
s835,TV Show,Silent Chronicles,Director 426,"Actor 426, Actor 736",United States,2016-06-23,2013,TV-14,7 Seasons,"Documentaries, Action & Adventure",A gripping story that unfolds over time.,2016,June,,7.0,Documentaries
s836,Movie,Silent Chronicles,Director 46,"Actor 257, Actor 352",Mexico,2019-07-25,2019,TV-Y7,127 min,Children & Family Movies,A gripping story that unfolds over time.,2019,July,127.0,,Children & Family Movies
s837,TV Show,Lost Shadows,Director 228,"Actor 476, Actor 304",United Kingdom,2021-06-17,2021,TV-Y7,7 Seasons,"Action & Adventure, Reality TV",A gripping story that unfolds over time.,2021,June,,7.0,Action & Adventure
s838,TV Show,Dark Legacy,Director 208,"Actor 210, Actor 513",United States,2026-06-08,2025,TV-14,2 Seasons,Dramas,A gripping story that unfolds over time.,2026,June,,2.0,Dramas
s839,TV Show,Dark Signal,Not Given,"Actor 716, Actor 498",Turkey,2020-12-16,2020,R,6 Seasons,"Children & Family Movies, Action & Adventure",A gripping story that unfolds over time.,2020,December,,6.0,Children & Family Movies
s840,TV Show,Lost Journey,Not Given,"Actor 159, Actor 446",Japan,2025-11-24,2023,R,2 Seasons,Documentaries,A gripping story that unfolds over time.,2025,November,,2.0,Documentaries
s841,Movie,Final Heist,Director 234,"Actor 55, Actor 931",United Kingdom,2012-03-04,2010,TV-G,120 min,Horror Movies,A gripping story that unfolds over time.,2012,March,120.0,,Horror Movies
s842,Movie,Wild Dreams,Director 435,"Actor 625, Actor 408",Mexico,2016-04-13,2013,TV-Y7,167 min,Reality TV,A gripping story that unfolds over time.,2016,April,167.0,,Reality TV
s843,Movie,Secret Heist,Director 147,"Actor 182, Actor 850",United Kingdom,2008-11-05,2006,TV-14,155 min,Thrillers,A gripping story that unfolds over time.,2008,November,155.0,,Thrillers
s844,Movie,Hidden Heist,Director 253,"Actor 789, Actor 277",United States,2018-11-08,2016,TV-14,127 min,"International Movies, Anime Series",A gripping story that unfolds over time.,2018,November,127.0,,International Movies
s845,TV Show,Silent Shadows,Director 42,"Actor 555, Actor 125",United States,2024-12-09,2024,TV-Y7,8 Seasons,Thrillers,A gripping story that unfolds over time.,2024,December,,8.0,Thrillers
s846,Movie,Wild Dreams,Director 489,"Actor 553, Actor 853",Mexico,2026-04-25,2025,TV-PG,120 min,Sci-Fi & Fantasy,A gripping story that unfolds over time.,2026,April,120.0,,Sci-Fi & Fantasy
s847,Movie,Last Shadows,Director 3,"Actor 2, Actor 604",United States,2026-12-02,2023,TV-PG,159 min,Documentaries,A gripping story that unfolds over time.,2026,December,159.0,,Documentaries
s848,TV Show,Endless City,Not Given,"Actor 563, Actor 765",Australia,2018-07-13,2017,R,6 Seasons,Thrillers,A gripping story that unfolds over time.,2018,July,,6.0,Thrillers
s849,Movie,Broken Kingdom,Director 192,"Actor 437, Actor 179",United States,2011-05-08,2010,PG,127 min,Sci-Fi & Fantasy,A gripping story that unfolds over time.,2011,May,127.0,,Sci-Fi & Fantasy
s850,TV Show,Silent Journey,Not Given,"Actor 805, Actor 886",France,2023-08-17,2022,PG,7 Seasons,Dramas,A gripping story that unfolds over time.,2023,August,,7.0,Dramas
s851,TV Show,Hidden Legacy,Director 35,"Actor 407, Actor 502",United States,2023-09-26,2021,TV-MA,7 Seasons,"Children & Family Movies, Stand-Up Comedy",A gripping story that unfolds over time.,2023,September,,7.0,Children & Family Movies
s852,Movie,Forgotten Legacy,Director 221,"Actor 791, Actor 838",Japan,2011-09-23,2011,TV-MA,137 min,"Children & Family Movies, Kids' TV",A gripping story that unfolds over time.,2011,September,137.0,,Children & Family Movies
s853,Movie,Endless Legacy,Director 327,"Actor 370, Actor 941",United States,2023-06-20,2023,PG,132 min,Romantic Movies,A gripping story that unfolds over time.,2023,June,132.0,,Romantic Movies
s854,Movie,Last Shadows,Director 353,"Actor 203, Actor 226",Japan,2000-02-16,2000,TV-PG,115 min,"International Movies, Stand-Up Comedy",A gripping story that unfolds over time.,2000,February,115.0,,International Movies
s855,Movie,Secret Signal,Director 490,"Actor 180, Actor 834",Spain,2001-04-04,2001,PG-13,83 min,"Romantic Movies, Action & Adventure",A gripping story that unfolds over time.,2001,April,83.0,,Romantic Movies
s856,Movie,Lost Legacy,Director 104,"Actor 651, Actor 303",United States,2018-10-19,2018,PG-13,91 min,Kids' TV,A gripping story that unfolds over time.,2018,October,91.0,,Kids' TV
s857,Movie,Lost Chronicles,Not Given,"Actor 612, Actor 841",Mexico,2009-01-14,2006,TV-14,121 min,"Horror Movies, Romantic Movies",A gripping story that unfolds over time.,2009,January,121.0,,Horror Movies
s858,Movie,Final Dreams,Director 156,"Actor 973, Actor 399",France,2019-01-06,2017,TV-MA,159 min,Dramas,A gripping story that unfolds over time.,2019,January,159.0,,Dramas
s859,Movie,Endless Journey,Director 231,"Actor 395, Actor 968",India,2012-06-05,2010,PG,97 min,Thrillers,A gripping story that unfolds over time.,2012,June,97.0,,Thrillers
s860,Movie,Lost Dreams,Not Given,"Actor 349, Actor 788",India,2018-12-10,2015,PG,120 min,Anime Series,A gripping story that unfolds over time.,2018,December,120.0,,Anime Series
s861,Movie,Silent Journey,Not Given,"Actor 295, Actor 656",Canada,2021-04-18,2020,TV-G,126 min,"Documentaries, Action & Adventure",A gripping story that unfolds over time.,2021,April,126.0,,Documentaries
s862,Movie,Silent Storm,Director 136,"Actor 104, Actor 982",United States,2021-05-01,2021,TV-Y7,107 min,"International Movies, Horror Movies",A gripping story that unfolds over time.,2021,May,107.0,,International Movies
s863,Movie,Rising Storm,Director 231,"Actor 342, Actor 765",United States,2005-11-07,2005,TV-14,140 min,"Horror Movies, Romantic Movies",A gripping story that unfolds over time.,2005,November,140.0,,Horror Movies
s864,Movie,Silent Dreams,Director 254,"Actor 508, Actor 662",Canada,2013-04-02,2010,TV-G,77 min,Anime Series,A gripping story that unfolds over time.,2013,April,77.0,,Anime Series
s865,Movie,Final City,Not Given,"Actor 651, Actor 622",Canada,2023-10-05,2020,TV-Y7,110 min,"Crime TV Shows, Sci-Fi & Fantasy",A gripping story that unfolds over time.,2023,October,110.0,,Crime TV Shows
s866,TV Show,Wild Legacy,Director 35,"Actor 420, Actor 184",Australia,2003-06-03,2001,TV-MA,5 Seasons,Horror Movies,A gripping story that unfolds over time.,2003,June,,5.0,Horror Movies
s867,TV Show,Endless City,Not Given,"Actor 804, Actor 355",United States,2019-10-06,2019,TV-MA,8 Season,Reality TV,A gripping story that unfolds over time.,2019,October,,8.0,Reality TV
s868,Movie,Broken Legacy,Not Given,"Actor 977, Actor 542",South Korea,2009-09-15,2006,R,152 min,Stand-Up Comedy,A gripping story that unfolds over time.,2009,September,152.0,,Stand-Up Comedy
s869,Movie,Secret City,Director 101,"Actor 893, Actor 272",Germany,2026-04-17,2025,R,113 min,Crime TV Shows,A gripping story that unfolds over time.,2026,April,113.0,,Crime TV Shows
s870,Movie,Silent Empire,Not Given,"Actor 827, Actor 642",Nigeria,2000-08-02,2000,TV-G,112 min,"Dramas, International Movies",A gripping story that unfolds over time.,2000,August,112.0,,Dramas
s871,TV Show,Broken Storm,Director 317,"Actor 843, Actor 107",United States,2016-11-20,2013,TV-MA,2 Seasons,"International Movies, Stand-Up Comedy",A gripping story that unfolds over time.,2016,November,,2.0,International Movies
s872,TV Show,Broken Legacy,Not Given,"Actor 19, Actor 225",France,2011-02-10,2011,PG-13,1 Seasons,"Reality TV, Action & Adventure",A gripping story that unfolds over time.,2011,February,,1.0,Reality TV
s873,TV Show,Broken Shadows,Director 223,"Actor 93, Actor 5",United States,2026-08-22,2025,TV-14,7 Seasons,Children & Family Movies,A gripping story that unfolds over time.,2026,August,,7.0,Children & Family Movies
s874,Movie,Hidden Shadows,Director 491,"Actor 964, Actor 559",Canada,2002-12-22,2001,TV-Y7,71 min,"Documentaries, Crime TV Shows",A gripping story that unfolds over time.,2002,December,71.0,,Documentaries
s875,Movie,Silent Chronicles,Director 238,"Actor 709, Actor 273",United States,2018-10-22,2015,PG,101 min,Sci-Fi & Fantasy,A gripping story that unfolds over time.,2018,October,101.0,,Sci-Fi & Fantasy
s876,TV Show,Endless Legacy,Director 23,"Actor 657, Actor 327",South Korea,2009-02-26,2006,TV-MA,6 Seasons,Dramas,A gripping story that unfolds over time.,2009,February,,6.0,Dramas
s877,Movie,Dark Storm,Director 370,"Actor 209, Actor 587",India,2015-06-01,2014,TV-14,97 min,Reality TV,A gripping story that unfolds over time.,2015,June,97.0,,Reality TV
s878,TV Show,Last Horizon,Director 419,"Actor 974, Actor 305",Italy,2024-09-22,2021,TV-G,1 Seasons,"Thrillers, Reality TV",A gripping story that unfolds over time.,2024,September,,1.0,Thrillers
s879,Movie,Dark Signal,Director 195,"Actor 629, Actor 364",Canada,2024-02-16,2021,R,116 min,Comedies,A gripping story that unfolds over time.,2024,February,116.0,,Comedies
s880,TV Show,Secret Horizon,Director 326,"Actor 615, Actor 729",Spain,2021-07-06,2020,TV-PG,1 Season,"Kids' TV, Action & Adventure",A gripping story that unfolds over time.,2021,July,,1.0,Kids' TV
s881,TV Show,Broken Signal,Director 97,"Actor 47, Actor 191",Brazil,2026-08-12,2025,TV-14,8 Season,"Children & Family Movies, Dramas",A gripping story that unfolds over time.,2026,August,,8.0,Children & Family Movies
s882,TV Show,Lost Kingdom,Director 354,"Actor 305, Actor 599",Spain,2020-11-06,2020,TV-PG,4 Seasons,"Documentaries, Dramas",A gripping story that unfolds over time.,2020,November,,4.0,Documentaries
s883,TV Show,Forgotten Dreams,Director 133,"Actor 400, Actor 139",France,2005-08-22,2005,TV-14,3 Seasons,Anime Series,A gripping story that unfolds over time.,2005,August,,3.0,Anime Series
s884,Movie,Broken City,Not Given,"Actor 636, Actor 585",United Kingdom,2023-07-14,2021,TV-Y7,164 min,International Movies,A gripping story that unfolds over time.,2023,July,164.0,,International Movies
s885,Movie,Final Storm,Director 396,"Actor 463, Actor 783",United States,2014-11-17,2013,PG-13,169 min,"Reality TV, Romantic Movies",A gripping story that unfolds over time.,2014,November,169.0,,Reality TV
s886,TV Show,Lost Shadows,Not Given,"Actor 713, Actor 589",Mexico,2015-07-23,2014,TV-PG,8 Seasons,"Anime Series, Kids' TV",A gripping story that unfolds over time.,2015,July,,8.0,Anime Series
s887,Movie,Silent Legacy,Director 44,"Actor 592, Actor 312",United States,2012-10-10,2009,TV-MA,90 min,"Reality TV, Action & Adventure",A gripping story that unfolds over time.,2012,October,90.0,,Reality TV
s888,Movie,Silent Chronicles,Not Given,"Actor 560, Actor 254",Canada,2021-07-10,2019,TV-Y7,102 min,"Horror Movies, Children & Family Movies",A gripping story that unfolds over time.,2021,July,102.0,,Horror Movies
s889,Movie,Final Empire,Director 28,"Actor 427, Actor 589",Brazil,2014-08-15,2011,R,76 min,Thrillers,A gripping story that unfolds over time.,2014,August,76.0,,Thrillers
s890,Movie,Secret Empire,Not Given,"Actor 302, Actor 476",South Korea,2009-08-09,2007,TV-G,110 min,Romantic Movies,A gripping story that unfolds over time.,2009,August,110.0,,Romantic Movies
s891,Movie,Broken Shadows,Director 313,"Actor 739, Actor 93",United States,2012-01-20,2012,TV-Y7,153 min,"Anime Series, Children & Family Movies",A gripping story that unfolds over time.,2012,January,153.0,,Anime Series
s892,Movie,Golden Horizon,Director 466,"Actor 889, Actor 599",United States,2024-04-08,2022,TV-PG,161 min,Comedies,A gripping story that unfolds over time.,2024,April,161.0,,Comedies
s893,TV Show,Final Horizon,Director 73,"Actor 147, Actor 340",United States,2008-02-10,2007,TV-14,8 Seasons,Dramas,A gripping story that unfolds over time.,2008,February,,8.0,Dramas
s894,Movie,Broken Legacy,Director 344,"Actor 30, Actor 414",United States,2010-03-07,2008,TV-G,132 min,"Thrillers, Kids' TV",A gripping story that unfolds over time.,2010,March,132.0,,Thrillers
s895,Movie,Silent Kingdom,Not Given,"Actor 798, Actor 22",France,2025-04-19,2025,PG,154 min,Comedies,A gripping story that unfolds over time.,2025,April,154.0,,Comedies
s896,Movie,Endless Dreams,Director 307,"Actor 101, Actor 327",Germany,2026-08-07,2025,PG,135 min,"Stand-Up Comedy, Crime TV Shows",A gripping story that unfolds over time.,2026,August,135.0,,Stand-Up Comedy
s897,Movie,Dark City,Director 459,"Actor 648, Actor 569",United States,2009-07-22,2007,PG,84 min,Dramas,A gripping story that unfolds over time.,2009,July,84.0,,Dramas
s898,Movie,Wild Signal,Director 129,"Actor 510, Actor 165",United States,2013-08-21,2010,TV-PG,145 min,Documentaries,A gripping story that unfolds over time.,2013,August,145.0,,Documentaries
s899,TV Show,Hidden Empire,Not Given,"Actor 318, Actor 75",Japan,2013-01-15,2013,TV-PG,6 Seasons,International Movies,A gripping story that unfolds over time.,2013,January,,6.0,International Movies
s900,TV Show,Secret Storm,Not Given,"Actor 295, Actor 549",South Korea,2014-11-03,2011,TV-14,2 Seasons,Romantic Movies,A gripping story that unfolds over time.,2014,November,,2.0,Romantic Movies
s901,TV Show,Broken Legacy,Director 317,"Actor 559, Actor 3",United States,2008-06-07,2007,TV-PG,4 Seasons,"Anime Series, Action & Adventure",A gripping story that unfolds over time.,2008,June,,4.0,Anime Series
s902,Movie,Secret Signal,Not Given,"Actor 596, Actor 566",United States,2012-08-14,2010,TV-Y7,99 min,"Stand-Up Comedy, Sci-Fi & Fantasy",A gripping story that unfolds over time.,2012,August,99.0,,Stand-Up Comedy
s903,Movie,Wild Kingdom,Director 15,"Actor 858, Actor 428",Canada,2010-08-10,2007,PG-13,119 min,"Children & Family Movies, Dramas",A gripping story that unfolds over time.,2010,August,119.0,,Children & Family Movies
s904,Movie,Lost Horizon,Not Given,"Actor 699, Actor 235",United States,2002-10-05,2001,TV-14,162 min,Stand-Up Comedy,A gripping story that unfolds over time.,2002,October,162.0,,Stand-Up Comedy
s905,Movie,Secret Chronicles,Director 319,"Actor 753, Actor 562",Canada,2017-07-12,2014,TV-PG,90 min,"Children & Family Movies, Anime Series",A gripping story that unfolds over time.,2017,July,90.0,,Children & Family Movies
s906,Movie,Golden Heist,Director 373,"Actor 481, Actor 222",France,2014-09-21,2011,PG-13,150 min,"Children & Family Movies, Reality TV",A gripping story that unfolds over time.,2014,September,150.0,,Children & Family Movies
s907,Movie,Lost City,Not Given,"Actor 375, Actor 598",United States,2024-02-24,2021,TV-G,119 min,"Horror Movies, Documentaries",A gripping story that unfolds over time.,2024,February,119.0,,Horror Movies
s908,Movie,Hidden Kingdom,Not Given,"Actor 742, Actor 972",Germany,2016-05-25,2014,TV-G,152 min,"Romantic Movies, Children & Family Movies",A gripping story that unfolds over time.,2016,May,152.0,,Romantic Movies
s909,TV Show,Lost Horizon,Director 160,"Actor 814, Actor 860",Germany,2014-03-04,2013,TV-Y7,8 Seasons,Action & Adventure,A gripping story that unfolds over time.,2014,March,,8.0,Action & Adventure
s910,Movie,Forgotten Heist,Director 96,"Actor 915, Actor 544",Spain,2005-03-19,2002,R,161 min,"Kids' TV, Action & Adventure",A gripping story that unfolds over time.,2005,March,161.0,,Kids' TV
s911,TV Show,Final Storm,Director 96,"Actor 565, Actor 445",Mexico,2018-08-14,2015,TV-MA,8 Seasons,Crime TV Shows,A gripping story that unfolds over time.,2018,August,,8.0,Crime TV Shows
s912,Movie,Wild Heist,Not Given,"Actor 259, Actor 834",United States,2004-09-21,2004,TV-PG,126 min,"Dramas, Horror Movies",A gripping story that unfolds over time.,2004,September,126.0,,Dramas
s913,Movie,Hidden Empire,Not Given,"Actor 515, Actor 15",Mexico,2011-03-06,2010,R,156 min,"Romantic Movies, Crime TV Shows",A gripping story that unfolds over time.,2011,March,156.0,,Romantic Movies
s914,TV Show,Endless Empire,Director 30,"Actor 629, Actor 690",Canada,2018-11-18,2016,PG-13,5 Seasons,Documentaries,A gripping story that unfolds over time.,2018,November,,5.0,Documentaries
s915,TV Show,Broken Chronicles,Director 190,"Actor 496, Actor 340",United Kingdom,2015-09-25,2015,TV-MA,3 Seasons,"Anime Series, Horror Movies",A gripping story that unfolds over time.,2015,September,,3.0,Anime Series
s916,Movie,Golden Storm,Director 66,"Actor 639, Actor 205",United States,2021-09-10,2019,TV-14,117 min,Comedies,A gripping story that unfolds over time.,2021,September,117.0,,Comedies
s917,Movie,Secret Shadows,Director 393,"Actor 481, Actor 513",Australia,2021-02-20,2021,TV-PG,169 min,"Comedies, Kids' TV",A gripping story that unfolds over time.,2021,February,169.0,,Comedies
s918,Movie,Dark Storm,Director 13,"Actor 785, Actor 745",United States,2003-10-12,2002,TV-MA,96 min,"Action & Adventure, Kids' TV",A gripping story that unfolds over time.,2003,October,96.0,,Action & Adventure
s919,Movie,Secret Signal,Director 12,"Actor 11, Actor 909",South Korea,2007-01-03,2005,TV-MA,126 min,"Kids' TV, Romantic Movies",A gripping story that unfolds over time.,2007,January,126.0,,Kids' TV
s920,Movie,Wild City,Director 108,"Actor 94, Actor 823",India,2011-09-20,2011,TV-PG,108 min,Stand-Up Comedy,A gripping story that unfolds over time.,2011,September,108.0,,Stand-Up Comedy
s921,Movie,Golden Shadows,Not Given,"Actor 892, Actor 636",France,2005-06-27,2005,R,71 min,Action & Adventure,A gripping story that unfolds over time.,2005,June,71.0,,Action & Adventure
s922,Movie,Endless City,Director 207,"Actor 665, Actor 992",United States,2025-07-21,2025,TV-MA,92 min,"Romantic Movies, Anime Series",A gripping story that unfolds over time.,2025,July,92.0,,Romantic Movies
s923,Movie,Silent Dreams,Not Given,"Actor 498, Actor 416",France,2015-09-15,2015,TV-PG,102 min,Sci-Fi & Fantasy,A gripping story that unfolds over time.,2015,September,102.0,,Sci-Fi & Fantasy
s924,Movie,Endless Signal,Not Given,"Actor 902, Actor 135",Brazil,2026-04-21,2025,TV-MA,127 min,International Movies,A gripping story that unfolds over time.,2026,April,127.0,,International Movies
s925,Movie,Final Shadows,Director 138,"Actor 562, Actor 679",Brazil,2026-05-05,2025,TV-G,97 min,"Children & Family Movies, Sci-Fi & Fantasy",A gripping story that unfolds over time.,2026,May,97.0,,Children & Family Movies
s926,TV Show,Endless City,Director 353,"Actor 924, Actor 690",United States,2026-06-06,2024,TV-G,4 Seasons,Children & Family Movies,A gripping story that unfolds over time.,2026,June,,4.0,Children & Family Movies
s927,Movie,Lost Chronicles,Director 237,"Actor 525, Actor 339",Nigeria,2001-12-12,2001,TV-G,128 min,"Comedies, Action & Adventure",A gripping story that unfolds over time.,2001,December,128.0,,Comedies
s928,TV Show,Lost Chronicles,Director 224,"Actor 123, Actor 129",United Kingdom,2019-03-17,2016,PG-13,3 Seasons,"Children & Family Movies, Romantic Movies",A gripping story that unfolds over time.,2019,March,,3.0,Children & Family Movies
s929,Movie,Wild Journey,Director 175,"Actor 347, Actor 170",United States,2000-04-02,2000,TV-PG,167 min,"Sci-Fi & Fantasy, Comedies",A gripping story that unfolds over time.,2000,April,167.0,,Sci-Fi & Fantasy
s930,Movie,Wild Kingdom,Director 249,"Actor 990, Actor 169",United Kingdom,2008-01-17,2007,R,166 min,"Action & Adventure, Comedies",A gripping story that unfolds over time.,2008,January,166.0,,Action & Adventure
s931,Movie,Forgotten City,Director 367,"Actor 912, Actor 717",United States,2021-02-12,2018,TV-Y7,149 min,Reality TV,A gripping story that unfolds over time.,2021,February,149.0,,Reality TV
s932,TV Show,Wild Legacy,Director 462,"Actor 857, Actor 238",India,2001-06-22,2000,TV-G,8 Seasons,Thrillers,A gripping story that unfolds over time.,2001,June,,8.0,Thrillers
s933,Movie,Secret Dreams,Not Given,"Actor 318, Actor 458",United States,2026-10-09,2024,PG,113 min,Children & Family Movies,A gripping story that unfolds over time.,2026,October,113.0,,Children & Family Movies
s934,Movie,Hidden Kingdom,Director 157,"Actor 162, Actor 42",Spain,2008-08-20,2005,TV-14,116 min,"Comedies, Horror Movies",A gripping story that unfolds over time.,2008,August,116.0,,Comedies
s935,TV Show,Lost Storm,Director 6,"Actor 148, Actor 844",South Korea,2019-12-08,2016,R,5 Seasons,"Action & Adventure, Documentaries",A gripping story that unfolds over time.,2019,December,,5.0,Action & Adventure
s936,Movie,Last Dreams,Director 154,"Actor 162, Actor 19",United States,2024-11-14,2021,TV-G,79 min,International Movies,A gripping story that unfolds over time.,2024,November,79.0,,International Movies
s937,TV Show,Forgotten Kingdom,Director 484,"Actor 194, Actor 196",United Kingdom,2021-08-16,2021,R,2 Seasons,"Comedies, Romantic Movies",A gripping story that unfolds over time.,2021,August,,2.0,Comedies
s938,Movie,Rising Journey,Not Given,"Actor 207, Actor 81",Mexico,2019-07-07,2019,TV-PG,143 min,Children & Family Movies,A gripping story that unfolds over time.,2019,July,143.0,,Children & Family Movies
s939,Movie,Secret Heist,Director 33,"Actor 915, Actor 363",United States,2015-09-15,2013,TV-PG,101 min,Children & Family Movies,A gripping story that unfolds over time.,2015,September,101.0,,Children & Family Movies
s940,Movie,Endless Dreams,Director 330,"Actor 63, Actor 270",Spain,2013-10-24,2011,PG-13,146 min,Kids' TV,A gripping story that unfolds over time.,2013,October,146.0,,Kids' TV
s941,Movie,Silent Dreams,Director 19,"Actor 348, Actor 423",United States,2026-05-21,2025,PG-13,162 min,"Stand-Up Comedy, Horror Movies",A gripping story that unfolds over time.,2026,May,162.0,,Stand-Up Comedy
s942,TV Show,Final Signal,Director 360,"Actor 875, Actor 886",Japan,2024-12-04,2022,PG-13,3 Seasons,"Documentaries, Reality TV",A gripping story that unfolds over time.,2024,December,,3.0,Documentaries
s943,Movie,Last Dreams,Director 396,"Actor 85, Actor 784",United States,2002-07-14,2001,TV-14,104 min,"Kids' TV, Horror Movies",A gripping story that unfolds over time.,2002,July,104.0,,Kids' TV
s944,TV Show,Wild Kingdom,Director 319,"Actor 745, Actor 646",Italy,2013-01-20,2010,PG-13,1 Seasons,"International Movies, Thrillers",A gripping story that unfolds over time.,2013,January,,1.0,International Movies
s945,Movie,Forgotten Empire,Not Given,"Actor 463, Actor 621",Spain,2024-04-18,2024,TV-14,120 min,Comedies,A gripping story that unfolds over time.,2024,April,120.0,,Comedies
s946,Movie,Endless Empire,Director 274,"Actor 343, Actor 230",India,2006-01-23,2003,PG-13,123 min,"Romantic Movies, Sci-Fi & Fantasy",A gripping story that unfolds over time.,2006,January,123.0,,Romantic Movies
s947,Movie,Lost Legacy,Director 173,"Actor 541, Actor 297",Australia,2020-04-24,2019,PG-13,106 min,"Crime TV Shows, Kids' TV",A gripping story that unfolds over time.,2020,April,106.0,,Crime TV Shows
s948,TV Show,Lost City,Director 197,"Actor 718, Actor 594",United States,2010-03-04,2009,PG-13,5 Seasons,"Crime TV Shows, Action & Adventure",A gripping story that unfolds over time.,2010,March,,5.0,Crime TV Shows
s949,Movie,Forgotten City,Director 219,"Actor 943, Actor 513",France,2026-04-15,2025,TV-14,166 min,"International Movies, Thrillers",A gripping story that unfolds over time.,2026,April,166.0,,International Movies
s950,Movie,Rising City,Director 452,"Actor 899, Actor 506",France,2003-03-06,2003,TV-14,88 min,"Comedies, Action & Adventure",A gripping story that unfolds over time.,2003,March,88.0,,Comedies
s951,TV Show,Secret City,Director 107,"Actor 241, Actor 435",India,2003-09-25,2001,R,6 Seasons,Thrillers,A gripping story that unfolds over time.,2003,September,,6.0,Thrillers
s952,Movie,Broken Kingdom,Director 443,"Actor 349, Actor 969",South Korea,2014-11-07,2012,PG-13,81 min,Kids' TV,A gripping story that unfolds over time.,2014,November,81.0,,Kids' TV
s953,TV Show,Hidden City,Director 235,"Actor 453, Actor 858",Spain,2025-07-07,2024,R,5 Seasons,"Crime TV Shows, Romantic Movies",A gripping story that unfolds over time.,2025,July,,5.0,Crime TV Shows
s954,TV Show,Forgotten Heist,Director 171,"Actor 110, Actor 994",Canada,2014-05-07,2012,TV-MA,8 Seasons,Documentaries,A gripping story that unfolds over time.,2014,May,,8.0,Documentaries
s955,TV Show,Golden Empire,Director 199,"Actor 603, Actor 984",United States,2005-05-19,2004,TV-Y7,6 Seasons,"Horror Movies, Comedies",A gripping story that unfolds over time.,2005,May,,6.0,Horror Movies
s956,Movie,Hidden Empire,Director 225,"Actor 756, Actor 318",India,2025-03-25,2022,R,161 min,"Stand-Up Comedy, Thrillers",A gripping story that unfolds over time.,2025,March,161.0,,Stand-Up Comedy
s957,TV Show,Lost Empire,Director 64,"Actor 39, Actor 130",India,2009-06-19,2009,TV-MA,1 Seasons,"Horror Movies, Thrillers",A gripping story that unfolds over time.,2009,June,,1.0,Horror Movies
s958,Movie,Wild Dreams,Director 195,"Actor 525, Actor 63",Australia,2023-08-13,2020,TV-PG,139 min,International Movies,A gripping story that unfolds over time.,2023,August,139.0,,International Movies
s959,Movie,Rising Chronicles,Director 111,"Actor 90, Actor 385",Japan,2004-08-15,2004,TV-Y7,72 min,"Romantic Movies, Children & Family Movies",A gripping story that unfolds over time.,2004,August,72.0,,Romantic Movies
s960,Movie,Rising Signal,Not Given,"Actor 223, Actor 884",United States,2003-09-20,2000,TV-PG,91 min,Romantic Movies,A gripping story that unfolds over time.,2003,September,91.0,,Romantic Movies
s961,TV Show,Hidden Legacy,Director 96,"Actor 657, Actor 897",France,2001-12-01,2000,TV-MA,3 Seasons,"Sci-Fi & Fantasy, Comedies",A gripping story that unfolds over time.,2001,December,,3.0,Sci-Fi & Fantasy
s962,Movie,Dark Legacy,Not Given,"Actor 336, Actor 831",Spain,2023-06-25,2022,TV-14,122 min,"Kids' TV, Sci-Fi & Fantasy",A gripping story that unfolds over time.,2023,June,122.0,,Kids' TV
s963,Movie,Lost Signal,Director 168,"Actor 966, Actor 277",Spain,2015-06-03,2013,PG-13,137 min,Children & Family Movies,A gripping story that unfolds over time.,2015,June,137.0,,Children & Family Movies
s964,Movie,Hidden Chronicles,Director 141,"Actor 998, Actor 393",United Kingdom,2020-02-16,2018,TV-14,78 min,"Children & Family Movies, Thrillers",A gripping story that unfolds over time.,2020,February,78.0,,Children & Family Movies
s965,TV Show,Wild Empire,Director 288,"Actor 786, Actor 269",India,2004-06-04,2004,R,8 Seasons,Crime TV Shows,A gripping story that unfolds over time.,2004,June,,8.0,Crime TV Shows
s966,Movie,Broken Chronicles,Director 17,"Actor 815, Actor 574",Turkey,2017-05-18,2015,R,82 min,"Stand-Up Comedy, Children & Family Movies",A gripping story that unfolds over time.,2017,May,82.0,,Stand-Up Comedy
s967,TV Show,Golden Dreams,Director 417,"Actor 298, Actor 470",South Korea,2024-10-01,2022,TV-PG,1 Seasons,"Comedies, Stand-Up Comedy",A gripping story that unfolds over time.,2024,October,,1.0,Comedies
s968,Movie,Dark City,Director 399,"Actor 922, Actor 551",Australia,2013-07-03,2010,PG,139 min,International Movies,A gripping story that unfolds over time.,2013,July,139.0,,International Movies
s969,TV Show,Wild Legacy,Director 43,"Actor 209, Actor 600",India,2015-06-14,2014,TV-G,8 Seasons,Reality TV,A gripping story that unfolds over time.,2015,June,,8.0,Reality TV
s970,Movie,Hidden Empire,Director 92,"Actor 651, Actor 816",South Korea,2021-12-05,2020,TV-G,121 min,Sci-Fi & Fantasy,A gripping story that unfolds over time.,2021,December,121.0,,Sci-Fi & Fantasy
s971,Movie,Golden Empire,Not Given,"Actor 751, Actor 849",Canada,2010-07-12,2007,TV-Y7,118 min,Stand-Up Comedy,A gripping story that unfolds over time.,2010,July,118.0,,Stand-Up Comedy
s972,Movie,Dark Chronicles,Director 288,"Actor 8, Actor 87",India,2022-05-06,2020,TV-PG,145 min,"Documentaries, Dramas",A gripping story that unfolds over time.,2022,May,145.0,,Documentaries
s973,Movie,Broken Signal,Director 82,"Actor 263, Actor 799",India,2005-09-01,2003,PG-13,119 min,"Thrillers, International Movies",A gripping story that unfolds over time.,2005,September,119.0,,Thrillers
s974,TV Show,Secret Heist,Director 81,"Actor 798, Actor 419",Germany,2006-03-18,2006,TV-MA,1 Seasons,Dramas,A gripping story that unfolds over time.,2006,March,,1.0,Dramas
s975,TV Show,Dark Horizon,Not Given,"Actor 487, Actor 321",Japan,2011-12-23,2010,R,3 Seasons,"Action & Adventure, Crime TV Shows",A gripping story that unfolds over time.,2011,December,,3.0,Action & Adventure
s976,Movie,Silent Heist,Director 361,"Actor 287, Actor 182",South Korea,2017-03-03,2015,R,140 min,Documentaries,A gripping story that unfolds over time.,2017,March,140.0,,Documentaries
s977,TV Show,Hidden Kingdom,Not Given,"Actor 937, Actor 318",Australia,2021-05-25,2019,TV-MA,6 Seasons,"Action & Adventure, Sci-Fi & Fantasy",A gripping story that unfolds over time.,2021,May,,6.0,Action & Adventure
s978,TV Show,Rising Journey,Not Given,"Actor 453, Actor 746",Mexico,2024-02-06,2023,TV-Y7,1 Seasons,"Horror Movies, Reality TV",A gripping story that unfolds over time.,2024,February,,1.0,Horror Movies
s979,Movie,Silent Kingdom,Not Given,"Actor 902, Actor 693",Nigeria,2006-01-17,2003,PG-13,155 min,"Stand-Up Comedy, Reality TV",A gripping story that unfolds over time.,2006,January,155.0,,Stand-Up Comedy
s980,TV Show,Forgotten Heist,Director 200,"Actor 929, Actor 332",Germany,2024-06-03,2022,TV-G,2 Seasons,Children & Family Movies,A gripping story that unfolds over time.,2024,June,,2.0,Children & Family Movies
s981,Movie,Silent Dreams,Not Given,"Actor 30, Actor 56",United States,2014-11-23,2011,PG,144 min,"Dramas, Documentaries",A gripping story that unfolds over time.,2014,November,144.0,,Dramas
s982,TV Show,Lost Signal,Director 200,"Actor 929, Actor 448",United States,2026-06-20,2025,R,1 Seasons,Kids' TV,A gripping story that unfolds over time.,2026,June,,1.0,Kids' TV
s983,TV Show,Dark Dreams,Director 174,"Actor 45, Actor 855",India,2018-09-13,2018,TV-G,7 Seasons,Comedies,A gripping story that unfolds over time.,2018,September,,7.0,Comedies
s984,Movie,Golden Horizon,Director 444,"Actor 237, Actor 212",France,2000-03-21,2000,R,120 min,Sci-Fi & Fantasy,A gripping story that unfolds over time.,2000,March,120.0,,Sci-Fi & Fantasy
s985,Movie,Wild Chronicles,Director 402,"Actor 294, Actor 171",Spain,2002-09-07,2001,TV-14,104 min,"International Movies, Stand-Up Comedy",A gripping story that unfolds over time.,2002,September,104.0,,International Movies
s986,Movie,Last Legacy,Director 444,"Actor 231, Actor 318",Australia,2018-07-23,2017,R,164 min,"Action & Adventure, Reality TV",A gripping story that unfolds over time.,2018,July,164.0,,Action & Adventure
s987,Movie,Forgotten Dreams,Director 307,"Actor 243, Actor 663",United States,2015-01-26,2014,TV-Y7,146 min,Stand-Up Comedy,A gripping story that unfolds over time.,2015,January,146.0,,Stand-Up Comedy
s988,Movie,Last Storm,Director 147,"Actor 244, Actor 563",United States,2020-06-02,2019,PG,148 min,Horror Movies,A gripping story that unfolds over time.,2020,June,148.0,,Horror Movies
s989,TV Show,Wild Signal,Not Given,"Actor 391, Actor 984",United States,2006-06-26,2003,R,6 Seasons,"Crime TV Shows, Dramas",A gripping story that unfolds over time.,2006,June,,6.0,Crime TV Shows
s990,Movie,Dark Heist,Not Given,"Actor 854, Actor 136",United States,2024-08-24,2022,TV-MA,104 min,Reality TV,A gripping story that unfolds over time.,2024,August,104.0,,Reality TV
s991,TV Show,Hidden Journey,Director 261,"Actor 692, Actor 296",Brazil,2009-12-11,2008,PG-13,7 Seasons,"Romantic Movies, Children & Family Movies",A gripping story that unfolds over time.,2009,December,,7.0,Romantic Movies
s992,Movie,Broken Storm,Director 152,"Actor 18, Actor 27",United States,2016-03-24,2015,PG-13,83 min,Horror Movies,A gripping story that unfolds over time.,2016,March,83.0,,Horror Movies
s993,Movie,Forgotten Heist,Director 461,"Actor 919, Actor 948",Mexico,2009-05-04,2007,PG,169 min,"Thrillers, Children & Family Movies",A gripping story that unfolds over time.,2009,May,169.0,,Thrillers
s994,TV Show,Dark Journey,Director 494,"Actor 754, Actor 253",South Korea,2011-08-20,2011,TV-PG,7 Seasons,Stand-Up Comedy,A gripping story that unfolds over time.,2011,August,,7.0,Stand-Up Comedy
s995,Movie,Silent Storm,Director 399,"Actor 703, Actor 347",United States,2022-10-16,2020,TV-G,108 min,"Kids' TV, Reality TV",A gripping story that unfolds over time.,2022,October,108.0,,Kids' TV
s996,Movie,Wild Heist,Not Given,"Actor 234, Actor 16",United States,2021-10-21,2018,TV-MA,136 min,Romantic Movies,A gripping story that unfolds over time.,2021,October,136.0,,Romantic Movies
s997,Movie,Dark Legacy,Director 427,"Actor 872, Actor 91",Nigeria,2012-12-19,2009,TV-PG,97 min,"Dramas, Documentaries",A gripping story that unfolds over time.,2012,December,97.0,,Dramas
s998,Movie,Forgotten Dreams,Director 264,"Actor 733, Actor 754",Spain,2010-05-05,2009,TV-G,152 min,Kids' TV,A gripping story that unfolds over time.,2010,May,152.0,,Kids' TV
s999,TV Show,Wild Heist,Director 94,"Actor 250, Actor 911",France,2018-11-17,2015,PG-13,4 Seasons,"Documentaries, International Movies",A gripping story that unfolds over time.,2018,November,,4.0,Documentaries
s1000,Movie,Secret Kingdom,Director 266,"Actor 247, Actor 78",United States,2024-11-07,2022,TV-MA,151 min,International Movies,A gripping story that unfolds over time.,2024,November,151.0,,International Movies
s1001,Movie,Hidden Journey,Not Given,"Actor 456, Actor 659",Canada,2008-05-05,2005,PG-13,84 min,"Documentaries, International Movies",A gripping story that unfolds over time.,2008,May,84.0,,Documentaries
s1002,Movie,Rising Storm,Director 211,"Actor 990, Actor 998",France,2022-06-08,2020,TV-Y7,104 min,"Romantic Movies, Dramas",A gripping story that unfolds over time.,2022,June,104.0,,Romantic Movies
s1003,Movie,Last Legacy,Director 336,"Actor 962, Actor 497",United States,2009-03-26,2007,TV-14,113 min,Documentaries,A gripping story that unfolds over time.,2009,March,113.0,,Documentaries
s1004,TV Show,Rising Signal,Director 73,"Actor 88, Actor 615",Italy,2024-12-01,2024,PG-13,5 Seasons,Reality TV,A gripping story that unfolds over time.,2024,December,,5.0,Reality TV
s1005,Movie,Rising Journey,Director 214,"Actor 751, Actor 147",United States,2020-09-21,2019,TV-PG,72 min,Stand-Up Comedy,A gripping story that unfolds over time.,2020,September,72.0,,Stand-Up Comedy
s1006,TV Show,Forgotten City,Director 258,"Actor 655, Actor 47",United Kingdom,2013-05-27,2012,TV-MA,7 Seasons,Sci-Fi & Fantasy,A gripping story that unfolds over time.,2013,May,,7.0,Sci-Fi & Fantasy
s1007,TV Show,Hidden Heist,Director 149,"Actor 881, Actor 763",France,2006-01-25,2004,TV-G,1 Seasons,"Children & Family Movies, Sci-Fi & Fantasy",A gripping story that unfolds over time.,2006,January,,1.0,Children & Family Movies
s1008,Movie,Final Journey,Not Given,"Actor 333, Actor 465",United States,2014-05-08,2011,TV-MA,100 min,"Stand-Up Comedy, Horror Movies",A gripping story that unfolds over time.,2014,May,100.0,,Stand-Up Comedy
s1009,Movie,Final Journey,Not Given,"Actor 397, Actor 337",Canada,2021-07-21,2018,PG-13,160 min,"Anime Series, Thrillers",A gripping story that unfolds over time.,2021,July,160.0,,Anime Series
s1010,TV Show,Secret Signal,Not Given,"Actor 579, Actor 828",Mexico,2009-09-27,2007,PG-13,5 Seasons,"Horror Movies, Romantic Movies",A gripping story that unfolds over time.,2009,September,,5.0,Horror Movies
s1011,Movie,Rising City,Director 306,"Actor 209, Actor 467",Canada,2022-08-04,2020,TV-14,110 min,"Documentaries, Reality TV",A gripping story that unfolds over time.,2022,August,110.0,,Documentaries
s1012,TV Show,Endless Horizon,Director 224,"Actor 381, Actor 541",Japan,2021-07-14,2021,TV-14,3 Seasons,"Romantic Movies, Children & Family Movies",A gripping story that unfolds over time.,2021,July,,3.0,Romantic Movies
s1013,Movie,Final Horizon,Not Given,"Actor 580, Actor 490",United Kingdom,2011-04-03,2011,PG,86 min,Crime TV Shows,A gripping story that unfolds over time.,2011,April,86.0,,Crime TV Shows
s1014,TV Show,Broken Empire,Not Given,"Actor 777, Actor 134",United States,2004-11-23,2002,R,3 Seasons,Anime Series,A gripping story that unfolds over time.,2004,November,,3.0,Anime Series
s1015,Movie,Last Journey,Director 393,"Actor 37, Actor 599",South Korea,2002-05-01,2001,TV-PG,146 min,Reality TV,A gripping story that unfolds over time.,2002,May,146.0,,Reality TV
s1016,TV Show,Broken Journey,Director 208,"Actor 319, Actor 82",Canada,2007-09-25,2004,R,5 Seasons,Sci-Fi & Fantasy,A gripping story that unfolds over time.,2007,September,,5.0,Sci-Fi & Fantasy
s1017,Movie,Final Chronicles,Director 353,"Actor 820, Actor 990",United States,2026-05-02,2024,TV-G,135 min,Horror Movies,A gripping story that unfolds over time.,2026,May,135.0,,Horror Movies
s1018,TV Show,Forgotten Kingdom,Director 32,"Actor 500, Actor 670",United States,2022-05-18,2019,TV-PG,5 Seasons,Comedies,A gripping story that unfolds over time.,2022,May,,5.0,Comedies
s1019,TV Show,Dark Dreams,Director 138,"Actor 387, Actor 574",United States,2003-11-07,2001,TV-Y7,2 Seasons,Children & Family Movies,A gripping story that unfolds over time.,2003,November,,2.0,Children & Family Movies
s1020,TV Show,Hidden Legacy,Not Given,"Actor 56, Actor 733",United Kingdom,2016-06-05,2013,TV-Y7,2 Seasons,Stand-Up Comedy,A gripping story that unfolds over time.,2016,June,,2.0,Stand-Up Comedy
s1021,Movie,Forgotten Empire,Director 15,"Actor 78, Actor 501",South Korea,2020-04-12,2019,R,85 min,"Thrillers, Sci-Fi & Fantasy",A gripping story that unfolds over time.,2020,April,85.0,,Thrillers
s1022,Movie,Broken Heist,Not Given,"Actor 981, Actor 898",Canada,2023-08-06,2023,TV-G,136 min,Action & Adventure,A gripping story that unfolds over time.,2023,August,136.0,,Action & Adventure
s1023,Movie,Forgotten Empire,Director 287,"Actor 284, Actor 903",France,2020-05-06,2020,R,74 min,"Reality TV, Comedies",A gripping story that unfolds over time.,2020,May,74.0,,Reality TV
s1024,Movie,Silent Kingdom,Director 372,"Actor 738, Actor 945",India,2026-12-11,2024,TV-G,112 min,Action & Adventure,A gripping story that unfolds over time.,2026,December,112.0,,Action & Adventure
s1025,Movie,Broken City,Not Given,"Actor 958, Actor 470",United States,2016-10-14,2014,TV-G,75 min,"Reality TV, Dramas",A gripping story that unfolds over time.,2016,October,75.0,,Reality TV
s1026,Movie,Dark Kingdom,Director 99,"Actor 671, Actor 40",United States,2009-06-27,2006,PG,151 min,Stand-Up Comedy,A gripping story that unfolds over time.,2009,June,151.0,,Stand-Up Comedy
s1027,TV Show,Rising City,Not Given,"Actor 112, Actor 535",Italy,2024-06-23,2024,TV-14,5 Seasons,International Movies,A gripping story that unfolds over time.,2024,June,,5.0,International Movies
s1028,Movie,Golden Signal,Director 431,"Actor 309, Actor 596",United States,2016-12-10,2015,TV-G,139 min,"Dramas, Documentaries",A gripping story that unfolds over time.,2016,December,139.0,,Dramas
s1029,Movie,Dark Kingdom,Director 160,"Actor 284, Actor 565",Japan,2002-08-08,2001,PG-13,130 min,Comedies,A gripping story that unfolds over time.,2002,August,130.0,,Comedies
s1030,Movie,Golden Journey,Director 399,"Actor 715, Actor 202",Australia,2004-05-18,2003,PG-13,135 min,Documentaries,A gripping story that unfolds over time.,2004,May,135.0,,Documentaries
s1031,Movie,Forgotten Dreams,Director 158,"Actor 15, Actor 318",United States,2002-08-14,2000,TV-MA,168 min,"Action & Adventure, Dramas",A gripping story that unfolds over time.,2002,August,168.0,,Action & Adventure
s1032,TV Show,Silent Horizon,Not Given,"Actor 988, Actor 793",Japan,2006-01-01,2005,PG,3 Seasons,"Stand-Up Comedy, Action & Adventure",A gripping story that unfolds over time.,2006,January,,3.0,Stand-Up Comedy
s1033,Movie,Endless Horizon,Director 370,"Actor 262, Actor 518",Germany,2017-05-24,2017,TV-PG,92 min,"Kids' TV, Stand-Up Comedy",A gripping story that unfolds over time.,2017,May,92.0,,Kids' TV
s1034,Movie,Forgotten Journey,Not Given,"Actor 647, Actor 571",Mexico,2003-12-27,2000,TV-PG,83 min,Horror Movies,A gripping story that unfolds over time.,2003,December,83.0,,Horror Movies
s1035,Movie,Dark Heist,Not Given,"Actor 849, Actor 169",France,2025-03-11,2023,TV-PG,76 min,Reality TV,A gripping story that unfolds over time.,2025,March,76.0,,Reality TV
s1036,Movie,Final Storm,Director 6,"Actor 523, Actor 529",United States,2020-10-15,2017,PG-13,116 min,Reality TV,A gripping story that unfolds over time.,2020,October,116.0,,Reality TV
s1037,Movie,Forgotten Shadows,Director 187,"Actor 420, Actor 786",United Kingdom,2006-06-05,2004,PG-13,168 min,International Movies,A gripping story that unfolds over time.,2006,June,168.0,,International Movies
s1038,TV Show,Dark Signal,Director 232,"Actor 411, Actor 957",United States,2025-12-19,2023,TV-G,3 Seasons,"Kids' TV, Stand-Up Comedy",A gripping story that unfolds over time.,2025,December,,3.0,Kids' TV
s1039,Movie,Dark Legacy,Director 165,"Actor 894, Actor 957",United States,2005-01-27,2002,TV-MA,73 min,"Crime TV Shows, International Movies",A gripping story that unfolds over time.,2005,January,73.0,,Crime TV Shows
s1040,Movie,Broken Chronicles,Not Given,"Actor 935, Actor 405",United States,2025-02-12,2023,PG-13,121 min,"Sci-Fi & Fantasy, Horror Movies",A gripping story that unfolds over time.,2025,February,121.0,,Sci-Fi & Fantasy
s1041,Movie,Silent Dreams,Not Given,"Actor 940, Actor 996",United States,2015-01-19,2013,PG-13,140 min,"Documentaries, International Movies",A gripping story that unfolds over time.,2015,January,140.0,,Documentaries
s1042,Movie,Broken Legacy,Not Given,"Actor 124, Actor 88",Spain,2026-05-17,2023,PG,128 min,International Movies,A gripping story that unfolds over time.,2026,May,128.0,,International Movies
s1043,TV Show,Forgotten City,Director 235,"Actor 691, Actor 720",United States,2008-07-08,2006,TV-Y7,1 Seasons,Romantic Movies,A gripping story that unfolds over time.,2008,July,,1.0,Romantic Movies
s1044,Movie,Last Shadows,Not Given,"Actor 950, Actor 860",United States,2014-03-09,2012,TV-PG,100 min,"Crime TV Shows, Action & Adventure",A gripping story that unfolds over time.,2014,March,100.0,,Crime TV Shows
s1045,Movie,Broken Empire,Director 342,"Actor 430, Actor 161",Germany,2008-08-15,2006,PG-13,134 min,"Dramas, International Movies",A gripping story that unfolds over time.,2008,August,134.0,,Dramas
s1046,TV Show,Endless Journey,Director 312,"Actor 924, Actor 850",Canada,2011-09-14,2009,TV-G,8 Seasons,"Romantic Movies, Children & Family Movies",A gripping story that unfolds over time.,2011,September,,8.0,Romantic Movies
s1047,Movie,Broken Heist,Director 357,"Actor 117, Actor 199",India,2012-05-23,2009,PG,94 min,Dramas,A gripping story that unfolds over time.,2012,May,94.0,,Dramas
s1048,Movie,Last Empire,Not Given,"Actor 114, Actor 794",India,2014-07-09,2013,PG,87 min,International Movies,A gripping story that unfolds over time.,2014,July,87.0,,International Movies
s1049,Movie,Silent Storm,Director 340,"Actor 169, Actor 815",Australia,2005-09-26,2004,TV-G,93 min,Crime TV Shows,A gripping story that unfolds over time.,2005,September,93.0,,Crime TV Shows
s1050,TV Show,Secret Chronicles,Not Given,"Actor 87, Actor 359",United States,2018-04-23,2016,R,6 Seasons,Crime TV Shows,A gripping story that unfolds over time.,2018,April,,6.0,Crime TV Shows
s1051,TV Show,Silent Heist,Director 150,"Actor 853, Actor 219",Japan,2025-06-18,2025,TV-PG,5 Seasons,Kids' TV,A gripping story that unfolds over time.,2025,June,,5.0,Kids' TV
s1052,TV Show,Final Shadows,Director 438,"Actor 584, Actor 671",Japan,2025-03-08,2024,TV-Y7,3 Seasons,Action & Adventure,A gripping story that unfolds over time.,2025,March,,3.0,Action & Adventure
s1053,Movie,Last Signal,Not Given,"Actor 455, Actor 891",Mexico,2026-05-02,2024,PG,116 min,"Stand-Up Comedy, Action & Adventure",A gripping story that unfolds over time.,2026,May,116.0,,Stand-Up Comedy
s1054,Movie,Forgotten Heist,Director 243,"Actor 519, Actor 362",Nigeria,2003-11-12,2003,R,154 min,Comedies,A gripping story that unfolds over time.,2003,November,154.0,,Comedies
s1055,TV Show,Lost Horizon,Director 223,"Actor 593, Actor 407",France,2009-07-10,2008,R,1 Seasons,"Crime TV Shows, Horror Movies",A gripping story that unfolds over time.,2009,July,,1.0,Crime TV Shows
s1056,TV Show,Lost Journey,Director 54,"Actor 159, Actor 884",Brazil,2009-11-04,2008,TV-MA,8 Season,"Kids' TV, Stand-Up Comedy",A gripping story that unfolds over time.,2009,November,,8.0,Kids' TV
s1057,TV Show,Final Journey,Director 312,"Actor 639, Actor 77",Nigeria,2017-06-10,2017,R,6 Seasons,Action & Adventure,A gripping story that unfolds over time.,2017,June,,6.0,Action & Adventure
s1058,Movie,Secret Journey,Director 92,"Actor 85, Actor 599",United States,2006-05-11,2004,R,83 min,Horror Movies,A gripping story that unfolds over time.,2006,May,83.0,,Horror Movies
s1059,Movie,Final Signal,Director 146,"Actor 751, Actor 503",United States,2026-09-03,2024,R,86 min,Thrillers,A gripping story that unfolds over time.,2026,September,86.0,,Thrillers
s1060,Movie,Last Journey,Director 147,"Actor 447, Actor 898",South Korea,2001-01-13,2000,TV-Y7,100 min,Romantic Movies,A gripping story that unfolds over time.,2001,January,100.0,,Romantic Movies
s1061,Movie,Hidden Horizon,Not Given,"Actor 529, Actor 302",United States,2000-03-13,2000,R,133 min,Kids' TV,A gripping story that unfolds over time.,2000,March,133.0,,Kids' TV
s1062,TV Show,Final City,Director 262,"Actor 131, Actor 577",Australia,2023-07-26,2023,PG,6 Seasons,"Kids' TV, Horror Movies",A gripping story that unfolds over time.,2023,July,,6.0,Kids' TV
s1063,Movie,Golden Horizon,Not Given,"Actor 212, Actor 216",South Korea,2015-07-14,2012,R,91 min,"Reality TV, International Movies",A gripping story that unfolds over time.,2015,July,91.0,,Reality TV
s1064,TV Show,Secret Dreams,Director 494,"Actor 685, Actor 484",United States,2024-12-04,2022,PG,3 Seasons,Stand-Up Comedy,A gripping story that unfolds over time.,2024,December,,3.0,Stand-Up Comedy
s1065,Movie,Hidden Signal,Not Given,"Actor 781, Actor 890",Nigeria,2024-08-08,2021,TV-MA,164 min,Action & Adventure,A gripping story that unfolds over time.,2024,August,164.0,,Action & Adventure
s1066,TV Show,Broken Heist,Director 452,"Actor 739, Actor 975",United States,2018-04-02,2017,TV-MA,2 Seasons,"International Movies, Children & Family Movies",A gripping story that unfolds over time.,2018,April,,2.0,International Movies
s1067,Movie,Last Dreams,Not Given,"Actor 673, Actor 150",United States,2018-05-06,2017,PG-13,131 min,"Reality TV, Action & Adventure",A gripping story that unfolds over time.,2018,May,131.0,,Reality TV
s1068,TV Show,Broken City,Not Given,"Actor 590, Actor 588",Japan,2010-02-21,2007,TV-G,4 Seasons,Dramas,A gripping story that unfolds over time.,2010,February,,4.0,Dramas
s1069,TV Show,Hidden Horizon,Director 114,"Actor 407, Actor 26",United States,2023-07-13,2022,TV-G,1 Seasons,"Documentaries, Crime TV Shows",A gripping story that unfolds over time.,2023,July,,1.0,Documentaries
s1070,Movie,Forgotten Empire,Director 36,"Actor 818, Actor 910",Japan,2007-09-27,2007,TV-MA,124 min,"Sci-Fi & Fantasy, International Movies",A gripping story that unfolds over time.,2007,September,124.0,,Sci-Fi & Fantasy
s1071,Movie,Final Dreams,Not Given,"Actor 619, Actor 655",United Kingdom,2013-12-08,2012,TV-PG,112 min,"Action & Adventure, Sci-Fi & Fantasy",A gripping story that unfolds over time.,2013,December,112.0,,Action & Adventure
s1072,TV Show,Silent Signal,Not Given,"Actor 253, Actor 443",Nigeria,2014-02-20,2012,TV-PG,7 Seasons,"Crime TV Shows, Romantic Movies",A gripping story that unfolds over time.,2014,February,,7.0,Crime TV Shows
s1073,Movie,Lost Heist,Director 497,"Actor 685, Actor 737",France,2001-03-11,2001,TV-PG,125 min,Romantic Movies,A gripping story that unfolds over time.,2001,March,125.0,,Romantic Movies
s1074,Movie,Final Chronicles,Not Given,"Actor 216, Actor 368",United Kingdom,2016-03-21,2015,TV-PG,135 min,"Documentaries, Comedies",A gripping story that unfolds over time.,2016,March,135.0,,Documentaries
s1075,Movie,Hidden Signal,Director 356,"Actor 346, Actor 794",India,2023-05-13,2022,TV-14,128 min,"Thrillers, Crime TV Shows",A gripping story that unfolds over time.,2023,May,128.0,,Thrillers
s1076,Movie,Rising Legacy,Not Given,"Actor 989, Actor 797",Nigeria,2026-03-22,2024,TV-PG,146 min,Thrillers,A gripping story that unfolds over time.,2026,March,146.0,,Thrillers
s1077,Movie,Secret Horizon,Not Given,"Actor 336, Actor 26",United States,2007-07-06,2006,TV-MA,156 min,"Kids' TV, Dramas",A gripping story that unfolds over time.,2007,July,156.0,,Kids' TV
s1078,Movie,Forgotten Dreams,Not Given,"Actor 72, Actor 482",Brazil,2025-07-09,2025,TV-Y7,138 min,Sci-Fi & Fantasy,A gripping story that unfolds over time.,2025,July,138.0,,Sci-Fi & Fantasy
s1079,Movie,Secret Legacy,Director 153,"Actor 579, Actor 567",Canada,2017-05-07,2015,PG,82 min,Thrillers,A gripping story that unfolds over time.,2017,May,82.0,,Thrillers
s1080,Movie,Silent Storm,Director 62,"Actor 941, Actor 196",Spain,2015-06-19,2012,R,92 min,Crime TV Shows,A gripping story that unfolds over time.,2015,June,92.0,,Crime TV Shows
s1081,Movie,Wild Storm,Not Given,"Actor 165, Actor 758",United Kingdom,2001-12-13,2000,PG,119 min,"Romantic Movies, International Movies",A gripping story that unfolds over time.,2001,December,119.0,,Romantic Movies
s1082,TV Show,Hidden Legacy,Director 436,"Actor 996, Actor 441",Turkey,2025-06-09,2025,TV-Y7,7 Seasons,Romantic Movies,A gripping story that unfolds over time.,2025,June,,7.0,Romantic Movies
s1083,Movie,Golden Empire,Not Given,"Actor 271, Actor 509",Spain,2005-10-09,2002,TV-MA,118 min,Kids' TV,A gripping story that unfolds over time.,2005,October,118.0,,Kids' TV
s1084,Movie,Forgotten Chronicles,Director 281,"Actor 22, Actor 760",Spain,2026-02-27,2024,PG,169 min,Crime TV Shows,A gripping story that unfolds over time.,2026,February,169.0,,Crime TV Shows
s1085,Movie,Broken Empire,Director 202,"Actor 84, Actor 956",South Korea,2012-11-24,2011,TV-14,123 min,"International Movies, Kids' TV",A gripping story that unfolds over time.,2012,November,123.0,,International Movies
s1086,Movie,Last Dreams,Director 421,"Actor 482, Actor 49",United States,2007-12-27,2006,TV-G,152 min,Thrillers,A gripping story that unfolds over time.,2007,December,152.0,,Thrillers
s1087,TV Show,Last Legacy,Director 99,"Actor 973, Actor 306",Canada,2009-06-13,2009,TV-MA,7 Seasons,"Thrillers, Stand-Up Comedy",A gripping story that unfolds over time.,2009,June,,7.0,Thrillers
s1088,TV Show,Last Horizon,Director 421,"Actor 924, Actor 306",United Kingdom,2014-09-23,2012,TV-PG,6 Season,"Kids' TV, Thrillers",A gripping story that unfolds over time.,2014,September,,6.0,Kids' TV
s1089,Movie,Golden Legacy,Director 46,"Actor 982, Actor 268",Spain,2006-11-04,2004,TV-G,142 min,"Crime TV Shows, Sci-Fi & Fantasy",A gripping story that unfolds over time.,2006,November,142.0,,Crime TV Shows
s1090,Movie,Silent Heist,Not Given,"Actor 199, Actor 497",South Korea,2012-12-16,2010,PG-13,124 min,"Crime TV Shows, Romantic Movies",A gripping story that unfolds over time.,2012,December,124.0,,Crime TV Shows
s1091,Movie,Endless Chronicles,Director 322,"Actor 729, Actor 54",Nigeria,2011-11-16,2010,PG,74 min,Sci-Fi & Fantasy,A gripping story that unfolds over time.,2011,November,74.0,,Sci-Fi & Fantasy
s1092,Movie,Golden Kingdom,Director 116,"Actor 44, Actor 858",United States,2010-03-01,2010,TV-MA,80 min,Dramas,A gripping story that unfolds over time.,2010,March,80.0,,Dramas
s1093,Movie,Dark Empire,Director 457,"Actor 355, Actor 132",United States,2009-01-13,2008,TV-Y7,145 min,Documentaries,A gripping story that unfolds over time.,2009,January,145.0,,Documentaries
s1094,TV Show,Lost Legacy,Not Given,"Actor 810, Actor 270",Spain,2012-12-18,2009,TV-14,8 Seasons,Stand-Up Comedy,A gripping story that unfolds over time.,2012,December,,8.0,Stand-Up Comedy
s1095,Movie,Silent Journey,Not Given,"Actor 101, Actor 380",United States,2023-05-27,2020,TV-Y7,77 min,Reality TV,A gripping story that unfolds over time.,2023,May,77.0,,Reality TV
s1096,Movie,Secret Heist,Director 169,"Actor 464, Actor 645",United Kingdom,2023-01-15,2020,PG-13,75 min,Thrillers,A gripping story that unfolds over time.,2023,January,75.0,,Thrillers
s1097,TV Show,Endless Horizon,Not Given,"Actor 312, Actor 583",Germany,2026-03-07,2025,TV-14,4 Seasons,Kids' TV,A gripping story that unfolds over time.,2026,March,,4.0,Kids' TV
s1098,TV Show,Broken Dreams,Director 48,"Actor 317, Actor 529",United States,2002-09-08,2000,PG-13,8 Season,"Kids' TV, Stand-Up Comedy",A gripping story that unfolds over time.,2002,September,,8.0,Kids' TV
s1099,TV Show,Forgotten Empire,Director 157,"Actor 904, Actor 273",United States,2018-08-07,2017,TV-14,1 Season,"Sci-Fi & Fantasy, Thrillers",A gripping story that unfolds over time.,2018,August,,1.0,Sci-Fi & Fantasy
s1100,TV Show,Endless Shadows,Director 453,"Actor 619, Actor 284",United States,2016-02-09,2016,TV-14,2 Seasons,International Movies,A gripping story that unfolds over time.,2016,February,,2.0,International Movies
s1101,Movie,Silent Signal,Director 470,"Actor 763, Actor 980",United States,2017-09-11,2015,TV-PG,79 min,"Children & Family Movies, Thrillers",A gripping story that unfolds over time.,2017,September,79.0,,Children & Family Movies
s1102,TV Show,Last Kingdom,Director 424,"Actor 300, Actor 351",Japan,2000-03-27,2000,TV-PG,2 Seasons,"International Movies, Dramas",A gripping story that unfolds over time.,2000,March,,2.0,International Movies
s1103,Movie,Golden Chronicles,Director 430,"Actor 228, Actor 882",United States,2012-05-09,2010,PG-13,92 min,"Stand-Up Comedy, Sci-Fi & Fantasy",A gripping story that unfolds over time.,2012,May,92.0,,Stand-Up Comedy
s1104,TV Show,Forgotten Chronicles,Director 11,"Actor 904, Actor 524",France,2016-08-03,2016,TV-14,3 Seasons,Horror Movies,A gripping story that unfolds over time.,2016,August,,3.0,Horror Movies
s1105,TV Show,Forgotten Kingdom,Director 371,"Actor 563, Actor 215",Italy,2026-08-01,2023,TV-14,6 Seasons,Sci-Fi & Fantasy,A gripping story that unfolds over time.,2026,August,,6.0,Sci-Fi & Fantasy
s1106,TV Show,Rising Dreams,Not Given,"Actor 672, Actor 849",India,2008-08-09,2005,PG-13,8 Seasons,"Dramas, Sci-Fi & Fantasy",A gripping story that unfolds over time.,2008,August,,8.0,Dramas
s1107,Movie,Golden Storm,Director 371,"Actor 337, Actor 890",United States,2005-09-23,2005,TV-G,142 min,"Dramas, Action & Adventure",A gripping story that unfolds over time.,2005,September,142.0,,Dramas
s1108,Movie,Wild City,Not Given,"Actor 125, Actor 523",United States,2007-12-02,2007,R,73 min,"Anime Series, Sci-Fi & Fantasy",A gripping story that unfolds over time.,2007,December,73.0,,Anime Series
s1109,Movie,Golden City,Not Given,"Actor 237, Actor 994",United States,2018-07-19,2018,TV-PG,159 min,Crime TV Shows,A gripping story that unfolds over time.,2018,July,159.0,,Crime TV Shows
s1110,TV Show,Silent Empire,Director 355,"Actor 343, Actor 149",United States,2017-03-18,2017,TV-MA,6 Seasons,"Children & Family Movies, Comedies",A gripping story that unfolds over time.,2017,March,,6.0,Children & Family Movies
s1111,Movie,Golden Empire,Director 338,"Actor 585, Actor 374",United States,2004-04-09,2004,TV-G,111 min,Sci-Fi & Fantasy,A gripping story that unfolds over time.,2004,April,111.0,,Sci-Fi & Fantasy
s1112,TV Show,Wild City,Director 425,"Actor 18, Actor 486",France,2011-05-15,2010,TV-Y7,5 Season,"Documentaries, Dramas",A gripping story that unfolds over time.,2011,May,,5.0,Documentaries
s1113,Movie,Golden Dreams,Director 3,"Actor 280, Actor 117",India,2006-07-02,2006,TV-Y7,159 min,"Romantic Movies, Comedies",A gripping story that unfolds over time.,2006,July,159.0,,Romantic Movies
s1114,Movie,Final Horizon,Not Given,"Actor 783, Actor 344",India,2010-04-04,2009,PG,74 min,"Stand-Up Comedy, International Movies",A gripping story that unfolds over time.,2010,April,74.0,,Stand-Up Comedy
s1115,TV Show,Silent Storm,Not Given,"Actor 762, Actor 77",France,2004-07-09,2003,R,1 Seasons,Action & Adventure,A gripping story that unfolds over time.,2004,July,,1.0,Action & Adventure
s1116,TV Show,Last Kingdom,Not Given,"Actor 129, Actor 553",United States,2021-08-04,2020,TV-MA,6 Seasons,Crime TV Shows,A gripping story that unfolds over time.,2021,August,,6.0,Crime TV Shows
s1117,Movie,Broken Heist,Director 287,"Actor 176, Actor 123",United States,2020-07-07,2020,PG,135 min,Comedies,A gripping story that unfolds over time.,2020,July,135.0,,Comedies
s1118,TV Show,Secret Shadows,Not Given,"Actor 399, Actor 32",Australia,2015-12-20,2012,TV-PG,3 Seasons,Kids' TV,A gripping story that unfolds over time.,2015,December,,3.0,Kids' TV
s1119,Movie,Final Signal,Director 476,"Actor 969, Actor 360",Japan,2004-03-19,2004,TV-14,81 min,"Children & Family Movies, Documentaries",A gripping story that unfolds over time.,2004,March,81.0,,Children & Family Movies
s1120,TV Show,Broken Dreams,Director 126,"Actor 204, Actor 914",United States,2012-05-22,2010,TV-MA,5 Seasons,"Reality TV, Thrillers",A gripping story that unfolds over time.,2012,May,,5.0,Reality TV
s1121,TV Show,Endless Dreams,Director 419,"Actor 123, Actor 294",South Korea,2010-01-13,2009,R,1 Seasons,Action & Adventure,A gripping story that unfolds over time.,2010,January,,1.0,Action & Adventure
s1122,Movie,Endless Shadows,Not Given,"Actor 138, Actor 218",United States,2024-04-15,2022,PG,80 min,"Documentaries, Action & Adventure",A gripping story that unfolds over time.,2024,April,80.0,,Documentaries
s1123,Movie,Rising Shadows,Director 408,"Actor 703, Actor 388",Brazil,2018-05-24,2017,TV-G,104 min,"Anime Series, Thrillers",A gripping story that unfolds over time.,2018,May,104.0,,Anime Series
s1124,TV Show,Wild Heist,Director 52,"Actor 733, Actor 304",Canada,2020-08-24,2019,TV-MA,4 Seasons,Crime TV Shows,A gripping story that unfolds over time.,2020,August,,4.0,Crime TV Shows
s1125,Movie,Rising Empire,Director 16,"Actor 926, Actor 761",United States,2020-07-02,2017,TV-G,109 min,Crime TV Shows,A gripping story that unfolds over time.,2020,July,109.0,,Crime TV Shows
s1126,Movie,Endless Chronicles,Director 266,"Actor 75, Actor 999",Japan,2005-03-26,2004,TV-PG,137 min,Kids' TV,A gripping story that unfolds over time.,2005,March,137.0,,Kids' TV
s1127,Movie,Silent Storm,Director 446,"Actor 707, Actor 103",United Kingdom,2002-06-08,2001,TV-Y7,73 min,"Action & Adventure, Romantic Movies",A gripping story that unfolds over time.,2002,June,73.0,,Action & Adventure
s1128,Movie,Last Signal,Not Given,"Actor 932, Actor 142",United States,2020-04-24,2020,TV-14,142 min,Dramas,A gripping story that unfolds over time.,2020,April,142.0,,Dramas
s1129,TV Show,Rising Kingdom,Not Given,"Actor 912, Actor 616",United Kingdom,2019-01-02,2017,TV-Y7,4 Seasons,Dramas,A gripping story that unfolds over time.,2019,January,,4.0,Dramas
s1130,Movie,Hidden Signal,Director 36,"Actor 381, Actor 653",Spain,2023-04-04,2021,TV-MA,89 min,"Reality TV, Anime Series",A gripping story that unfolds over time.,2023,April,89.0,,Reality TV
s1131,Movie,Lost Legacy,Director 271,"Actor 935, Actor 554",United Kingdom,2025-12-04,2022,TV-G,113 min,Comedies,A gripping story that unfolds over time.,2025,December,113.0,,Comedies
s1132,Movie,Rising Shadows,Director 5,"Actor 960, Actor 958",United States,2021-06-15,2020,TV-MA,116 min,Comedies,A gripping story that unfolds over time.,2021,June,116.0,,Comedies
s1133,TV Show,Lost City,Director 33,"Actor 662, Actor 705",United States,2005-09-11,2005,PG-13,6 Seasons,Documentaries,A gripping story that unfolds over time.,2005,September,,6.0,Documentaries
s1134,Movie,Silent Storm,Not Given,"Actor 310, Actor 809",United Kingdom,2021-12-19,2019,TV-MA,153 min,"Sci-Fi & Fantasy, Documentaries",A gripping story that unfolds over time.,2021,December,153.0,,Sci-Fi & Fantasy
s1135,Movie,Dark Signal,Director 148,"Actor 876, Actor 671",United States,2019-01-04,2017,TV-14,109 min,"Romantic Movies, Horror Movies",A gripping story that unfolds over time.,2019,January,109.0,,Romantic Movies
s1136,Movie,Last Heist,Director 94,"Actor 324, Actor 791",South Korea,2011-01-03,2010,TV-MA,169 min,"Documentaries, Thrillers",A gripping story that unfolds over time.,2011,January,169.0,,Documentaries
s1137,Movie,Wild Signal,Director 89,"Actor 895, Actor 917",Spain,2021-11-02,2021,TV-14,161 min,"Horror Movies, Reality TV",A gripping story that unfolds over time.,2021,November,161.0,,Horror Movies
s1138,TV Show,Wild Signal,Director 339,"Actor 399, Actor 439",United States,2000-10-01,2000,TV-Y7,2 Seasons,"Children & Family Movies, Documentaries",A gripping story that unfolds over time.,2000,October,,2.0,Children & Family Movies
s1139,Movie,Wild Signal,Not Given,"Actor 536, Actor 485",Brazil,2015-09-13,2012,PG,129 min,"International Movies, Children & Family Movies",A gripping story that unfolds over time.,2015,September,129.0,,International Movies
s1140,Movie,Rising Shadows,Not Given,"Actor 568, Actor 526",United States,2008-04-18,2008,PG-13,110 min,"Horror Movies, Thrillers",A gripping story that unfolds over time.,2008,April,110.0,,Horror Movies
s1141,Movie,Rising Heist,Not Given,"Actor 104, Actor 236",United States,2003-01-09,2003,TV-PG,113 min,"Crime TV Shows, Horror Movies",A gripping story that unfolds over time.,2003,January,113.0,,Crime TV Shows
s1142,TV Show,Secret Chronicles,Director 231,"Actor 203, Actor 362",Nigeria,2025-05-11,2023,TV-Y7,4 Seasons,"Kids' TV, Dramas",A gripping story that unfolds over time.,2025,May,,4.0,Kids' TV
s1143,Movie,Dark Journey,Director 64,"Actor 175, Actor 791",Canada,2009-11-17,2009,TV-Y7,85 min,Romantic Movies,A gripping story that unfolds over time.,2009,November,85.0,,Romantic Movies
s1144,TV Show,Wild Shadows,Director 80,"Actor 868, Actor 273",United Kingdom,2022-07-20,2021,TV-Y7,4 Season,Crime TV Shows,A gripping story that unfolds over time.,2022,July,,4.0,Crime TV Shows
s1145,Movie,Final Shadows,Not Given,"Actor 231, Actor 711",India,2014-09-07,2011,R,105 min,Action & Adventure,A gripping story that unfolds over time.,2014,September,105.0,,Action & Adventure
s1146,Movie,Secret Journey,Director 291,"Actor 487, Actor 878",Japan,2024-04-07,2023,TV-PG,80 min,"Reality TV, Sci-Fi & Fantasy",A gripping story that unfolds over time.,2024,April,80.0,,Reality TV
s1147,Movie,Lost Signal,Director 364,"Actor 527, Actor 998",Canada,2016-11-19,2016,PG,127 min,Crime TV Shows,A gripping story that unfolds over time.,2016,November,127.0,,Crime TV Shows
s1148,TV Show,Secret Journey,Director 257,"Actor 279, Actor 363",Germany,2000-09-17,2000,TV-G,2 Seasons,"Romantic Movies, Comedies",A gripping story that unfolds over time.,2000,September,,2.0,Romantic Movies
s1149,TV Show,Wild Kingdom,Director 445,"Actor 447, Actor 783",France,2008-10-01,2008,PG,6 Season,International Movies,A gripping story that unfolds over time.,2008,October,,6.0,International Movies
s1150,Movie,Rising Heist,Director 157,"Actor 89, Actor 202",South Korea,2002-03-20,2002,R,140 min,"Action & Adventure, Stand-Up Comedy",A gripping story that unfolds over time.,2002,March,140.0,,Action & Adventure
s1151,Movie,Secret Signal,Director 459,"Actor 498, Actor 125",United Kingdom,2006-06-12,2005,TV-Y7,163 min,Children & Family Movies,A gripping story that unfolds over time.,2006,June,163.0,,Children & Family Movies
s1152,Movie,Last Journey,Director 48,"Actor 737, Actor 342",Japan,2004-03-09,2002,TV-Y7,149 min,"Comedies, Romantic Movies",A gripping story that unfolds over time.,2004,March,149.0,,Comedies
s1153,Movie,Wild Dreams,Director 472,"Actor 172, Actor 720",Germany,2013-09-02,2012,PG-13,165 min,Comedies,A gripping story that unfolds over time.,2013,September,165.0,,Comedies
s1154,TV Show,Broken Horizon,Not Given,"Actor 110, Actor 585",United States,2025-10-19,2024,TV-Y7,8 Seasons,Anime Series,A gripping story that unfolds over time.,2025,October,,8.0,Anime Series
s1155,Movie,Hidden Legacy,Director 253,"Actor 85, Actor 697",India,2011-02-01,2009,TV-G,137 min,Horror Movies,A gripping story that unfolds over time.,2011,February,137.0,,Horror Movies
s1156,Movie,Wild Dreams,Not Given,"Actor 21, Actor 387",United States,2009-12-08,2008,PG-13,106 min,Children & Family Movies,A gripping story that unfolds over time.,2009,December,106.0,,Children & Family Movies
s1157,TV Show,Last Heist,Director 16,"Actor 416, Actor 272",United Kingdom,2001-01-13,2000,TV-MA,2 Seasons,"Kids' TV, Horror Movies",A gripping story that unfolds over time.,2001,January,,2.0,Kids' TV
s1158,TV Show,Silent Journey,Director 58,"Actor 777, Actor 638",United States,2022-08-19,2019,TV-G,4 Seasons,Kids' TV,A gripping story that unfolds over time.,2022,August,,4.0,Kids' TV
s1159,Movie,Wild Legacy,Not Given,"Actor 477, Actor 25",United States,2026-05-15,2025,TV-G,86 min,Crime TV Shows,A gripping story that unfolds over time.,2026,May,86.0,,Crime TV Shows
s1160,TV Show,Wild Shadows,Director 126,"Actor 841, Actor 878",India,2003-06-21,2000,TV-14,2 Seasons,"Reality TV, Comedies",A gripping story that unfolds over time.,2003,June,,2.0,Reality TV
s1161,Movie,Last Journey,Director 198,"Actor 781, Actor 683",Japan,2018-11-26,2016,R,132 min,Children & Family Movies,A gripping story that unfolds over time.,2018,November,132.0,,Children & Family Movies
s1162,TV Show,Secret Horizon,Director 384,"Actor 885, Actor 803",United Kingdom,2010-01-14,2007,TV-MA,6 Seasons,"Documentaries, Sci-Fi & Fantasy",A gripping story that unfolds over time.,2010,January,,6.0,Documentaries
s1163,Movie,Lost Horizon,Director 203,"Actor 639, Actor 935",United States,2021-04-27,2020,R,139 min,Thrillers,A gripping story that unfolds over time.,2021,April,139.0,,Thrillers
s1164,Movie,Last Signal,Director 36,"Actor 134, Actor 37",Spain,2025-05-11,2025,TV-14,136 min,"Anime Series, Crime TV Shows",A gripping story that unfolds over time.,2025,May,136.0,,Anime Series
s1165,Movie,Wild Journey,Director 377,"Actor 726, Actor 188",Australia,2002-06-25,2000,TV-14,155 min,Kids' TV,A gripping story that unfolds over time.,2002,June,155.0,,Kids' TV
s1166,TV Show,Final Kingdom,Director 382,"Actor 855, Actor 921",United States,2006-05-22,2005,PG-13,1 Seasons,Action & Adventure,A gripping story that unfolds over time.,2006,May,,1.0,Action & Adventure
s1167,Movie,Broken Chronicles,Director 325,"Actor 952, Actor 598",Brazil,2019-09-10,2017,PG,144 min,"Kids' TV, Stand-Up Comedy",A gripping story that unfolds over time.,2019,September,144.0,,Kids' TV
s1168,Movie,Lost Heist,Not Given,"Actor 712, Actor 59",United States,2020-01-03,2017,TV-PG,139 min,Action & Adventure,A gripping story that unfolds over time.,2020,January,139.0,,Action & Adventure
s1169,Movie,Wild Horizon,Director 397,"Actor 672, Actor 667",Spain,2004-03-19,2004,TV-Y7,94 min,"Anime Series, Kids' TV",A gripping story that unfolds over time.,2004,March,94.0,,Anime Series
s1170,TV Show,Last Signal,Director 319,"Actor 697, Actor 193",South Korea,2018-09-09,2018,TV-MA,6 Seasons,"Romantic Movies, Anime Series",A gripping story that unfolds over time.,2018,September,,6.0,Romantic Movies
s1171,TV Show,Endless Storm,Director 96,"Actor 279, Actor 143",South Korea,2009-09-19,2007,TV-G,7 Season,"International Movies, Dramas",A gripping story that unfolds over time.,2009,September,,7.0,International Movies
s1172,Movie,Silent Horizon,Not Given,"Actor 878, Actor 583",Spain,2026-02-21,2025,TV-MA,164 min,Reality TV,A gripping story that unfolds over time.,2026,February,164.0,,Reality TV
s1173,TV Show,Dark Journey,Director 142,"Actor 826, Actor 172",Japan,2002-11-18,2001,PG-13,4 Season,"Romantic Movies, Dramas",A gripping story that unfolds over time.,2002,November,,4.0,Romantic Movies
s1174,Movie,Endless Heist,Director 408,"Actor 155, Actor 463",Japan,2008-05-11,2007,TV-G,117 min,Action & Adventure,A gripping story that unfolds over time.,2008,May,117.0,,Action & Adventure
s1175,Movie,Final Shadows,Director 388,"Actor 873, Actor 835",United States,2020-07-22,2019,R,156 min,Thrillers,A gripping story that unfolds over time.,2020,July,156.0,,Thrillers
s1176,Movie,Silent Dreams,Director 254,"Actor 20, Actor 204",United Kingdom,2024-07-06,2023,TV-14,72 min,Romantic Movies,A gripping story that unfolds over time.,2024,July,72.0,,Romantic Movies
s1177,Movie,Hidden Horizon,Director 111,"Actor 491, Actor 272",United States,2026-03-13,2024,TV-Y7,148 min,"Comedies, Reality TV",A gripping story that unfolds over time.,2026,March,148.0,,Comedies
s1178,TV Show,Final Dreams,Director 161,"Actor 744, Actor 380",United States,2010-07-05,2010,R,5 Seasons,"Thrillers, Reality TV",A gripping story that unfolds over time.,2010,July,,5.0,Thrillers
s1179,Movie,Final Empire,Director 344,"Actor 509, Actor 505",United Kingdom,2009-01-08,2009,R,117 min,"Stand-Up Comedy, Reality TV",A gripping story that unfolds over time.,2009,January,117.0,,Stand-Up Comedy
s1180,Movie,Forgotten Storm,Not Given,"Actor 49, Actor 451",France,2024-03-07,2022,TV-14,82 min,Kids' TV,A gripping story that unfolds over time.,2024,March,82.0,,Kids' TV
s1181,Movie,Last Journey,Not Given,"Actor 724, Actor 511",India,2017-03-03,2015,PG-13,143 min,Sci-Fi & Fantasy,A gripping story that unfolds over time.,2017,March,143.0,,Sci-Fi & Fantasy
s1182,TV Show,Rising Journey,Director 112,"Actor 868, Actor 697",Spain,2022-06-08,2019,TV-PG,5 Seasons,"Action & Adventure, Romantic Movies",A gripping story that unfolds over time.,2022,June,,5.0,Action & Adventure
s1183,Movie,Dark Dreams,Director 233,"Actor 990, Actor 576",India,2025-09-01,2022,TV-PG,149 min,"Action & Adventure, International Movies",A gripping story that unfolds over time.,2025,September,149.0,,Action & Adventure
s1184,TV Show,Endless Kingdom,Not Given,"Actor 145, Actor 356",France,2021-08-22,2020,R,7 Seasons,"International Movies, Dramas",A gripping story that unfolds over time.,2021,August,,7.0,International Movies
s1185,Movie,Broken Dreams,Not Given,"Actor 173, Actor 887",India,2019-12-10,2016,TV-G,98 min,"Action & Adventure, Dramas",A gripping story that unfolds over time.,2019,December,98.0,,Action & Adventure
s1186,TV Show,Rising Storm,Director 79,"Actor 508, Actor 457",India,2026-02-23,2025,TV-G,7 Seasons,"Comedies, Romantic Movies",A gripping story that unfolds over time.,2026,February,,7.0,Comedies
s1187,Movie,Lost Legacy,Director 329,"Actor 149, Actor 506",South Korea,2022-08-10,2022,R,143 min,Dramas,A gripping story that unfolds over time.,2022,August,143.0,,Dramas
s1188,Movie,Endless Horizon,Not Given,"Actor 220, Actor 699",United Kingdom,2014-06-11,2012,PG-13,118 min,"Crime TV Shows, Thrillers",A gripping story that unfolds over time.,2014,June,118.0,,Crime TV Shows
s1189,TV Show,Endless Journey,Director 435,"Actor 178, Actor 796",Mexico,2016-09-10,2013,PG-13,5 Seasons,Comedies,A gripping story that unfolds over time.,2016,September,,5.0,Comedies
s1190,TV Show,Wild City,Not Given,"Actor 693, Actor 836",United States,2018-09-10,2016,TV-Y7,5 Season,International Movies,A gripping story that unfolds over time.,2018,September,,5.0,International Movies
s1191,Movie,Hidden Journey,Not Given,"Actor 61, Actor 973",Japan,2009-01-23,2006,TV-PG,134 min,Dramas,A gripping story that unfolds over time.,2009,January,134.0,,Dramas
s1192,Movie,Wild Empire,Director 128,"Actor 994, Actor 701",United States,2019-02-10,2017,R,113 min,Comedies,A gripping story that unfolds over time.,2019,February,113.0,,Comedies
s1193,Movie,Hidden Shadows,Director 461,"Actor 842, Actor 328",Turkey,2022-07-07,2019,TV-G,122 min,Stand-Up Comedy,A gripping story that unfolds over time.,2022,July,122.0,,Stand-Up Comedy
s1194,Movie,Rising Legacy,Director 85,"Actor 322, Actor 309",United States,2026-03-18,2025,PG-13,116 min,"Stand-Up Comedy, Anime Series",A gripping story that unfolds over time.,2026,March,116.0,,Stand-Up Comedy
s1195,Movie,Rising Journey,Director 140,"Actor 406, Actor 181",India,2019-05-21,2018,PG-13,95 min,Thrillers,A gripping story that unfolds over time.,2019,May,95.0,,Thrillers
s1196,TV Show,Last Journey,Director 175,"Actor 504, Actor 777",United States,2020-03-09,2017,TV-14,3 Seasons,"Thrillers, International Movies",A gripping story that unfolds over time.,2020,March,,3.0,Thrillers
s1197,Movie,Golden Signal,Director 76,"Actor 881, Actor 262",United States,2011-08-07,2009,PG-13,167 min,Action & Adventure,A gripping story that unfolds over time.,2011,August,167.0,,Action & Adventure
s1198,Movie,Silent Heist,Not Given,"Actor 889, Actor 162",Germany,2022-04-13,2019,PG-13,79 min,Dramas,A gripping story that unfolds over time.,2022,April,79.0,,Dramas
s1199,Movie,Lost Signal,Director 130,"Actor 861, Actor 845",United States,2023-12-03,2020,R,82 min,Anime Series,A gripping story that unfolds over time.,2023,December,82.0,,Anime Series
s1200,TV Show,Secret Chronicles,Not Given,"Actor 260, Actor 218",Germany,2015-04-20,2015,TV-Y7,1 Seasons,Dramas,A gripping story that unfolds over time.,2015,April,,1.0,Dramas
s1201,TV Show,Secret Chronicles,Director 253,"Actor 453, Actor 885",United States,2023-06-19,2021,R,7 Seasons,"Comedies, Anime Series",A gripping story that unfolds over time.,2023,June,,7.0,Comedies
s1202,TV Show,Wild Empire,Director 174,"Actor 646, Actor 373",United States,2024-02-24,2023,TV-PG,3 Seasons,"Kids' TV, Anime Series",A gripping story that unfolds over time.,2024,February,,3.0,Kids' TV
s1203,TV Show,Rising Empire,Not Given,"Actor 478, Actor 185",Canada,2015-01-15,2014,PG-13,2 Season,"Sci-Fi & Fantasy, Horror Movies",A gripping story that unfolds over time.,2015,January,,2.0,Sci-Fi & Fantasy
s1204,Movie,Silent Signal,Director 396,"Actor 496, Actor 297",Canada,2010-05-06,2008,PG-13,162 min,Horror Movies,A gripping story that unfolds over time.,2010,May,162.0,,Horror Movies
s1205,TV Show,Endless Horizon,Director 37,"Actor 900, Actor 55",United States,2023-05-12,2023,R,8 Seasons,"Kids' TV, Sci-Fi & Fantasy",A gripping story that unfolds over time.,2023,May,,8.0,Kids' TV
s1206,Movie,Wild Chronicles,Director 159,"Actor 701, Actor 186",Mexico,2018-05-23,2018,TV-Y7,118 min,"Dramas, Kids' TV",A gripping story that unfolds over time.,2018,May,118.0,,Dramas
s1207,Movie,Hidden City,Director 218,"Actor 163, Actor 558",South Korea,2009-09-08,2009,TV-PG,153 min,Thrillers,A gripping story that unfolds over time.,2009,September,153.0,,Thrillers
s1208,Movie,Golden City,Director 47,"Actor 417, Actor 593",Spain,2022-08-03,2021,TV-14,154 min,Horror Movies,A gripping story that unfolds over time.,2022,August,154.0,,Horror Movies
s1209,Movie,Final Kingdom,Director 282,"Actor 310, Actor 755",United States,2013-09-19,2013,PG-13,136 min,"Documentaries, Stand-Up Comedy",A gripping story that unfolds over time.,2013,September,136.0,,Documentaries
s1210,TV Show,Golden Horizon,Not Given,"Actor 499, Actor 339",United Kingdom,2008-08-21,2007,TV-14,1 Seasons,Action & Adventure,A gripping story that unfolds over time.,2008,August,,1.0,Action & Adventure
s1211,Movie,Silent Horizon,Director 332,"Actor 362, Actor 921",United States,2003-10-01,2001,TV-MA,164 min,"Horror Movies, Documentaries",A gripping story that unfolds over time.,2003,October,164.0,,Horror Movies
s1212,Movie,Forgotten Journey,Director 142,"Actor 553, Actor 106",Mexico,2026-11-10,2025,TV-PG,114 min,"Sci-Fi & Fantasy, Reality TV",A gripping story that unfolds over time.,2026,November,114.0,,Sci-Fi & Fantasy
s1213,Movie,Last Storm,Director 17,"Actor 844, Actor 273",United States,2007-11-15,2005,TV-14,126 min,"Romantic Movies, International Movies",A gripping story that unfolds over time.,2007,November,126.0,,Romantic Movies
s1214,TV Show,Broken Horizon,Director 312,"Actor 298, Actor 24",France,2009-03-14,2007,PG,7 Seasons,"Children & Family Movies, Comedies",A gripping story that unfolds over time.,2009,March,,7.0,Children & Family Movies
s1215,Movie,Dark Chronicles,Director 326,"Actor 587, Actor 257",Germany,2009-03-08,2007,TV-G,133 min,Action & Adventure,A gripping story that unfolds over time.,2009,March,133.0,,Action & Adventure
s1216,Movie,Rising Chronicles,Director 209,"Actor 245, Actor 288",United Kingdom,2000-04-02,2000,R,134 min,"Romantic Movies, Comedies",A gripping story that unfolds over time.,2000,April,134.0,,Romantic Movies
s1217,TV Show,Lost Storm,Director 34,"Actor 381, Actor 825",Australia,2026-08-03,2025,TV-14,4 Seasons,"Reality TV, Thrillers",A gripping story that unfolds over time.,2026,August,,4.0,Reality TV
s1218,Movie,Golden Horizon,Director 430,"Actor 518, Actor 467",United States,2026-04-01,2023,TV-PG,104 min,Comedies,A gripping story that unfolds over time.,2026,April,104.0,,Comedies
s1219,Movie,Lost Horizon,Not Given,"Actor 446, Actor 957",Canada,2016-01-16,2014,R,79 min,Sci-Fi & Fantasy,A gripping story that unfolds over time.,2016,January,79.0,,Sci-Fi & Fantasy
s1220,Movie,Final Kingdom,Not Given,"Actor 540, Actor 595",Nigeria,2026-08-01,2024,TV-14,115 min,"Horror Movies, Reality TV",A gripping story that unfolds over time.,2026,August,115.0,,Horror Movies
s1221,TV Show,Final Kingdom,Director 455,"Actor 615, Actor 899",Italy,2014-10-07,2013,PG,4 Seasons,"Reality TV, Horror Movies",A gripping story that unfolds over time.,2014,October,,4.0,Reality TV
s1222,Movie,Final Chronicles,Director 39,"Actor 626, Actor 845",Japan,2015-08-23,2015,TV-G,102 min,"International Movies, Comedies",A gripping story that unfolds over time.,2015,August,102.0,,International Movies
s1223,TV Show,Final Signal,Not Given,"Actor 48, Actor 189",United States,2020-05-16,2017,TV-G,4 Seasons,"Thrillers, International Movies",A gripping story that unfolds over time.,2020,May,,4.0,Thrillers
s1224,Movie,Last Signal,Director 106,"Actor 236, Actor 638",United States,2019-12-19,2019,PG,88 min,"Documentaries, Crime TV Shows",A gripping story that unfolds over time.,2019,December,88.0,,Documentaries
s1225,TV Show,Final Journey,Director 36,"Actor 776, Actor 28",United Kingdom,2011-11-20,2008,PG,4 Season,"Reality TV, Documentaries",A gripping story that unfolds over time.,2011,November,,4.0,Reality TV
s1226,TV Show,Endless City,Director 483,"Actor 594, Actor 4",South Korea,2021-10-19,2020,TV-PG,7 Seasons,"Anime Series, Stand-Up Comedy",A gripping story that unfolds over time.,2021,October,,7.0,Anime Series
s1227,TV Show,Rising Storm,Not Given,"Actor 239, Actor 72",United Kingdom,2003-04-22,2003,PG,1 Seasons,Kids' TV,A gripping story that unfolds over time.,2003,April,,1.0,Kids' TV
s1228,Movie,Secret Kingdom,Director 382,"Actor 548, Actor 637",United Kingdom,2026-11-11,2025,PG,126 min,Romantic Movies,A gripping story that unfolds over time.,2026,November,126.0,,Romantic Movies
s1229,TV Show,Lost Empire,Not Given,"Actor 328, Actor 246",France,2022-06-15,2021,TV-G,6 Season,Horror Movies,A gripping story that unfolds over time.,2022,June,,6.0,Horror Movies
s1230,TV Show,Lost Legacy,Director 362,"Actor 105, Actor 548",Japan,2020-04-26,2020,PG-13,7 Season,Kids' TV,A gripping story that unfolds over time.,2020,April,,7.0,Kids' TV
s1231,TV Show,Silent Kingdom,Director 342,"Actor 494, Actor 791",Spain,2025-04-12,2024,TV-14,7 Season,Comedies,A gripping story that unfolds over time.,2025,April,,7.0,Comedies
s1232,Movie,Forgotten Chronicles,Not Given,"Actor 141, Actor 565",Italy,2022-09-11,2019,R,146 min,Action & Adventure,A gripping story that unfolds over time.,2022,September,146.0,,Action & Adventure
s1233,Movie,Secret Journey,Director 36,"Actor 343, Actor 891",Japan,2021-06-15,2021,TV-MA,150 min,Kids' TV,A gripping story that unfolds over time.,2021,June,150.0,,Kids' TV
s1234,TV Show,Golden Legacy,Director 282,"Actor 352, Actor 13",Canada,2026-11-05,2025,TV-Y7,8 Seasons,"Anime Series, Reality TV",A gripping story that unfolds over time.,2026,November,,8.0,Anime Series
s1235,Movie,Secret Dreams,Not Given,"Actor 570, Actor 931",United States,2007-09-13,2007,PG,70 min,"Thrillers, Kids' TV",A gripping story that unfolds over time.,2007,September,70.0,,Thrillers
s1236,TV Show,Dark Legacy,Director 52,"Actor 150, Actor 717",Italy,2010-05-12,2008,PG,2 Seasons,Sci-Fi & Fantasy,A gripping story that unfolds over time.,2010,May,,2.0,Sci-Fi & Fantasy
s1237,Movie,Wild Chronicles,Director 454,"Actor 48, Actor 891",India,2009-09-18,2009,R,122 min,Crime TV Shows,A gripping story that unfolds over time.,2009,September,122.0,,Crime TV Shows
s1238,Movie,Dark City,Director 450,"Actor 240, Actor 524",India,2019-08-15,2018,TV-14,169 min,Horror Movies,A gripping story that unfolds over time.,2019,August,169.0,,Horror Movies
s1239,Movie,Wild Horizon,Director 300,"Actor 113, Actor 706",South Korea,2026-06-10,2025,TV-PG,112 min,"Reality TV, Dramas",A gripping story that unfolds over time.,2026,June,112.0,,Reality TV
s1240,TV Show,Rising Journey,Director 465,"Actor 936, Actor 489",Japan,2007-01-08,2007,TV-Y7,3 Seasons,Crime TV Shows,A gripping story that unfolds over time.,2007,January,,3.0,Crime TV Shows
s1241,Movie,Hidden Legacy,Director 255,"Actor 264, Actor 679",Germany,2018-09-05,2017,TV-MA,164 min,Comedies,A gripping story that unfolds over time.,2018,September,164.0,,Comedies
s1242,TV Show,Forgotten Signal,Not Given,"Actor 71, Actor 307",Japan,2018-10-24,2017,TV-PG,7 Seasons,Comedies,A gripping story that unfolds over time.,2018,October,,7.0,Comedies
s1243,Movie,Last Heist,Director 231,"Actor 449, Actor 588",India,2022-06-04,2022,TV-14,163 min,"Action & Adventure, Reality TV",A gripping story that unfolds over time.,2022,June,163.0,,Action & Adventure
s1244,TV Show,Rising Horizon,Not Given,"Actor 581, Actor 114",Brazil,2012-08-08,2011,R,5 Seasons,Children & Family Movies,A gripping story that unfolds over time.,2012,August,,5.0,Children & Family Movies
s1245,Movie,Silent Chronicles,Not Given,"Actor 188, Actor 527",Canada,2019-10-14,2017,PG-13,105 min,"Thrillers, Crime TV Shows",A gripping story that unfolds over time.,2019,October,105.0,,Thrillers
s1246,Movie,Lost Horizon,Not Given,"Actor 105, Actor 552",Spain,2017-01-15,2015,PG,82 min,Documentaries,A gripping story that unfolds over time.,2017,January,82.0,,Documentaries
s1247,Movie,Dark City,Not Given,"Actor 336, Actor 225",United States,2011-02-07,2010,PG,114 min,"Documentaries, Action & Adventure",A gripping story that unfolds over time.,2011,February,114.0,,Documentaries
s1248,Movie,Dark City,Director 361,"Actor 476, Actor 229",Spain,2001-03-11,2001,TV-MA,134 min,"Anime Series, Reality TV",A gripping story that unfolds over time.,2001,March,134.0,,Anime Series
s1249,Movie,Endless City,Director 410,"Actor 36, Actor 917",United States,2023-05-13,2023,TV-14,169 min,"Children & Family Movies, Sci-Fi & Fantasy",A gripping story that unfolds over time.,2023,May,169.0,,Children & Family Movies
s1250,TV Show,Lost Chronicles,Director 386,"Actor 884, Actor 778",India,2014-01-12,2013,PG-13,2 Seasons,"Sci-Fi & Fantasy, Comedies",A gripping story that unfolds over time.,2014,January,,2.0,Sci-Fi & Fantasy
s1251,Movie,Rising Empire,Not Given,"Actor 838, Actor 561",United Kingdom,2026-10-08,2024,TV-PG,102 min,Children & Family Movies,A gripping story that unfolds over time.,2026,October,102.0,,Children & Family Movies
s1252,TV Show,Endless Horizon,Not Given,"Actor 516, Actor 774",Canada,2020-03-09,2017,TV-MA,4 Seasons,Thrillers,A gripping story that unfolds over time.,2020,March,,4.0,Thrillers
s1253,Movie,Wild Horizon,Not Given,"Actor 113, Actor 373",Turkey,2023-06-11,2023,PG-13,153 min,"Romantic Movies, Documentaries",A gripping story that unfolds over time.,2023,June,153.0,,Romantic Movies
s1254,Movie,Golden Dreams,Director 421,"Actor 308, Actor 137",Spain,2021-08-03,2019,TV-14,165 min,"Reality TV, Horror Movies",A gripping story that unfolds over time.,2021,August,165.0,,Reality TV
s1255,Movie,Silent Dreams,Not Given,"Actor 590, Actor 832",United States,2024-09-16,2023,PG,140 min,"Crime TV Shows, Comedies",A gripping story that unfolds over time.,2024,September,140.0,,Crime TV Shows
s1256,Movie,Lost Heist,Director 174,"Actor 739, Actor 266",Spain,2015-11-09,2013,PG,81 min,Action & Adventure,A gripping story that unfolds over time.,2015,November,81.0,,Action & Adventure
s1257,Movie,Golden Heist,Not Given,"Actor 826, Actor 749",United States,2019-06-06,2017,TV-PG,141 min,Dramas,A gripping story that unfolds over time.,2019,June,141.0,,Dramas
s1258,Movie,Hidden Horizon,Director 253,"Actor 857, Actor 314",Canada,2026-06-19,2025,TV-PG,80 min,Horror Movies,A gripping story that unfolds over time.,2026,June,80.0,,Horror Movies
s1259,Movie,Secret Journey,Director 461,"Actor 45, Actor 635",United States,2005-12-24,2003,TV-MA,138 min,"Anime Series, Stand-Up Comedy",A gripping story that unfolds over time.,2005,December,138.0,,Anime Series
s1260,TV Show,Secret Empire,Director 171,"Actor 863, Actor 964",France,2024-03-04,2021,TV-MA,7 Seasons,Kids' TV,A gripping story that unfolds over time.,2024,March,,7.0,Kids' TV
s1261,TV Show,Forgotten Shadows,Director 362,"Actor 656, Actor 76",United States,2024-09-22,2023,TV-G,4 Seasons,"Reality TV, Crime TV Shows",A gripping story that unfolds over time.,2024,September,,4.0,Reality TV
s1262,Movie,Silent Storm,Not Given,"Actor 6, Actor 793",Canada,2005-08-22,2002,R,160 min,Kids' TV,A gripping story that unfolds over time.,2005,August,160.0,,Kids' TV
s1263,Movie,Silent Legacy,Director 406,"Actor 228, Actor 748",United States,2015-09-18,2014,TV-G,124 min,"Romantic Movies, Stand-Up Comedy",A gripping story that unfolds over time.,2015,September,124.0,,Romantic Movies
s1264,Movie,Forgotten Signal,Director 205,"Actor 621, Actor 834",United States,2008-08-10,2006,TV-MA,132 min,"Romantic Movies, Reality TV",A gripping story that unfolds over time.,2008,August,132.0,,Romantic Movies
s1265,Movie,Rising Empire,Director 249,"Actor 295, Actor 770",South Korea,2008-11-17,2005,PG,160 min,"Comedies, Sci-Fi & Fantasy",A gripping story that unfolds over time.,2008,November,160.0,,Comedies
s1266,Movie,Forgotten Shadows,Director 402,"Actor 710, Actor 320",India,2010-10-12,2010,TV-MA,114 min,"Action & Adventure, Documentaries",A gripping story that unfolds over time.,2010,October,114.0,,Action & Adventure
s1267,Movie,Broken Dreams,Not Given,"Actor 311, Actor 730",Australia,2018-10-18,2017,TV-14,134 min,Horror Movies,A gripping story that unfolds over time.,2018,October,134.0,,Horror Movies
s1268,Movie,Forgotten City,Not Given,"Actor 342, Actor 530",United States,2019-02-04,2018,PG-13,74 min,Kids' TV,A gripping story that unfolds over time.,2019,February,74.0,,Kids' TV
s1269,Movie,Final Dreams,Director 135,"Actor 940, Actor 343",United States,2014-11-14,2013,PG,157 min,"Reality TV, Thrillers",A gripping story that unfolds over time.,2014,November,157.0,,Reality TV
s1270,TV Show,Golden Empire,Not Given,"Actor 36, Actor 215",France,2022-03-27,2019,TV-MA,2 Seasons,"Crime TV Shows, Anime Series",A gripping story that unfolds over time.,2022,March,,2.0,Crime TV Shows
s1271,Movie,Final Dreams,Not Given,"Actor 927, Actor 755",United Kingdom,2014-07-08,2012,PG,128 min,"Crime TV Shows, Romantic Movies",A gripping story that unfolds over time.,2014,July,128.0,,Crime TV Shows
s1272,Movie,Lost Heist,Director 375,"Actor 464, Actor 75",Mexico,2015-11-18,2013,TV-MA,72 min,"Action & Adventure, Children & Family Movies",A gripping story that unfolds over time.,2015,November,72.0,,Action & Adventure
s1273,Movie,Last Kingdom,Director 7,"Actor 120, Actor 387",United States,2018-08-01,2016,R,160 min,"Documentaries, International Movies",A gripping story that unfolds over time.,2018,August,160.0,,Documentaries
s1274,TV Show,Final Chronicles,Not Given,"Actor 682, Actor 594",United States,2020-09-20,2018,TV-G,6 Seasons,Crime TV Shows,A gripping story that unfolds over time.,2020,September,,6.0,Crime TV Shows
s1275,TV Show,Endless Shadows,Director 341,"Actor 722, Actor 645",United States,2015-01-25,2012,R,8 Season,"Action & Adventure, Sci-Fi & Fantasy",A gripping story that unfolds over time.,2015,January,,8.0,Action & Adventure
s1276,TV Show,Broken Shadows,Director 120,"Actor 26, Actor 534",Mexico,2024-08-09,2022,PG-13,6 Seasons,"Crime TV Shows, Dramas",A gripping story that unfolds over time.,2024,August,,6.0,Crime TV Shows
s1277,Movie,Dark Storm,Director 154,"Actor 456, Actor 476",France,2024-05-18,2022,TV-14,124 min,"Comedies, International Movies",A gripping story that unfolds over time.,2024,May,124.0,,Comedies
s1278,Movie,Secret Journey,Director 482,"Actor 601, Actor 977",India,2006-12-27,2004,PG-13,163 min,"Crime TV Shows, Kids' TV",A gripping story that unfolds over time.,2006,December,163.0,,Crime TV Shows
s1279,Movie,Secret Journey,Director 289,"Actor 206, Actor 43",United Kingdom,2005-04-18,2004,R,78 min,International Movies,A gripping story that unfolds over time.,2005,April,78.0,,International Movies
s1280,Movie,Broken Dreams,Director 171,"Actor 978, Actor 376",India,2026-09-05,2025,R,143 min,"Crime TV Shows, Reality TV",A gripping story that unfolds over time.,2026,September,143.0,,Crime TV Shows
s1281,TV Show,Golden Journey,Not Given,"Actor 975, Actor 559",India,2000-06-12,2000,TV-14,5 Seasons,"Horror Movies, Dramas",A gripping story that unfolds over time.,2000,June,,5.0,Horror Movies
s1282,TV Show,Golden Horizon,Director 360,"Actor 81, Actor 549",United States,2009-05-06,2007,PG-13,5 Season,Horror Movies,A gripping story that unfolds over time.,2009,May,,5.0,Horror Movies
s1283,Movie,Forgotten Dreams,Not Given,"Actor 784, Actor 49",United States,2003-02-25,2001,PG-13,72 min,"International Movies, Dramas",A gripping story that unfolds over time.,2003,February,72.0,,International Movies
s1284,TV Show,Lost Horizon,Director 253,"Actor 634, Actor 512",France,2015-03-16,2012,PG-13,7 Season,"Anime Series, Dramas",A gripping story that unfolds over time.,2015,March,,7.0,Anime Series
s1285,Movie,Final Shadows,Director 459,"Actor 263, Actor 670",Italy,2023-02-22,2023,TV-MA,159 min,"Anime Series, Action & Adventure",A gripping story that unfolds over time.,2023,February,159.0,,Anime Series
s1286,Movie,Final Dreams,Director 295,"Actor 122, Actor 159",India,2019-07-18,2018,PG,127 min,"Thrillers, Comedies",A gripping story that unfolds over time.,2019,July,127.0,,Thrillers
s1287,Movie,Wild Signal,Not Given,"Actor 392, Actor 443",India,2015-09-25,2013,TV-MA,164 min,Action & Adventure,A gripping story that unfolds over time.,2015,September,164.0,,Action & Adventure
s1288,TV Show,Lost Kingdom,Director 368,"Actor 102, Actor 72",United Kingdom,2011-06-01,2010,TV-MA,5 Seasons,"Horror Movies, Kids' TV",A gripping story that unfolds over time.,2011,June,,5.0,Horror Movies
s1289,TV Show,Hidden Chronicles,Director 335,"Actor 531, Actor 581",United States,2002-04-04,2000,TV-G,2 Seasons,Anime Series,A gripping story that unfolds over time.,2002,April,,2.0,Anime Series
s1290,Movie,Hidden Legacy,Not Given,"Actor 427, Actor 403",Germany,2008-05-25,2005,TV-14,110 min,"Anime Series, Children & Family Movies",A gripping story that unfolds over time.,2008,May,110.0,,Anime Series
s1291,Movie,Hidden Heist,Director 259,"Actor 440, Actor 884",Japan,2009-12-26,2009,TV-14,118 min,Anime Series,A gripping story that unfolds over time.,2009,December,118.0,,Anime Series
s1292,Movie,Rising Journey,Director 115,"Actor 423, Actor 190",Germany,2022-05-16,2022,TV-G,143 min,Thrillers,A gripping story that unfolds over time.,2022,May,143.0,,Thrillers
s1293,Movie,Forgotten Heist,Director 115,"Actor 621, Actor 992",Nigeria,2024-10-06,2023,TV-MA,125 min,"Children & Family Movies, Anime Series",A gripping story that unfolds over time.,2024,October,125.0,,Children & Family Movies
s1294,Movie,Last Empire,Director 178,"Actor 112, Actor 264",Australia,2020-09-17,2018,R,82 min,Kids' TV,A gripping story that unfolds over time.,2020,September,82.0,,Kids' TV
s1295,Movie,Wild Signal,Director 408,"Actor 696, Actor 649",United States,2008-01-03,2007,TV-G,137 min,Reality TV,A gripping story that unfolds over time.,2008,January,137.0,,Reality TV
s1296,Movie,Wild Empire,Director 11,"Actor 629, Actor 265",Australia,2020-02-12,2018,PG-13,109 min,"Dramas, Reality TV",A gripping story that unfolds over time.,2020,February,109.0,,Dramas
s1297,Movie,Last Signal,Director 440,"Actor 3, Actor 50",United States,2016-01-12,2015,TV-MA,159 min,Stand-Up Comedy,A gripping story that unfolds over time.,2016,January,159.0,,Stand-Up Comedy
s1298,Movie,Dark Chronicles,Director 158,"Actor 379, Actor 330",United States,2026-08-07,2024,TV-MA,158 min,"Documentaries, Stand-Up Comedy",A gripping story that unfolds over time.,2026,August,158.0,,Documentaries
s1299,Movie,Wild Empire,Director 295,"Actor 81, Actor 996",United Kingdom,2024-05-07,2024,TV-PG,155 min,Documentaries,A gripping story that unfolds over time.,2024,May,155.0,,Documentaries
s1300,Movie,Final Chronicles,Director 95,"Actor 906, Actor 755",Australia,2016-09-21,2016,TV-Y7,84 min,Sci-Fi & Fantasy,A gripping story that unfolds over time.,2016,September,84.0,,Sci-Fi & Fantasy
s1301,TV Show,Forgotten Chronicles,Director 315,"Actor 279, Actor 867",United States,2008-11-04,2005,PG-13,5 Seasons,Comedies,A gripping story that unfolds over time.,2008,November,,5.0,Comedies
s1302,Movie,Last City,Director 38,"Actor 197, Actor 525",Brazil,2005-01-16,2005,TV-14,83 min,Comedies,A gripping story that unfolds over time.,2005,January,83.0,,Comedies
s1303,Movie,Last Horizon,Director 25,"Actor 220, Actor 293",Canada,2023-10-12,2022,R,113 min,"Sci-Fi & Fantasy, Crime TV Shows",A gripping story that unfolds over time.,2023,October,113.0,,Sci-Fi & Fantasy
s1304,Movie,Endless Dreams,Director 11,"Actor 632, Actor 385",India,2011-09-26,2010,R,135 min,"Action & Adventure, Thrillers",A gripping story that unfolds over time.,2011,September,135.0,,Action & Adventure
s1305,Movie,Wild City,Not Given,"Actor 516, Actor 816",United States,2003-12-07,2000,TV-G,127 min,"Children & Family Movies, Action & Adventure",A gripping story that unfolds over time.,2003,December,127.0,,Children & Family Movies
s1306,Movie,Golden Empire,Director 89,"Actor 78, Actor 458",Canada,2013-04-10,2010,TV-14,162 min,Anime Series,A gripping story that unfolds over time.,2013,April,162.0,,Anime Series
s1307,Movie,Final Kingdom,Not Given,"Actor 629, Actor 579",United States,2009-05-15,2006,PG,80 min,"Children & Family Movies, Romantic Movies",A gripping story that unfolds over time.,2009,May,80.0,,Children & Family Movies
s1308,Movie,Last City,Director 496,"Actor 634, Actor 837",United States,2023-10-26,2023,TV-Y7,151 min,"Crime TV Shows, International Movies",A gripping story that unfolds over time.,2023,October,151.0,,Crime TV Shows
s1309,Movie,Wild Horizon,Director 236,"Actor 181, Actor 114",Spain,2025-09-18,2025,PG,161 min,Horror Movies,A gripping story that unfolds over time.,2025,September,161.0,,Horror Movies
s1310,Movie,Silent Heist,Not Given,"Actor 333, Actor 761",United States,2016-12-10,2014,TV-PG,135 min,"Reality TV, Crime TV Shows",A gripping story that unfolds over time.,2016,December,135.0,,Reality TV
s1311,Movie,Secret Kingdom,Director 284,"Actor 806, Actor 593",United Kingdom,2026-07-18,2024,PG-13,109 min,"International Movies, Kids' TV",A gripping story that unfolds over time.,2026,July,109.0,,International Movies
s1312,TV Show,Dark Signal,Director 396,"Actor 392, Actor 246",United States,2000-05-22,2000,TV-Y7,4 Seasons,Stand-Up Comedy,A gripping story that unfolds over time.,2000,May,,4.0,Stand-Up Comedy
s1313,TV Show,Secret Kingdom,Not Given,"Actor 897, Actor 513",Mexico,2010-11-03,2010,TV-Y7,6 Seasons,Anime Series,A gripping story that unfolds over time.,2010,November,,6.0,Anime Series
s1314,Movie,Hidden Dreams,Director 105,"Actor 255, Actor 404",United States,2026-04-08,2025,PG-13,135 min,Romantic Movies,A gripping story that unfolds over time.,2026,April,135.0,,Romantic Movies
s1315,Movie,Dark Signal,Director 78,"Actor 971, Actor 380",Germany,2025-02-10,2025,PG-13,141 min,"Kids' TV, Anime Series",A gripping story that unfolds over time.,2025,February,141.0,,Kids' TV
s1316,Movie,Silent Signal,Director 360,"Actor 300, Actor 999",Spain,2026-12-24,2025,TV-MA,121 min,Stand-Up Comedy,A gripping story that unfolds over time.,2026,December,121.0,,Stand-Up Comedy
s1317,Movie,Lost Legacy,Director 374,"Actor 533, Actor 646",France,2009-07-27,2009,TV-PG,71 min,"Documentaries, Thrillers",A gripping story that unfolds over time.,2009,July,71.0,,Documentaries
s1318,TV Show,Broken Chronicles,Director 74,"Actor 96, Actor 92",United States,2020-05-10,2019,PG-13,7 Seasons,Sci-Fi & Fantasy,A gripping story that unfolds over time.,2020,May,,7.0,Sci-Fi & Fantasy
s1319,Movie,Forgotten Horizon,Not Given,"Actor 953, Actor 861",United States,2018-08-22,2016,TV-Y7,92 min,"Children & Family Movies, Anime Series",A gripping story that unfolds over time.,2018,August,92.0,,Children & Family Movies
s1320,Movie,Dark Heist,Director 229,"Actor 764, Actor 587",United Kingdom,2004-07-07,2002,TV-PG,118 min,"Horror Movies, Comedies",A gripping story that unfolds over time.,2004,July,118.0,,Horror Movies
s1321,Movie,Rising Storm,Not Given,"Actor 166, Actor 507",South Korea,2017-03-21,2015,TV-PG,132 min,Kids' TV,A gripping story that unfolds over time.,2017,March,132.0,,Kids' TV
s1322,Movie,Dark Legacy,Not Given,"Actor 18, Actor 708",Japan,2009-09-03,2006,PG,149 min,Crime TV Shows,A gripping story that unfolds over time.,2009,September,149.0,,Crime TV Shows
s1323,TV Show,Hidden Dreams,Director 103,"Actor 891, Actor 436",India,2019-05-26,2019,TV-G,8 Seasons,"Kids' TV, Dramas",A gripping story that unfolds over time.,2019,May,,8.0,Kids' TV
s1324,Movie,Hidden Shadows,Director 275,"Actor 381, Actor 20",Canada,2025-04-01,2024,PG-13,95 min,"Romantic Movies, Kids' TV",A gripping story that unfolds over time.,2025,April,95.0,,Romantic Movies
s1325,Movie,Forgotten Dreams,Director 130,"Actor 28, Actor 745",Mexico,2026-08-05,2024,PG,168 min,"International Movies, Stand-Up Comedy",A gripping story that unfolds over time.,2026,August,168.0,,International Movies
s1326,TV Show,Dark Empire,Director 31,"Actor 682, Actor 44",Mexico,2024-11-11,2022,R,3 Seasons,Reality TV,A gripping story that unfolds over time.,2024,November,,3.0,Reality TV
s1327,Movie,Silent Kingdom,Director 335,"Actor 541, Actor 322",Australia,2009-11-11,2007,TV-Y7,70 min,"Thrillers, Documentaries",A gripping story that unfolds over time.,2009,November,70.0,,Thrillers
s1328,TV Show,Secret Legacy,Director 24,"Actor 281, Actor 949",Germany,2011-02-12,2009,TV-Y7,1 Seasons,Reality TV,A gripping story that unfolds over time.,2011,February,,1.0,Reality TV
s1329,Movie,Secret City,Not Given,"Actor 836, Actor 873",United States,2014-09-16,2012,TV-G,132 min,Comedies,A gripping story that unfolds over time.,2014,September,132.0,,Comedies
s1330,Movie,Last Dreams,Not Given,"Actor 512, Actor 521",South Korea,2026-02-01,2024,PG,77 min,International Movies,A gripping story that unfolds over time.,2026,February,77.0,,International Movies
s1331,TV Show,Endless Heist,Not Given,"Actor 941, Actor 602",France,2008-03-17,2008,TV-14,5 Seasons,Reality TV,A gripping story that unfolds over time.,2008,March,,5.0,Reality TV
s1332,TV Show,Rising Heist,Director 327,"Actor 70, Actor 929",United States,2016-12-14,2015,TV-PG,7 Seasons,"International Movies, Comedies",A gripping story that unfolds over time.,2016,December,,7.0,International Movies
s1333,Movie,Broken Storm,Not Given,"Actor 34, Actor 684",Japan,2026-11-06,2025,TV-14,116 min,"Children & Family Movies, Documentaries",A gripping story that unfolds over time.,2026,November,116.0,,Children & Family Movies
s1334,Movie,Wild Journey,Not Given,"Actor 859, Actor 44",United States,2000-11-04,2000,PG-13,113 min,Sci-Fi & Fantasy,A gripping story that unfolds over time.,2000,November,113.0,,Sci-Fi & Fantasy
s1335,TV Show,Golden Signal,Director 261,"Actor 578, Actor 662",Nigeria,2024-08-06,2024,PG,4 Seasons,"Reality TV, Action & Adventure",A gripping story that unfolds over time.,2024,August,,4.0,Reality TV
s1336,Movie,Silent Storm,Not Given,"Actor 392, Actor 389",United States,2022-04-08,2022,R,115 min,"Stand-Up Comedy, Horror Movies",A gripping story that unfolds over time.,2022,April,115.0,,Stand-Up Comedy
s1337,Movie,Broken Dreams,Director 28,"Actor 783, Actor 735",South Korea,2015-03-08,2013,TV-MA,107 min,International Movies,A gripping story that unfolds over time.,2015,March,107.0,,International Movies
s1338,Movie,Golden Shadows,Not Given,"Actor 591, Actor 20",United States,2004-02-27,2003,TV-PG,140 min,"Anime Series, Romantic Movies",A gripping story that unfolds over time.,2004,February,140.0,,Anime Series
s1339,Movie,Final Chronicles,Director 407,"Actor 518, Actor 331",United Kingdom,2019-09-11,2019,TV-Y7,168 min,"Children & Family Movies, Dramas",A gripping story that unfolds over time.,2019,September,168.0,,Children & Family Movies
s1340,TV Show,Golden Chronicles,Director 266,"Actor 899, Actor 973",United States,2017-03-27,2015,TV-14,6 Seasons,"Crime TV Shows, Dramas",A gripping story that unfolds over time.,2017,March,,6.0,Crime TV Shows
s1341,TV Show,Final Signal,Director 451,"Actor 836, Actor 755",United States,2009-07-24,2006,TV-MA,8 Seasons,Comedies,A gripping story that unfolds over time.,2009,July,,8.0,Comedies
s1342,Movie,Rising Signal,Not Given,"Actor 682, Actor 94",Brazil,2006-06-22,2004,R,158 min,Horror Movies,A gripping story that unfolds over time.,2006,June,158.0,,Horror Movies
s1343,Movie,Silent Shadows,Director 145,"Actor 16, Actor 85",Brazil,2010-10-24,2008,TV-MA,93 min,"Children & Family Movies, Romantic Movies",A gripping story that unfolds over time.,2010,October,93.0,,Children & Family Movies
s1344,Movie,Golden City,Not Given,"Actor 879, Actor 465",United States,2020-07-23,2018,PG,146 min,Documentaries,A gripping story that unfolds over time.,2020,July,146.0,,Documentaries
s1345,TV Show,Secret Signal,Director 324,"Actor 476, Actor 823",Australia,2023-08-03,2023,R,6 Seasons,"Children & Family Movies, Romantic Movies",A gripping story that unfolds over time.,2023,August,,6.0,Children & Family Movies
s1346,TV Show,Hidden Heist,Director 433,"Actor 723, Actor 24",Brazil,2013-07-27,2010,TV-14,3 Seasons,Romantic Movies,A gripping story that unfolds over time.,2013,July,,3.0,Romantic Movies
s1347,Movie,Dark Signal,Director 269,"Actor 525, Actor 25",India,2025-06-05,2024,TV-14,133 min,"Romantic Movies, Stand-Up Comedy",A gripping story that unfolds over time.,2025,June,133.0,,Romantic Movies
s1348,Movie,Last Horizon,Director 211,"Actor 790, Actor 700",India,2007-01-06,2007,TV-PG,122 min,"Action & Adventure, Dramas",A gripping story that unfolds over time.,2007,January,122.0,,Action & Adventure
s1349,Movie,Forgotten Storm,Not Given,"Actor 527, Actor 1",Germany,2002-09-09,2000,TV-MA,108 min,"Thrillers, Kids' TV",A gripping story that unfolds over time.,2002,September,108.0,,Thrillers
s1350,Movie,Broken Journey,Director 286,"Actor 846, Actor 920",United States,2018-07-24,2015,PG-13,140 min,Comedies,A gripping story that unfolds over time.,2018,July,140.0,,Comedies
s1351,Movie,Hidden Chronicles,Director 117,"Actor 1, Actor 629",Australia,2006-05-26,2005,TV-14,72 min,Kids' TV,A gripping story that unfolds over time.,2006,May,72.0,,Kids' TV
s1352,TV Show,Silent Horizon,Director 176,"Actor 767, Actor 916",Italy,2015-05-05,2012,TV-Y7,7 Seasons,International Movies,A gripping story that unfolds over time.,2015,May,,7.0,International Movies
s1353,Movie,Broken Shadows,Director 421,"Actor 180, Actor 638",United States,2013-01-19,2010,TV-14,79 min,"Documentaries, Horror Movies",A gripping story that unfolds over time.,2013,January,79.0,,Documentaries
s1354,TV Show,Final Kingdom,Director 438,"Actor 521, Actor 497",India,2026-11-17,2024,PG-13,3 Seasons,Horror Movies,A gripping story that unfolds over time.,2026,November,,3.0,Horror Movies
s1355,Movie,Secret Dreams,Director 372,"Actor 528, Actor 642",United States,2015-06-23,2013,TV-Y7,109 min,"International Movies, Crime TV Shows",A gripping story that unfolds over time.,2015,June,109.0,,International Movies
s1356,Movie,Endless Kingdom,Director 155,"Actor 775, Actor 868",Canada,2022-06-27,2022,PG-13,149 min,"Sci-Fi & Fantasy, Action & Adventure",A gripping story that unfolds over time.,2022,June,149.0,,Sci-Fi & Fantasy
s1357,TV Show,Last Legacy,Director 96,"Actor 28, Actor 988",Canada,2023-03-06,2023,TV-PG,1 Seasons,Anime Series,A gripping story that unfolds over time.,2023,March,,1.0,Anime Series
s1358,Movie,Dark Dreams,Director 201,"Actor 8, Actor 576",United Kingdom,2018-01-08,2015,PG,157 min,"Comedies, Action & Adventure",A gripping story that unfolds over time.,2018,January,157.0,,Comedies
s1359,TV Show,Wild Heist,Director 360,"Actor 214, Actor 304",Brazil,2010-04-27,2007,PG-13,1 Seasons,"Thrillers, Romantic Movies",A gripping story that unfolds over time.,2010,April,,1.0,Thrillers
s1360,Movie,Forgotten Empire,Director 471,"Actor 686, Actor 730",United States,2026-01-24,2025,TV-PG,151 min,Crime TV Shows,A gripping story that unfolds over time.,2026,January,151.0,,Crime TV Shows
s1361,Movie,Rising Shadows,Not Given,"Actor 400, Actor 374",South Korea,2016-06-12,2015,PG-13,136 min,"Children & Family Movies, Sci-Fi & Fantasy",A gripping story that unfolds over time.,2016,June,136.0,,Children & Family Movies
s1362,Movie,Golden Chronicles,Not Given,"Actor 583, Actor 982",France,2007-01-20,2004,TV-Y7,70 min,"Anime Series, Comedies",A gripping story that unfolds over time.,2007,January,70.0,,Anime Series
s1363,TV Show,Rising Shadows,Director 414,"Actor 244, Actor 95",United States,2003-11-25,2001,TV-Y7,7 Season,Reality TV,A gripping story that unfolds over time.,2003,November,,7.0,Reality TV
s1364,TV Show,Silent Legacy,Director 438,"Actor 806, Actor 366",Brazil,2023-08-22,2021,TV-G,6 Seasons,Sci-Fi & Fantasy,A gripping story that unfolds over time.,2023,August,,6.0,Sci-Fi & Fantasy
s1365,TV Show,Forgotten Heist,Director 36,"Actor 642, Actor 855",United States,2013-11-04,2010,TV-MA,1 Seasons,Romantic Movies,A gripping story that unfolds over time.,2013,November,,1.0,Romantic Movies
s1366,Movie,Broken Dreams,Director 380,"Actor 826, Actor 854",United States,2020-10-18,2017,TV-MA,152 min,"Children & Family Movies, Horror Movies",A gripping story that unfolds over time.,2020,October,152.0,,Children & Family Movies
s1367,TV Show,Secret Storm,Director 187,"Actor 882, Actor 630",South Korea,2006-10-05,2005,TV-MA,6 Seasons,"Action & Adventure, Sci-Fi & Fantasy",A gripping story that unfolds over time.,2006,October,,6.0,Action & Adventure
s1368,Movie,Silent Empire,Not Given,"Actor 339, Actor 555",Canada,2004-03-18,2001,TV-MA,103 min,Crime TV Shows,A gripping story that unfolds over time.,2004,March,103.0,,Crime TV Shows
s1369,TV Show,Forgotten Shadows,Director 263,"Actor 507, Actor 151",Japan,2026-07-20,2024,TV-G,5 Seasons,"Reality TV, Dramas",A gripping story that unfolds over time.,2026,July,,5.0,Reality TV
s1370,Movie,Golden Chronicles,Director 61,"Actor 785, Actor 219",Nigeria,2003-12-09,2003,TV-14,164 min,Stand-Up Comedy,A gripping story that unfolds over time.,2003,December,164.0,,Stand-Up Comedy
s1371,Movie,Broken Heist,Director 308,"Actor 330, Actor 993",United States,2013-06-14,2012,TV-14,79 min,Crime TV Shows,A gripping story that unfolds over time.,2013,June,79.0,,Crime TV Shows
s1372,Movie,Forgotten Horizon,Director 181,"Actor 215, Actor 959",United States,2020-09-18,2017,TV-Y7,162 min,"Action & Adventure, Crime TV Shows",A gripping story that unfolds over time.,2020,September,162.0,,Action & Adventure
s1373,Movie,Endless Signal,Director 81,"Actor 638, Actor 649",India,2015-05-24,2015,PG-13,84 min,"Documentaries, Anime Series",A gripping story that unfolds over time.,2015,May,84.0,,Documentaries
s1374,Movie,Dark Shadows,Director 107,"Actor 781, Actor 744",Germany,2019-04-21,2018,R,93 min,Romantic Movies,A gripping story that unfolds over time.,2019,April,93.0,,Romantic Movies
s1375,Movie,Golden Heist,Director 83,"Actor 433, Actor 572",United States,2019-07-11,2016,TV-PG,145 min,"Sci-Fi & Fantasy, Stand-Up Comedy",A gripping story that unfolds over time.,2019,July,145.0,,Sci-Fi & Fantasy
s1376,Movie,Forgotten Horizon,Not Given,"Actor 98, Actor 943",Italy,2013-11-19,2012,TV-G,156 min,Action & Adventure,A gripping story that unfolds over time.,2013,November,156.0,,Action & Adventure
s1377,TV Show,Dark Journey,Director 171,"Actor 246, Actor 141",Spain,2019-10-08,2017,TV-G,6 Seasons,Dramas,A gripping story that unfolds over time.,2019,October,,6.0,Dramas
s1378,TV Show,Rising Chronicles,Director 115,"Actor 213, Actor 530",United States,2006-01-11,2003,TV-G,8 Seasons,Comedies,A gripping story that unfolds over time.,2006,January,,8.0,Comedies
s1379,Movie,Last Shadows,Director 34,"Actor 296, Actor 453",Canada,2007-05-04,2006,TV-G,73 min,Documentaries,A gripping story that unfolds over time.,2007,May,73.0,,Documentaries
s1380,TV Show,Hidden Journey,Not Given,"Actor 977, Actor 883",India,2007-08-06,2004,TV-G,2 Seasons,"Anime Series, International Movies",A gripping story that unfolds over time.,2007,August,,2.0,Anime Series
s1381,TV Show,Dark Empire,Director 5,"Actor 45, Actor 558",Nigeria,2013-09-04,2012,TV-MA,4 Season,"Action & Adventure, Romantic Movies",A gripping story that unfolds over time.,2013,September,,4.0,Action & Adventure
s1382,Movie,Lost City,Director 491,"Actor 838, Actor 628",South Korea,2020-04-03,2018,TV-PG,86 min,"Sci-Fi & Fantasy, Crime TV Shows",A gripping story that unfolds over time.,2020,April,86.0,,Sci-Fi & Fantasy
s1383,Movie,Last Chronicles,Director 246,"Actor 711, Actor 974",Mexico,2018-01-18,2016,TV-Y7,98 min,Children & Family Movies,A gripping story that unfolds over time.,2018,January,98.0,,Children & Family Movies
s1384,Movie,Secret Empire,Director 235,"Actor 137, Actor 779",Spain,2013-09-05,2013,PG-13,126 min,Thrillers,A gripping story that unfolds over time.,2013,September,126.0,,Thrillers
s1385,Movie,Golden Empire,Director 122,"Actor 124, Actor 453",Germany,2024-11-10,2023,PG,111 min,"Sci-Fi & Fantasy, Dramas",A gripping story that unfolds over time.,2024,November,111.0,,Sci-Fi & Fantasy
s1386,Movie,Hidden Signal,Director 92,"Actor 733, Actor 566",United States,2005-02-20,2003,TV-G,85 min,"Crime TV Shows, Sci-Fi & Fantasy",A gripping story that unfolds over time.,2005,February,85.0,,Crime TV Shows
s1387,Movie,Forgotten Chronicles,Director 105,"Actor 165, Actor 938",Japan,2026-08-20,2025,TV-14,93 min,"Dramas, Comedies",A gripping story that unfolds over time.,2026,August,93.0,,Dramas
s1388,TV Show,Dark Dreams,Director 87,"Actor 401, Actor 462",United States,2005-07-17,2002,TV-G,4 Seasons,"Anime Series, Action & Adventure",A gripping story that unfolds over time.,2005,July,,4.0,Anime Series
s1389,Movie,Secret Horizon,Director 363,"Actor 296, Actor 68",Japan,2024-01-22,2021,PG,72 min,"Stand-Up Comedy, Horror Movies",A gripping story that unfolds over time.,2024,January,72.0,,Stand-Up Comedy
s1390,Movie,Lost Shadows,Director 397,"Actor 362, Actor 164",France,2023-07-16,2023,TV-PG,91 min,"Documentaries, Reality TV",A gripping story that unfolds over time.,2023,July,91.0,,Documentaries
s1391,TV Show,Last Heist,Not Given,"Actor 633, Actor 930",India,2003-01-21,2001,TV-Y7,3 Seasons,"Documentaries, Reality TV",A gripping story that unfolds over time.,2003,January,,3.0,Documentaries
s1392,Movie,Silent Horizon,Director 8,"Actor 23, Actor 781",Spain,2020-02-23,2017,TV-Y7,88 min,"Reality TV, Dramas",A gripping story that unfolds over time.,2020,February,88.0,,Reality TV
s1393,Movie,Hidden Storm,Director 472,"Actor 811, Actor 394",United States,2024-09-13,2022,TV-MA,130 min,"Sci-Fi & Fantasy, Comedies",A gripping story that unfolds over time.,2024,September,130.0,,Sci-Fi & Fantasy
s1394,Movie,Final Empire,Director 324,"Actor 489, Actor 478",Japan,2026-02-25,2024,TV-14,140 min,"Children & Family Movies, Anime Series",A gripping story that unfolds over time.,2026,February,140.0,,Children & Family Movies
s1395,Movie,Forgotten Dreams,Director 248,"Actor 613, Actor 599",Spain,2020-05-01,2017,TV-Y7,80 min,"Crime TV Shows, Kids' TV",A gripping story that unfolds over time.,2020,May,80.0,,Crime TV Shows
s1396,Movie,Secret Chronicles,Not Given,"Actor 562, Actor 378",Canada,2006-03-01,2005,PG,137 min,Romantic Movies,A gripping story that unfolds over time.,2006,March,137.0,,Romantic Movies
s1397,TV Show,Wild Chronicles,Director 128,"Actor 389, Actor 198",Japan,2003-12-10,2000,PG-13,8 Seasons,Thrillers,A gripping story that unfolds over time.,2003,December,,8.0,Thrillers
s1398,Movie,Dark Horizon,Not Given,"Actor 178, Actor 115",United States,2007-04-08,2006,PG,138 min,Romantic Movies,A gripping story that unfolds over time.,2007,April,138.0,,Romantic Movies
s1399,Movie,Forgotten Legacy,Not Given,"Actor 532, Actor 239",Mexico,2025-01-07,2025,PG-13,162 min,Action & Adventure,A gripping story that unfolds over time.,2025,January,162.0,,Action & Adventure
s1400,Movie,Hidden Chronicles,Director 203,"Actor 101, Actor 361",India,2014-07-05,2014,TV-14,148 min,"Romantic Movies, Action & Adventure",A gripping story that unfolds over time.,2014,July,148.0,,Romantic Movies
s1401,Movie,Broken Storm,Director 132,"Actor 498, Actor 912",India,2019-02-18,2016,PG-13,132 min,"Action & Adventure, Documentaries",A gripping story that unfolds over time.,2019,February,132.0,,Action & Adventure
s1402,Movie,Secret Chronicles,Director 356,"Actor 429, Actor 401",United Kingdom,2023-04-11,2023,TV-G,132 min,"Stand-Up Comedy, Action & Adventure",A gripping story that unfolds over time.,2023,April,132.0,,Stand-Up Comedy
s1403,Movie,Silent Chronicles,Not Given,"Actor 142, Actor 485",France,2020-01-22,2019,TV-MA,110 min,"Sci-Fi & Fantasy, Children & Family Movies",A gripping story that unfolds over time.,2020,January,110.0,,Sci-Fi & Fantasy
s1404,Movie,Silent Empire,Not Given,"Actor 68, Actor 392",South Korea,2007-01-01,2005,TV-PG,126 min,Children & Family Movies,A gripping story that unfolds over time.,2007,January,126.0,,Children & Family Movies
s1405,Movie,Forgotten Signal,Not Given,"Actor 887, Actor 837",South Korea,2020-08-10,2020,TV-G,124 min,"Crime TV Shows, Anime Series",A gripping story that unfolds over time.,2020,August,124.0,,Crime TV Shows
s1406,Movie,Last Legacy,Director 30,"Actor 886, Actor 764",United States,2020-11-18,2019,R,87 min,Kids' TV,A gripping story that unfolds over time.,2020,November,87.0,,Kids' TV
s1407,TV Show,Broken Empire,Director 389,"Actor 338, Actor 963",South Korea,2006-09-08,2006,TV-PG,2 Seasons,"Dramas, Documentaries",A gripping story that unfolds over time.,2006,September,,2.0,Dramas
s1408,Movie,Dark Dreams,Not Given,"Actor 516, Actor 569",Nigeria,2017-09-22,2017,PG-13,157 min,"Reality TV, Horror Movies",A gripping story that unfolds over time.,2017,September,157.0,,Reality TV
s1409,Movie,Final Shadows,Director 29,"Actor 489, Actor 643",India,2020-08-11,2017,TV-PG,149 min,"Children & Family Movies, Reality TV",A gripping story that unfolds over time.,2020,August,149.0,,Children & Family Movies
s1410,Movie,Lost Signal,Director 371,"Actor 972, Actor 71",United Kingdom,2006-09-13,2003,TV-MA,105 min,"Documentaries, Romantic Movies",A gripping story that unfolds over time.,2006,September,105.0,,Documentaries
s1411,Movie,Silent Shadows,Not Given,"Actor 927, Actor 285",United States,2020-08-25,2020,TV-14,123 min,Romantic Movies,A gripping story that unfolds over time.,2020,August,123.0,,Romantic Movies
s1412,Movie,Golden Storm,Director 352,"Actor 246, Actor 970",Japan,2007-07-14,2007,PG-13,121 min,Thrillers,A gripping story that unfolds over time.,2007,July,121.0,,Thrillers
s1413,TV Show,Final Empire,Director 363,"Actor 299, Actor 266",United States,2010-11-08,2008,TV-14,5 Seasons,Romantic Movies,A gripping story that unfolds over time.,2010,November,,5.0,Romantic Movies
s1414,TV Show,Lost Signal,Not Given,"Actor 338, Actor 848",Nigeria,2026-04-24,2025,PG,3 Seasons,"Crime TV Shows, Kids' TV",A gripping story that unfolds over time.,2026,April,,3.0,Crime TV Shows
s1415,TV Show,Last Dreams,Director 374,"Actor 286, Actor 171",United States,2017-01-07,2016,TV-PG,6 Seasons,Thrillers,A gripping story that unfolds over time.,2017,January,,6.0,Thrillers
s1416,TV Show,Rising Heist,Director 154,"Actor 384, Actor 582",United States,2017-04-16,2016,PG-13,4 Seasons,Romantic Movies,A gripping story that unfolds over time.,2017,April,,4.0,Romantic Movies
s1417,Movie,Secret Signal,Not Given,"Actor 666, Actor 998",United States,2014-08-07,2012,TV-MA,168 min,"Crime TV Shows, Action & Adventure",A gripping story that unfolds over time.,2014,August,168.0,,Crime TV Shows
s1418,Movie,Golden Signal,Not Given,"Actor 762, Actor 565",France,2026-03-12,2024,TV-MA,90 min,"International Movies, Dramas",A gripping story that unfolds over time.,2026,March,90.0,,International Movies
s1419,TV Show,Silent Dreams,Director 402,"Actor 436, Actor 39",France,2006-08-14,2006,TV-G,3 Seasons,Documentaries,A gripping story that unfolds over time.,2006,August,,3.0,Documentaries
s1420,TV Show,Lost Storm,Director 121,"Actor 865, Actor 173",United States,2005-12-07,2002,PG,7 Seasons,"Kids' TV, Sci-Fi & Fantasy",A gripping story that unfolds over time.,2005,December,,7.0,Kids' TV
s1421,TV Show,Secret Storm,Not Given,"Actor 611, Actor 691",Germany,2024-04-13,2021,TV-14,7 Seasons,"Stand-Up Comedy, Action & Adventure",A gripping story that unfolds over time.,2024,April,,7.0,Stand-Up Comedy
s1422,Movie,Secret Signal,Director 328,"Actor 302, Actor 650",South Korea,2001-07-01,2000,TV-MA,145 min,Children & Family Movies,A gripping story that unfolds over time.,2001,July,145.0,,Children & Family Movies
s1423,Movie,Rising Shadows,Director 292,"Actor 959, Actor 252",United States,2003-03-12,2000,R,82 min,Horror Movies,A gripping story that unfolds over time.,2003,March,82.0,,Horror Movies
s1424,Movie,Broken Heist,Director 227,"Actor 260, Actor 892",United States,2016-05-21,2013,PG,76 min,"Crime TV Shows, Romantic Movies",A gripping story that unfolds over time.,2016,May,76.0,,Crime TV Shows
s1425,TV Show,Secret Legacy,Director 400,"Actor 5, Actor 920",United States,2007-05-11,2005,PG-13,8 Seasons,Sci-Fi & Fantasy,A gripping story that unfolds over time.,2007,May,,8.0,Sci-Fi & Fantasy
s1426,TV Show,Broken Kingdom,Not Given,"Actor 665, Actor 959",United States,2003-11-23,2002,TV-14,7 Seasons,"Anime Series, Stand-Up Comedy",A gripping story that unfolds over time.,2003,November,,7.0,Anime Series
s1427,Movie,Secret Journey,Not Given,"Actor 673, Actor 683",India,2019-09-13,2018,TV-G,78 min,"Horror Movies, International Movies",A gripping story that unfolds over time.,2019,September,78.0,,Horror Movies
s1428,TV Show,Golden Empire,Director 34,"Actor 140, Actor 28",United States,2018-01-02,2017,R,4 Seasons,International Movies,A gripping story that unfolds over time.,2018,January,,4.0,International Movies
s1429,Movie,Forgotten City,Not Given,"Actor 106, Actor 615",United States,2001-01-23,2001,R,129 min,"Children & Family Movies, International Movies",A gripping story that unfolds over time.,2001,January,129.0,,Children & Family Movies
s1430,Movie,Hidden Chronicles,Director 202,"Actor 74, Actor 484",Japan,2009-10-21,2009,TV-14,158 min,International Movies,A gripping story that unfolds over time.,2009,October,158.0,,International Movies
s1431,Movie,Hidden Kingdom,Director 65,"Actor 327, Actor 919",United States,2026-10-19,2025,PG-13,91 min,"Reality TV, Documentaries",A gripping story that unfolds over time.,2026,October,91.0,,Reality TV
s1432,Movie,Final Chronicles,Not Given,"Actor 232, Actor 101",South Korea,2004-10-19,2003,PG,126 min,Crime TV Shows,A gripping story that unfolds over time.,2004,October,126.0,,Crime TV Shows
s1433,Movie,Rising Legacy,Director 87,"Actor 406, Actor 836",Canada,2013-12-16,2010,TV-Y7,134 min,Anime Series,A gripping story that unfolds over time.,2013,December,134.0,,Anime Series
s1434,Movie,Last Signal,Not Given,"Actor 53, Actor 64",United States,2026-07-25,2023,TV-14,99 min,Reality TV,A gripping story that unfolds over time.,2026,July,99.0,,Reality TV
s1435,Movie,Last Signal,Director 83,"Actor 832, Actor 118",Spain,2009-08-13,2009,TV-PG,100 min,"Documentaries, Horror Movies",A gripping story that unfolds over time.,2009,August,100.0,,Documentaries
s1436,Movie,Last Kingdom,Director 375,"Actor 298, Actor 998",South Korea,2015-07-09,2013,PG,158 min,"Reality TV, Children & Family Movies",A gripping story that unfolds over time.,2015,July,158.0,,Reality TV
s1437,TV Show,Final Empire,Not Given,"Actor 653, Actor 304",Japan,2015-06-08,2014,R,5 Seasons,"Anime Series, Horror Movies",A gripping story that unfolds over time.,2015,June,,5.0,Anime Series
s1438,TV Show,Final Shadows,Director 169,"Actor 646, Actor 711",Japan,2023-09-25,2023,TV-MA,4 Seasons,"Stand-Up Comedy, Thrillers",A gripping story that unfolds over time.,2023,September,,4.0,Stand-Up Comedy
s1439,TV Show,Broken Shadows,Director 191,"Actor 176, Actor 938",Australia,2018-09-20,2015,R,4 Seasons,"Thrillers, Action & Adventure",A gripping story that unfolds over time.,2018,September,,4.0,Thrillers
s1440,TV Show,Endless Legacy,Not Given,"Actor 382, Actor 216",United States,2009-04-20,2009,TV-MA,4 Season,Kids' TV,A gripping story that unfolds over time.,2009,April,,4.0,Kids' TV
s1441,Movie,Last Horizon,Not Given,"Actor 543, Actor 193",United States,2016-02-08,2015,TV-14,123 min,"Kids' TV, Anime Series",A gripping story that unfolds over time.,2016,February,123.0,,Kids' TV
s1442,Movie,Rising Signal,Not Given,"Actor 533, Actor 378",United Kingdom,2004-06-05,2002,TV-PG,120 min,"International Movies, Reality TV",A gripping story that unfolds over time.,2004,June,120.0,,International Movies
s1443,Movie,Dark Heist,Not Given,"Actor 295, Actor 288",France,2012-06-18,2012,TV-PG,158 min,Anime Series,A gripping story that unfolds over time.,2012,June,158.0,,Anime Series
s1444,Movie,Final Chronicles,Not Given,"Actor 429, Actor 152",India,2019-04-03,2019,PG-13,151 min,"International Movies, Romantic Movies",A gripping story that unfolds over time.,2019,April,151.0,,International Movies
s1445,TV Show,Final Heist,Director 98,"Actor 126, Actor 58",Turkey,2024-10-17,2022,PG,4 Seasons,"International Movies, Thrillers",A gripping story that unfolds over time.,2024,October,,4.0,International Movies
s1446,Movie,Final Chronicles,Director 447,"Actor 76, Actor 371",India,2023-03-03,2021,TV-14,167 min,"Action & Adventure, Horror Movies",A gripping story that unfolds over time.,2023,March,167.0,,Action & Adventure
s1447,TV Show,Rising Kingdom,Director 299,"Actor 692, Actor 473",United States,2004-10-13,2002,TV-Y7,6 Seasons,"Sci-Fi & Fantasy, International Movies",A gripping story that unfolds over time.,2004,October,,6.0,Sci-Fi & Fantasy
s1448,Movie,Wild Shadows,Director 332,"Actor 934, Actor 771",Spain,2025-12-15,2022,TV-PG,164 min,"Comedies, Action & Adventure",A gripping story that unfolds over time.,2025,December,164.0,,Comedies
s1449,Movie,Golden Shadows,Director 170,"Actor 834, Actor 355",United States,2012-03-26,2012,TV-PG,141 min,"Reality TV, Thrillers",A gripping story that unfolds over time.,2012,March,141.0,,Reality TV
s1450,TV Show,Secret Journey,Director 346,"Actor 925, Actor 69",India,2007-03-06,2005,PG-13,5 Seasons,"Thrillers, Documentaries",A gripping story that unfolds over time.,2007,March,,5.0,Thrillers
s1451,Movie,Golden Dreams,Director 75,"Actor 603, Actor 86",United Kingdom,2005-03-06,2005,TV-Y7,72 min,Crime TV Shows,A gripping story that unfolds over time.,2005,March,72.0,,Crime TV Shows
s1452,TV Show,Wild Heist,Director 189,"Actor 91, Actor 568",India,2005-11-02,2004,TV-G,7 Seasons,"Anime Series, Documentaries",A gripping story that unfolds over time.,2005,November,,7.0,Anime Series
s1453,Movie,Golden Kingdom,Director 331,"Actor 357, Actor 466",France,2026-06-12,2025,PG,115 min,Crime TV Shows,A gripping story that unfolds over time.,2026,June,115.0,,Crime TV Shows
s1454,Movie,Final Empire,Director 244,"Actor 903, Actor 547",Germany,2020-05-02,2018,TV-G,95 min,Crime TV Shows,A gripping story that unfolds over time.,2020,May,95.0,,Crime TV Shows
s1455,Movie,Hidden Legacy,Director 230,"Actor 742, Actor 694",United States,2004-02-20,2002,TV-G,123 min,"International Movies, Documentaries",A gripping story that unfolds over time.,2004,February,123.0,,International Movies
s1456,Movie,Wild Empire,Director 322,"Actor 849, Actor 589",India,2020-02-22,2019,TV-G,118 min,Dramas,A gripping story that unfolds over time.,2020,February,118.0,,Dramas
s1457,TV Show,Hidden Signal,Director 206,"Actor 89, Actor 345",France,2010-04-27,2008,TV-G,7 Seasons,"Action & Adventure, Documentaries",A gripping story that unfolds over time.,2010,April,,7.0,Action & Adventure
s1458,Movie,Final City,Director 49,"Actor 878, Actor 336",United Kingdom,2007-08-14,2006,TV-Y7,130 min,International Movies,A gripping story that unfolds over time.,2007,August,130.0,,International Movies
s1459,TV Show,Golden Shadows,Not Given,"Actor 359, Actor 627",India,2020-10-04,2018,TV-G,5 Seasons,"Stand-Up Comedy, Children & Family Movies",A gripping story that unfolds over time.,2020,October,,5.0,Stand-Up Comedy
s1460,Movie,Lost Empire,Director 52,"Actor 564, Actor 332",South Korea,2025-02-19,2024,PG-13,114 min,"Stand-Up Comedy, Kids' TV",A gripping story that unfolds over time.,2025,February,114.0,,Stand-Up Comedy
s1461,Movie,Dark Journey,Director 330,"Actor 25, Actor 850",United States,2024-01-07,2022,PG,130 min,Romantic Movies,A gripping story that unfolds over time.,2024,January,130.0,,Romantic Movies
s1462,Movie,Last City,Not Given,"Actor 208, Actor 315",South Korea,2019-11-17,2019,TV-Y7,111 min,Action & Adventure,A gripping story that unfolds over time.,2019,November,111.0,,Action & Adventure
s1463,TV Show,Broken Journey,Director 342,"Actor 905, Actor 863",Canada,2011-04-10,2009,PG,3 Seasons,"Crime TV Shows, Action & Adventure",A gripping story that unfolds over time.,2011,April,,3.0,Crime TV Shows
s1464,Movie,Silent Kingdom,Not Given,"Actor 443, Actor 601",Japan,2026-02-07,2025,TV-14,141 min,Crime TV Shows,A gripping story that unfolds over time.,2026,February,141.0,,Crime TV Shows
s1465,Movie,Final Signal,Director 389,"Actor 9, Actor 631",United Kingdom,2026-06-18,2025,TV-MA,142 min,"Action & Adventure, Thrillers",A gripping story that unfolds over time.,2026,June,142.0,,Action & Adventure
s1466,TV Show,Golden Legacy,Director 205,"Actor 180, Actor 529",Australia,2019-04-26,2018,TV-MA,5 Seasons,"Sci-Fi & Fantasy, Dramas",A gripping story that unfolds over time.,2019,April,,5.0,Sci-Fi & Fantasy
s1467,Movie,Endless Dreams,Not Given,"Actor 755, Actor 499",United States,2003-11-02,2003,TV-MA,154 min,Children & Family Movies,A gripping story that unfolds over time.,2003,November,154.0,,Children & Family Movies
s1468,Movie,Wild Heist,Not Given,"Actor 850, Actor 671",United States,2005-12-17,2003,R,125 min,"Reality TV, Documentaries",A gripping story that unfolds over time.,2005,December,125.0,,Reality TV
s1469,Movie,Last Heist,Not Given,"Actor 960, Actor 793",United States,2021-12-09,2018,TV-PG,131 min,"Kids' TV, Sci-Fi & Fantasy",A gripping story that unfolds over time.,2021,December,131.0,,Kids' TV
s1470,Movie,Wild Journey,Not Given,"Actor 230, Actor 11",Canada,2026-03-25,2025,TV-MA,84 min,"Thrillers, Children & Family Movies",A gripping story that unfolds over time.,2026,March,84.0,,Thrillers
s1471,TV Show,Final City,Not Given,"Actor 14, Actor 631",United States,2022-10-02,2019,TV-Y7,4 Seasons,"Thrillers, Kids' TV",A gripping story that unfolds over time.,2022,October,,4.0,Thrillers
s1472,Movie,Silent Legacy,Director 38,"Actor 380, Actor 77",United States,2004-02-06,2003,TV-MA,75 min,"International Movies, Romantic Movies",A gripping story that unfolds over time.,2004,February,75.0,,International Movies
s1473,Movie,Endless Journey,Director 314,"Actor 565, Actor 284",United States,2018-11-10,2017,R,106 min,"Thrillers, Dramas",A gripping story that unfolds over time.,2018,November,106.0,,Thrillers
s1474,Movie,Rising Chronicles,Not Given,"Actor 194, Actor 592",South Korea,2013-12-26,2013,TV-14,82 min,Reality TV,A gripping story that unfolds over time.,2013,December,82.0,,Reality TV
s1475,Movie,Rising Legacy,Director 415,"Actor 105, Actor 381",Japan,2004-10-18,2003,TV-14,131 min,Reality TV,A gripping story that unfolds over time.,2004,October,131.0,,Reality TV
s1476,Movie,Broken City,Director 76,"Actor 722, Actor 211",Spain,2020-10-04,2020,TV-G,141 min,Sci-Fi & Fantasy,A gripping story that unfolds over time.,2020,October,141.0,,Sci-Fi & Fantasy
s1477,TV Show,Hidden Signal,Director 179,"Actor 54, Actor 196",United Kingdom,2024-10-25,2021,TV-14,1 Seasons,"Reality TV, Anime Series",A gripping story that unfolds over time.,2024,October,,1.0,Reality TV
s1478,Movie,Endless Legacy,Director 425,"Actor 772, Actor 899",United States,2021-03-19,2021,TV-PG,105 min,"Reality TV, Kids' TV",A gripping story that unfolds over time.,2021,March,105.0,,Reality TV
s1479,Movie,Secret Horizon,Director 249,"Actor 490, Actor 992",United States,2010-04-11,2008,TV-14,144 min,"Horror Movies, Dramas",A gripping story that unfolds over time.,2010,April,144.0,,Horror Movies
s1480,TV Show,Dark City,Director 419,"Actor 609, Actor 579",United Kingdom,2006-04-19,2004,PG,2 Seasons,"Thrillers, Romantic Movies",A gripping story that unfolds over time.,2006,April,,2.0,Thrillers
s1481,TV Show,Endless Shadows,Director 202,"Actor 125, Actor 937",United Kingdom,2007-03-21,2004,TV-G,1 Seasons,"Kids' TV, Action & Adventure",A gripping story that unfolds over time.,2007,March,,1.0,Kids' TV
s1482,Movie,Dark Dreams,Director 11,"Actor 112, Actor 606",India,2019-07-04,2016,TV-PG,79 min,"Children & Family Movies, Documentaries",A gripping story that unfolds over time.,2019,July,79.0,,Children & Family Movies
s1483,Movie,Rising Dreams,Director 217,"Actor 64, Actor 442",United States,2019-10-19,2017,R,164 min,Thrillers,A gripping story that unfolds over time.,2019,October,164.0,,Thrillers
s1484,Movie,Last Empire,Director 388,"Actor 929, Actor 887",India,2017-04-10,2017,PG-13,139 min,"Crime TV Shows, Horror Movies",A gripping story that unfolds over time.,2017,April,139.0,,Crime TV Shows
s1485,Movie,Rising Empire,Director 52,"Actor 94, Actor 576",Mexico,2004-09-21,2001,R,161 min,"Documentaries, Thrillers",A gripping story that unfolds over time.,2004,September,161.0,,Documentaries
s1486,Movie,Final Kingdom,Not Given,"Actor 551, Actor 60",United States,2018-09-09,2015,PG,148 min,"Thrillers, Anime Series",A gripping story that unfolds over time.,2018,September,148.0,,Thrillers
s1487,Movie,Rising Chronicles,Not Given,"Actor 103, Actor 436",Turkey,2004-08-22,2001,TV-Y7,169 min,Romantic Movies,A gripping story that unfolds over time.,2004,August,169.0,,Romantic Movies
s1488,TV Show,Hidden Journey,Not Given,"Actor 154, Actor 330",India,2016-10-02,2014,TV-PG,7 Seasons,"Stand-Up Comedy, Documentaries",A gripping story that unfolds over time.,2016,October,,7.0,Stand-Up Comedy
s1489,Movie,Golden Signal,Director 227,"Actor 732, Actor 892",United States,2017-04-04,2014,TV-PG,109 min,"Horror Movies, Comedies",A gripping story that unfolds over time.,2017,April,109.0,,Horror Movies
s1490,TV Show,Broken Empire,Director 377,"Actor 181, Actor 389",Japan,2013-07-02,2012,R,5 Seasons,Stand-Up Comedy,A gripping story that unfolds over time.,2013,July,,5.0,Stand-Up Comedy
s1491,TV Show,Endless Signal,Director 10,"Actor 912, Actor 268",Spain,2007-03-07,2006,TV-PG,6 Seasons,Action & Adventure,A gripping story that unfolds over time.,2007,March,,6.0,Action & Adventure
s1492,TV Show,Golden Journey,Director 468,"Actor 941, Actor 841",Brazil,2016-11-16,2014,TV-Y7,1 Seasons,Thrillers,A gripping story that unfolds over time.,2016,November,,1.0,Thrillers
s1493,Movie,Broken Dreams,Not Given,"Actor 851, Actor 283",Australia,2022-04-02,2022,PG-13,123 min,"Anime Series, Children & Family Movies",A gripping story that unfolds over time.,2022,April,123.0,,Anime Series
s1494,Movie,Rising Signal,Director 480,"Actor 981, Actor 798",Australia,2025-07-24,2023,PG-13,112 min,"International Movies, Kids' TV",A gripping story that unfolds over time.,2025,July,112.0,,International Movies
s1495,TV Show,Lost Signal,Director 24,"Actor 290, Actor 831",India,2006-08-19,2005,TV-PG,4 Seasons,"Sci-Fi & Fantasy, International Movies",A gripping story that unfolds over time.,2006,August,,4.0,Sci-Fi & Fantasy
s1496,Movie,Golden Chronicles,Director 226,"Actor 834, Actor 633",United States,2026-02-09,2023,R,96 min,"Comedies, Crime TV Shows",A gripping story that unfolds over time.,2026,February,96.0,,Comedies
s1497,TV Show,Forgotten Legacy,Not Given,"Actor 666, Actor 350",United States,2002-02-02,2001,TV-PG,3 Seasons,Crime TV Shows,A gripping story that unfolds over time.,2002,February,,3.0,Crime TV Shows
s1498,TV Show,Endless Dreams,Director 333,"Actor 607, Actor 955",Canada,2008-07-19,2006,PG-13,8 Seasons,Horror Movies,A gripping story that unfolds over time.,2008,July,,8.0,Horror Movies
s1499,Movie,Last Horizon,Not Given,"Actor 543, Actor 362",France,2010-05-25,2010,TV-Y7,72 min,Dramas,A gripping story that unfolds over time.,2010,May,72.0,,Dramas
s1500,Movie,Last Shadows,Director 222,"Actor 760, Actor 409",Spain,2017-03-07,2017,PG,144 min,"Stand-Up Comedy, Action & Adventure",A gripping story that unfolds over time.,2017,March,144.0,,Stand-Up Comedy
s1501,Movie,Forgotten City,Not Given,"Actor 145, Actor 2",India,2011-08-22,2009,TV-PG,86 min,Crime TV Shows,A gripping story that unfolds over time.,2011,August,86.0,,Crime TV Shows
s1502,TV Show,Wild Journey,Director 347,"Actor 455, Actor 130",United States,2003-04-11,2002,TV-Y7,4 Seasons,Stand-Up Comedy,A gripping story that unfolds over time.,2003,April,,4.0,Stand-Up Comedy
s1503,Movie,Final Chronicles,Not Given,"Actor 76, Actor 169",France,2004-12-16,2004,TV-PG,148 min,"Crime TV Shows, Sci-Fi & Fantasy",A gripping story that unfolds over time.,2004,December,148.0,,Crime TV Shows
s1504,Movie,Final Signal,Not Given,"Actor 380, Actor 109",United States,2018-05-08,2016,PG-13,163 min,"Stand-Up Comedy, Action & Adventure",A gripping story that unfolds over time.,2018,May,163.0,,Stand-Up Comedy
s1505,Movie,Wild Chronicles,Director 455,"Actor 633, Actor 844",India,2024-02-16,2021,TV-MA,79 min,"Stand-Up Comedy, Dramas",A gripping story that unfolds over time.,2024,February,79.0,,Stand-Up Comedy
s1506,TV Show,Hidden Signal,Director 251,"Actor 177, Actor 49",United States,2010-04-15,2008,TV-Y7,7 Seasons,Children & Family Movies,A gripping story that unfolds over time.,2010,April,,7.0,Children & Family Movies
s1507,Movie,Endless City,Director 401,"Actor 168, Actor 355",South Korea,2003-11-12,2003,R,133 min,Horror Movies,A gripping story that unfolds over time.,2003,November,133.0,,Horror Movies
s1508,TV Show,Final Kingdom,Director 110,"Actor 773, Actor 173",Australia,2013-01-15,2012,TV-PG,7 Seasons,Documentaries,A gripping story that unfolds over time.,2013,January,,7.0,Documentaries
s1509,TV Show,Wild Storm,Director 319,"Actor 582, Actor 550",United Kingdom,2003-02-15,2001,TV-Y7,6 Seasons,Stand-Up Comedy,A gripping story that unfolds over time.,2003,February,,6.0,Stand-Up Comedy
s1510,Movie,Wild Journey,Director 496,"Actor 366, Actor 491",Spain,2026-03-09,2025,PG,95 min,"Sci-Fi & Fantasy, Reality TV",A gripping story that unfolds over time.,2026,March,95.0,,Sci-Fi & Fantasy
s1511,Movie,Lost Signal,Not Given,"Actor 710, Actor 875",United States,2004-10-04,2003,TV-MA,168 min,Horror Movies,A gripping story that unfolds over time.,2004,October,168.0,,Horror Movies
s1512,TV Show,Wild Legacy,Director 282,"Actor 876, Actor 806",India,2026-03-16,2023,TV-G,1 Seasons,"Horror Movies, Children & Family Movies",A gripping story that unfolds over time.,2026,March,,1.0,Horror Movies
s1513,Movie,Hidden Horizon,Director 122,"Actor 481, Actor 112",Spain,2012-05-15,2011,TV-MA,98 min,"Kids' TV, Children & Family Movies",A gripping story that unfolds over time.,2012,May,98.0,,Kids' TV
s1514,Movie,Silent Empire,Director 325,"Actor 214, Actor 508",United States,2009-11-12,2006,TV-PG,94 min,Horror Movies,A gripping story that unfolds over time.,2009,November,94.0,,Horror Movies
s1515,Movie,Forgotten Shadows,Director 1,"Actor 459, Actor 645",India,2010-12-26,2009,TV-Y7,159 min,"International Movies, Comedies",A gripping story that unfolds over time.,2010,December,159.0,,International Movies
s1516,Movie,Last Chronicles,Director 448,"Actor 132, Actor 363",United States,2025-09-03,2022,TV-Y7,160 min,Kids' TV,A gripping story that unfolds over time.,2025,September,160.0,,Kids' TV
s1517,TV Show,Last Storm,Director 386,"Actor 36, Actor 630",South Korea,2025-05-25,2022,R,8 Seasons,"Crime TV Shows, Children & Family Movies",A gripping story that unfolds over time.,2025,May,,8.0,Crime TV Shows
s1518,TV Show,Rising City,Not Given,"Actor 817, Actor 496",United States,2019-08-21,2019,PG,3 Season,"Horror Movies, Anime Series",A gripping story that unfolds over time.,2019,August,,3.0,Horror Movies
s1519,Movie,Forgotten Storm,Not Given,"Actor 980, Actor 273",Australia,2025-08-08,2023,TV-14,83 min,"Crime TV Shows, International Movies",A gripping story that unfolds over time.,2025,August,83.0,,Crime TV Shows
s1520,Movie,Dark Storm,Director 285,"Actor 153, Actor 40",Australia,2003-09-26,2001,TV-14,99 min,"International Movies, Crime TV Shows",A gripping story that unfolds over time.,2003,September,99.0,,International Movies
s1521,Movie,Dark Storm,Director 30,"Actor 30, Actor 727",France,2004-01-13,2004,TV-MA,146 min,Dramas,A gripping story that unfolds over time.,2004,January,146.0,,Dramas
s1522,TV Show,Silent Shadows,Director 113,"Actor 650, Actor 452",United States,2012-01-11,2010,TV-14,1 Seasons,"International Movies, Thrillers",A gripping story that unfolds over time.,2012,January,,1.0,International Movies
s1523,Movie,Secret Dreams,Not Given,"Actor 304, Actor 177",United Kingdom,2011-08-11,2010,TV-MA,142 min,"Thrillers, Reality TV",A gripping story that unfolds over time.,2011,August,142.0,,Thrillers
s1524,Movie,Hidden Signal,Director 302,"Actor 961, Actor 884",France,2017-10-04,2016,TV-MA,155 min,Romantic Movies,A gripping story that unfolds over time.,2017,October,155.0,,Romantic Movies
s1525,Movie,Broken Empire,Director 161,"Actor 713, Actor 541",Nigeria,2025-03-20,2024,TV-Y7,90 min,Action & Adventure,A gripping story that unfolds over time.,2025,March,90.0,,Action & Adventure
s1526,Movie,Dark City,Not Given,"Actor 967, Actor 400",France,2015-04-20,2012,TV-Y7,70 min,"International Movies, Stand-Up Comedy",A gripping story that unfolds over time.,2015,April,70.0,,International Movies
s1527,Movie,Last Signal,Director 289,"Actor 769, Actor 454",South Korea,2020-03-19,2017,PG,72 min,"Thrillers, Romantic Movies",A gripping story that unfolds over time.,2020,March,72.0,,Thrillers
s1528,Movie,Endless Chronicles,Not Given,"Actor 626, Actor 96",Japan,2017-12-06,2016,TV-PG,127 min,"Dramas, Horror Movies",A gripping story that unfolds over time.,2017,December,127.0,,Dramas
s1529,Movie,Wild Legacy,Director 478,"Actor 974, Actor 687",India,2021-04-11,2020,TV-G,161 min,"Reality TV, Romantic Movies",A gripping story that unfolds over time.,2021,April,161.0,,Reality TV
s1530,Movie,Endless Signal,Director 101,"Actor 544, Actor 789",United States,2022-12-25,2019,TV-Y7,149 min,"Kids' TV, Comedies",A gripping story that unfolds over time.,2022,December,149.0,,Kids' TV
s1531,Movie,Rising Chronicles,Director 55,"Actor 805, Actor 417",United Kingdom,2020-09-25,2017,PG-13,133 min,International Movies,A gripping story that unfolds over time.,2020,September,133.0,,International Movies
s1532,TV Show,Silent Shadows,Director 110,"Actor 715, Actor 106",United States,2017-08-24,2015,TV-PG,7 Seasons,"Stand-Up Comedy, Children & Family Movies",A gripping story that unfolds over time.,2017,August,,7.0,Stand-Up Comedy
s1533,Movie,Endless Shadows,Director 37,"Actor 593, Actor 608",Canada,2025-06-23,2025,R,138 min,Crime TV Shows,A gripping story that unfolds over time.,2025,June,138.0,,Crime TV Shows
s1534,TV Show,Dark Shadows,Director 90,"Actor 328, Actor 272",United States,2005-12-21,2004,TV-Y7,7 Seasons,"Stand-Up Comedy, Children & Family Movies",A gripping story that unfolds over time.,2005,December,,7.0,Stand-Up Comedy
s1535,Movie,Dark Chronicles,Director 458,"Actor 856, Actor 242",United States,2025-07-01,2024,TV-Y7,110 min,"Kids' TV, Sci-Fi & Fantasy",A gripping story that unfolds over time.,2025,July,110.0,,Kids' TV
s1536,Movie,Lost City,Not Given,"Actor 468, Actor 983",South Korea,2007-04-15,2004,TV-14,141 min,Thrillers,A gripping story that unfolds over time.,2007,April,141.0,,Thrillers
s1537,Movie,Final Storm,Director 310,"Actor 993, Actor 563",United States,2001-01-08,2001,PG,143 min,Kids' TV,A gripping story that unfolds over time.,2001,January,143.0,,Kids' TV
s1538,Movie,Forgotten Journey,Director 319,"Actor 758, Actor 861",United States,2014-12-24,2012,TV-PG,134 min,"Children & Family Movies, International Movies",A gripping story that unfolds over time.,2014,December,134.0,,Children & Family Movies
s1539,TV Show,Wild Signal,Director 350,"Actor 787, Actor 360",United Kingdom,2020-08-13,2020,TV-Y7,1 Seasons,Romantic Movies,A gripping story that unfolds over time.,2020,August,,1.0,Romantic Movies
s1540,Movie,Dark Horizon,Director 317,"Actor 916, Actor 936",United States,2023-10-12,2023,TV-14,154 min,Action & Adventure,A gripping story that unfolds over time.,2023,October,154.0,,Action & Adventure
s1541,Movie,Golden Legacy,Director 180,"Actor 607, Actor 71",Nigeria,2016-10-05,2016,R,116 min,"Crime TV Shows, Action & Adventure",A gripping story that unfolds over time.,2016,October,116.0,,Crime TV Shows
s1542,Movie,Lost Horizon,Director 444,"Actor 623, Actor 737",India,2012-04-02,2011,TV-MA,145 min,"Documentaries, Thrillers",A gripping story that unfolds over time.,2012,April,145.0,,Documentaries
s1543,Movie,Lost Chronicles,Director 194,"Actor 312, Actor 996",United States,2017-10-18,2014,R,163 min,Romantic Movies,A gripping story that unfolds over time.,2017,October,163.0,,Romantic Movies
s1544,Movie,Dark Journey,Not Given,"Actor 660, Actor 247",India,2010-08-02,2010,TV-Y7,116 min,Crime TV Shows,A gripping story that unfolds over time.,2010,August,116.0,,Crime TV Shows
s1545,Movie,Last Dreams,Director 413,"Actor 860, Actor 719",India,2002-11-06,2001,TV-PG,80 min,Sci-Fi & Fantasy,A gripping story that unfolds over time.,2002,November,80.0,,Sci-Fi & Fantasy
s1546,Movie,Golden Heist,Director 201,"Actor 219, Actor 920",Nigeria,2005-06-08,2004,PG,94 min,"International Movies, Action & Adventure",A gripping story that unfolds over time.,2005,June,94.0,,International Movies
s1547,Movie,Lost Chronicles,Director 244,"Actor 486, Actor 314",Japan,2017-06-26,2016,PG,123 min,Thrillers,A gripping story that unfolds over time.,2017,June,123.0,,Thrillers
s1548,Movie,Golden Signal,Not Given,"Actor 185, Actor 389",United Kingdom,2007-09-12,2006,PG,97 min,"Reality TV, Anime Series",A gripping story that unfolds over time.,2007,September,97.0,,Reality TV
s1549,Movie,Final Dreams,Director 440,"Actor 244, Actor 244",Brazil,2016-01-11,2016,TV-14,149 min,"Horror Movies, Dramas",A gripping story that unfolds over time.,2016,January,149.0,,Horror Movies
s1550,Movie,Silent Signal,Director 457,"Actor 281, Actor 44",United States,2016-12-15,2015,TV-G,128 min,"Crime TV Shows, Anime Series",A gripping story that unfolds over time.,2016,December,128.0,,Crime TV Shows
s1551,TV Show,Hidden Storm,Director 132,"Actor 21, Actor 1",United States,2007-05-06,2007,TV-PG,8 Seasons,"Comedies, Dramas",A gripping story that unfolds over time.,2007,May,,8.0,Comedies
s1552,Movie,Broken Empire,Director 43,"Actor 691, Actor 701",Japan,2018-08-22,2016,PG,80 min,Thrillers,A gripping story that unfolds over time.,2018,August,80.0,,Thrillers
s1553,TV Show,Golden City,Not Given,"Actor 621, Actor 946",Spain,2006-08-23,2006,PG,6 Seasons,"Reality TV, Comedies",A gripping story that unfolds over time.,2006,August,,6.0,Reality TV
s1554,Movie,Rising Legacy,Director 177,"Actor 679, Actor 294",United States,2010-12-09,2007,PG,165 min,"Children & Family Movies, Action & Adventure",A gripping story that unfolds over time.,2010,December,165.0,,Children & Family Movies
s1555,Movie,Rising Storm,Director 231,"Actor 294, Actor 700",United States,2012-04-20,2011,TV-14,160 min,Comedies,A gripping story that unfolds over time.,2012,April,160.0,,Comedies
s1556,Movie,Wild City,Director 240,"Actor 254, Actor 228",Turkey,2020-01-27,2020,PG-13,115 min,"Thrillers, Dramas",A gripping story that unfolds over time.,2020,January,115.0,,Thrillers
s1557,Movie,Broken Storm,Director 369,"Actor 65, Actor 162",South Korea,2009-01-21,2008,TV-Y7,137 min,"Sci-Fi & Fantasy, Anime Series",A gripping story that unfolds over time.,2009,January,137.0,,Sci-Fi & Fantasy
s1558,Movie,Lost Empire,Director 207,"Actor 808, Actor 43",United Kingdom,2010-02-16,2009,TV-14,83 min,Kids' TV,A gripping story that unfolds over time.,2010,February,83.0,,Kids' TV
s1559,TV Show,Rising Empire,Not Given,"Actor 343, Actor 430",United States,2004-11-11,2002,PG,1 Season,Comedies,A gripping story that unfolds over time.,2004,November,,1.0,Comedies
s1560,Movie,Dark Empire,Director 389,"Actor 330, Actor 743",Japan,2004-10-09,2002,TV-G,82 min,Anime Series,A gripping story that unfolds over time.,2004,October,82.0,,Anime Series
s1561,TV Show,Silent Heist,Director 121,"Actor 11, Actor 584",Australia,2018-08-27,2016,TV-Y7,6 Seasons,"Action & Adventure, Anime Series",A gripping story that unfolds over time.,2018,August,,6.0,Action & Adventure
s1562,Movie,Lost Kingdom,Director 135,"Actor 157, Actor 569",Australia,2017-07-15,2014,TV-14,74 min,Stand-Up Comedy,A gripping story that unfolds over time.,2017,July,74.0,,Stand-Up Comedy
s1563,TV Show,Golden Horizon,Director 444,"Actor 748, Actor 967",United States,2010-09-15,2007,PG-13,5 Seasons,Reality TV,A gripping story that unfolds over time.,2010,September,,5.0,Reality TV
s1564,Movie,Dark Kingdom,Director 129,"Actor 502, Actor 679",Japan,2022-03-10,2019,PG,110 min,"Crime TV Shows, Stand-Up Comedy",A gripping story that unfolds over time.,2022,March,110.0,,Crime TV Shows
s1565,Movie,Wild Heist,Director 174,"Actor 720, Actor 326",United States,2006-02-02,2003,PG,131 min,Stand-Up Comedy,A gripping story that unfolds over time.,2006,February,131.0,,Stand-Up Comedy
s1566,Movie,Endless Kingdom,Director 195,"Actor 177, Actor 627",Nigeria,2024-04-13,2023,TV-MA,132 min,Children & Family Movies,A gripping story that unfolds over time.,2024,April,132.0,,Children & Family Movies
s1567,TV Show,Secret Legacy,Director 106,"Actor 666, Actor 18",France,2023-04-15,2022,PG,2 Seasons,"Comedies, Dramas",A gripping story that unfolds over time.,2023,April,,2.0,Comedies
s1568,Movie,Rising Dreams,Director 232,"Actor 290, Actor 639",United Kingdom,2018-06-21,2018,R,96 min,"Horror Movies, Crime TV Shows",A gripping story that unfolds over time.,2018,June,96.0,,Horror Movies
s1569,Movie,Silent Dreams,Director 497,"Actor 75, Actor 58",United States,2026-03-19,2023,PG-13,82 min,Dramas,A gripping story that unfolds over time.,2026,March,82.0,,Dramas
s1570,Movie,Wild Legacy,Not Given,"Actor 197, Actor 661",United States,2008-08-25,2006,PG,90 min,Comedies,A gripping story that unfolds over time.,2008,August,90.0,,Comedies
s1571,TV Show,Last Legacy,Director 268,"Actor 838, Actor 340",United States,2002-10-19,2001,TV-MA,2 Seasons,Sci-Fi & Fantasy,A gripping story that unfolds over time.,2002,October,,2.0,Sci-Fi & Fantasy
s1572,Movie,Final City,Not Given,"Actor 191, Actor 974",United States,2023-09-02,2023,TV-MA,168 min,"Sci-Fi & Fantasy, Crime TV Shows",A gripping story that unfolds over time.,2023,September,168.0,,Sci-Fi & Fantasy
s1573,TV Show,Last Journey,Not Given,"Actor 967, Actor 945",India,2024-03-25,2024,PG-13,3 Seasons,"Stand-Up Comedy, International Movies",A gripping story that unfolds over time.,2024,March,,3.0,Stand-Up Comedy
s1574,Movie,Final Kingdom,Director 351,"Actor 913, Actor 350",India,2024-02-25,2021,PG-13,93 min,"Kids' TV, Romantic Movies",A gripping story that unfolds over time.,2024,February,93.0,,Kids' TV
s1575,Movie,Dark Kingdom,Not Given,"Actor 4, Actor 23",United Kingdom,2007-08-05,2005,TV-MA,144 min,"International Movies, Reality TV",A gripping story that unfolds over time.,2007,August,144.0,,International Movies
s1576,Movie,Broken Shadows,Director 364,"Actor 807, Actor 71",Turkey,2008-01-01,2007,R,108 min,Documentaries,A gripping story that unfolds over time.,2008,January,108.0,,Documentaries
s1577,TV Show,Forgotten City,Not Given,"Actor 412, Actor 178",Australia,2026-03-01,2025,TV-G,3 Season,Thrillers,A gripping story that unfolds over time.,2026,March,,3.0,Thrillers
s1578,Movie,Endless Legacy,Not Given,"Actor 688, Actor 930",United Kingdom,2002-02-22,2001,TV-Y7,77 min,"Reality TV, Sci-Fi & Fantasy",A gripping story that unfolds over time.,2002,February,77.0,,Reality TV
s1579,Movie,Lost Horizon,Not Given,"Actor 710, Actor 184",France,2019-05-05,2019,TV-MA,78 min,International Movies,A gripping story that unfolds over time.,2019,May,78.0,,International Movies
s1580,Movie,Final City,Director 454,"Actor 489, Actor 182",India,2009-12-14,2009,PG-13,70 min,International Movies,A gripping story that unfolds over time.,2009,December,70.0,,International Movies
s1581,TV Show,Dark Empire,Not Given,"Actor 803, Actor 866",Germany,2007-06-22,2007,TV-MA,6 Seasons,"Documentaries, Thrillers",A gripping story that unfolds over time.,2007,June,,6.0,Documentaries
s1582,Movie,Wild Storm,Director 476,"Actor 452, Actor 462",Canada,2016-05-12,2013,TV-14,163 min,"Stand-Up Comedy, Thrillers",A gripping story that unfolds over time.,2016,May,163.0,,Stand-Up Comedy
s1583,TV Show,Lost Shadows,Director 10,"Actor 820, Actor 557",United States,2008-05-20,2006,TV-MA,5 Seasons,Comedies,A gripping story that unfolds over time.,2008,May,,5.0,Comedies
s1584,Movie,Hidden Legacy,Director 262,"Actor 591, Actor 419",United States,2006-01-26,2005,TV-G,99 min,Crime TV Shows,A gripping story that unfolds over time.,2006,January,99.0,,Crime TV Shows
s1585,TV Show,Lost Kingdom,Director 152,"Actor 512, Actor 897",Mexico,2019-08-04,2016,PG-13,1 Seasons,"Action & Adventure, Children & Family Movies",A gripping story that unfolds over time.,2019,August,,1.0,Action & Adventure
s1586,Movie,Golden Heist,Director 203,"Actor 510, Actor 95",Nigeria,2005-04-17,2003,TV-PG,149 min,"Children & Family Movies, Thrillers",A gripping story that unfolds over time.,2005,April,149.0,,Children & Family Movies
s1587,TV Show,Forgotten Shadows,Director 86,"Actor 160, Actor 425",United States,2013-10-02,2010,PG-13,2 Seasons,Romantic Movies,A gripping story that unfolds over time.,2013,October,,2.0,Romantic Movies
s1588,Movie,Silent City,Director 297,"Actor 222, Actor 943",France,2026-03-26,2024,TV-Y7,162 min,"Crime TV Shows, Sci-Fi & Fantasy",A gripping story that unfolds over time.,2026,March,162.0,,Crime TV Shows
s1589,TV Show,Wild Horizon,Director 84,"Actor 624, Actor 710",United States,2000-06-08,2000,PG,6 Seasons,Dramas,A gripping story that unfolds over time.,2000,June,,6.0,Dramas
s1590,TV Show,Final Kingdom,Director 451,"Actor 291, Actor 477",United States,2025-04-09,2024,TV-MA,1 Seasons,Dramas,A gripping story that unfolds over time.,2025,April,,1.0,Dramas
s1591,Movie,Lost Empire,Not Given,"Actor 52, Actor 70",United Kingdom,2002-09-04,2000,TV-PG,143 min,Romantic Movies,A gripping story that unfolds over time.,2002,September,143.0,,Romantic Movies
s1592,TV Show,Last City,Director 55,"Actor 878, Actor 514",France,2022-10-26,2019,TV-14,6 Seasons,"Dramas, Romantic Movies",A gripping story that unfolds over time.,2022,October,,6.0,Dramas
s1593,Movie,Secret Empire,Director 186,"Actor 320, Actor 199",Australia,2014-10-25,2012,TV-PG,87 min,Reality TV,A gripping story that unfolds over time.,2014,October,87.0,,Reality TV
s1594,Movie,Golden Legacy,Director 125,"Actor 162, Actor 36",India,2008-04-04,2006,TV-MA,70 min,"Romantic Movies, International Movies",A gripping story that unfolds over time.,2008,April,70.0,,Romantic Movies
s1595,TV Show,Silent Signal,Director 103,"Actor 216, Actor 21",Brazil,2008-11-19,2005,TV-G,2 Seasons,"Kids' TV, Comedies",A gripping story that unfolds over time.,2008,November,,2.0,Kids' TV
s1596,TV Show,Hidden Shadows,Director 456,"Actor 282, Actor 476",Japan,2026-12-08,2025,TV-Y7,4 Seasons,Sci-Fi & Fantasy,A gripping story that unfolds over time.,2026,December,,4.0,Sci-Fi & Fantasy
s1597,Movie,Final Shadows,Director 238,"Actor 490, Actor 22",Spain,2018-07-25,2017,TV-Y7,125 min,Kids' TV,A gripping story that unfolds over time.,2018,July,125.0,,Kids' TV
s1598,Movie,Secret Kingdom,Not Given,"Actor 607, Actor 156",United States,2018-10-09,2016,TV-Y7,75 min,"Kids' TV, Action & Adventure",A gripping story that unfolds over time.,2018,October,75.0,,Kids' TV
s1599,Movie,Golden Shadows,Director 43,"Actor 201, Actor 231",United States,2003-08-04,2000,TV-14,147 min,Reality TV,A gripping story that unfolds over time.,2003,August,147.0,,Reality TV
s1600,Movie,Secret City,Director 461,"Actor 728, Actor 397",Canada,2014-11-16,2011,TV-G,79 min,"Stand-Up Comedy, Children & Family Movies",A gripping story that unfolds over time.,2014,November,79.0,,Stand-Up Comedy
s1601,TV Show,Lost Kingdom,Not Given,"Actor 34, Actor 438",Canada,2001-08-20,2001,PG-13,4 Seasons,"Horror Movies, Anime Series",A gripping story that unfolds over time.,2001,August,,4.0,Horror Movies
s1602,Movie,Golden Storm,Not Given,"Actor 836, Actor 612",United States,2018-02-08,2015,TV-14,82 min,"Action & Adventure, Dramas",A gripping story that unfolds over time.,2018,February,82.0,,Action & Adventure
s1603,TV Show,Final Heist,Not Given,"Actor 193, Actor 381",Australia,2003-04-02,2002,TV-14,6 Seasons,Comedies,A gripping story that unfolds over time.,2003,April,,6.0,Comedies
s1604,TV Show,Secret Kingdom,Director 29,"Actor 811, Actor 737",United States,2026-02-13,2024,R,5 Seasons,"Action & Adventure, Comedies",A gripping story that unfolds over time.,2026,February,,5.0,Action & Adventure
s1605,TV Show,Golden Kingdom,Director 134,"Actor 458, Actor 933",Spain,2006-01-12,2003,TV-MA,5 Seasons,Anime Series,A gripping story that unfolds over time.,2006,January,,5.0,Anime Series
s1606,Movie,Forgotten City,Director 293,"Actor 696, Actor 155",Brazil,2005-09-10,2005,R,114 min,"Thrillers, Horror Movies",A gripping story that unfolds over time.,2005,September,114.0,,Thrillers
s1607,Movie,Golden Legacy,Not Given,"Actor 162, Actor 929",India,2018-03-18,2018,TV-PG,135 min,"Sci-Fi & Fantasy, Romantic Movies",A gripping story that unfolds over time.,2018,March,135.0,,Sci-Fi & Fantasy
s1608,Movie,Final Legacy,Director 264,"Actor 989, Actor 682",Mexico,2021-02-07,2020,TV-Y7,77 min,"Anime Series, International Movies",A gripping story that unfolds over time.,2021,February,77.0,,Anime Series
s1609,Movie,Final Legacy,Not Given,"Actor 337, Actor 936",South Korea,2013-07-08,2010,TV-G,94 min,"Action & Adventure, Reality TV",A gripping story that unfolds over time.,2013,July,94.0,,Action & Adventure
s1610,TV Show,Golden Horizon,Director 410,"Actor 111, Actor 209",India,2014-12-06,2014,TV-PG,5 Seasons,Reality TV,A gripping story that unfolds over time.,2014,December,,5.0,Reality TV
s1611,Movie,Golden Legacy,Director 186,"Actor 751, Actor 183",India,2022-08-03,2022,R,75 min,"Documentaries, International Movies",A gripping story that unfolds over time.,2022,August,75.0,,Documentaries
s1612,TV Show,Hidden Storm,Director 149,"Actor 350, Actor 323",Turkey,2012-02-01,2011,TV-MA,8 Seasons,Stand-Up Comedy,A gripping story that unfolds over time.,2012,February,,8.0,Stand-Up Comedy
s1613,Movie,Final Shadows,Director 212,"Actor 8, Actor 696",Mexico,2015-05-20,2014,TV-Y7,147 min,Horror Movies,A gripping story that unfolds over time.,2015,May,147.0,,Horror Movies
s1614,TV Show,Lost Dreams,Director 10,"Actor 628, Actor 158",Japan,2019-01-04,2018,R,8 Seasons,Reality TV,A gripping story that unfolds over time.,2019,January,,8.0,Reality TV
s1615,Movie,Wild Empire,Director 210,"Actor 54, Actor 616",Spain,2026-09-24,2025,TV-MA,78 min,"International Movies, Romantic Movies",A gripping story that unfolds over time.,2026,September,78.0,,International Movies
s1616,Movie,Forgotten Journey,Director 453,"Actor 95, Actor 797",Brazil,2015-12-15,2012,R,110 min,Romantic Movies,A gripping story that unfolds over time.,2015,December,110.0,,Romantic Movies
s1617,Movie,Wild Heist,Director 411,"Actor 403, Actor 854",United States,2012-08-27,2010,TV-PG,80 min,Sci-Fi & Fantasy,A gripping story that unfolds over time.,2012,August,80.0,,Sci-Fi & Fantasy
s1618,Movie,Final Heist,Director 391,"Actor 379, Actor 227",South Korea,2010-03-15,2010,TV-14,86 min,"Horror Movies, International Movies",A gripping story that unfolds over time.,2010,March,86.0,,Horror Movies
s1619,Movie,Golden Storm,Director 437,"Actor 750, Actor 398",Canada,2003-03-20,2002,R,112 min,"Crime TV Shows, Children & Family Movies",A gripping story that unfolds over time.,2003,March,112.0,,Crime TV Shows
s1620,Movie,Final Dreams,Director 12,"Actor 639, Actor 872",United Kingdom,2022-09-27,2022,PG,143 min,"Horror Movies, Reality TV",A gripping story that unfolds over time.,2022,September,143.0,,Horror Movies
s1621,Movie,Secret Chronicles,Director 439,"Actor 314, Actor 510",United States,2020-01-10,2018,TV-MA,111 min,Documentaries,A gripping story that unfolds over time.,2020,January,111.0,,Documentaries
s1622,TV Show,Last City,Director 14,"Actor 306, Actor 829",Turkey,2017-01-04,2016,PG-13,8 Seasons,"Kids' TV, Horror Movies",A gripping story that unfolds over time.,2017,January,,8.0,Kids' TV
s1623,TV Show,Rising Heist,Director 41,"Actor 588, Actor 987",United States,2026-11-10,2025,TV-Y7,8 Seasons,"Crime TV Shows, Horror Movies",A gripping story that unfolds over time.,2026,November,,8.0,Crime TV Shows
s1624,TV Show,Rising Heist,Not Given,"Actor 177, Actor 473",Australia,2017-11-06,2014,R,3 Seasons,Stand-Up Comedy,A gripping story that unfolds over time.,2017,November,,3.0,Stand-Up Comedy
s1625,Movie,Rising Dreams,Director 408,"Actor 837, Actor 525",Australia,2026-03-04,2024,TV-Y7,129 min,"Stand-Up Comedy, Documentaries",A gripping story that unfolds over time.,2026,March,129.0,,Stand-Up Comedy
s1626,Movie,Dark Storm,Not Given,"Actor 635, Actor 788",Spain,2017-11-01,2014,TV-14,132 min,"Romantic Movies, Documentaries",A gripping story that unfolds over time.,2017,November,132.0,,Romantic Movies
s1627,TV Show,Hidden Heist,Not Given,"Actor 610, Actor 469",Spain,2019-07-01,2017,TV-14,7 Season,"Anime Series, Thrillers",A gripping story that unfolds over time.,2019,July,,7.0,Anime Series
s1628,Movie,Last Heist,Director 354,"Actor 745, Actor 92",United States,2021-01-09,2018,PG,124 min,Thrillers,A gripping story that unfolds over time.,2021,January,124.0,,Thrillers
s1629,Movie,Final Shadows,Director 51,"Actor 133, Actor 679",Australia,2007-07-09,2004,R,128 min,"Stand-Up Comedy, Thrillers",A gripping story that unfolds over time.,2007,July,128.0,,Stand-Up Comedy
s1630,Movie,Lost Signal,Director 384,"Actor 319, Actor 225",United Kingdom,2021-09-07,2018,PG,164 min,"Dramas, Romantic Movies",A gripping story that unfolds over time.,2021,September,164.0,,Dramas
s1631,Movie,Dark City,Not Given,"Actor 48, Actor 367",Australia,2015-07-18,2012,TV-MA,168 min,"Horror Movies, Dramas",A gripping story that unfolds over time.,2015,July,168.0,,Horror Movies
s1632,Movie,Wild Dreams,Director 313,"Actor 588, Actor 963",India,2003-10-16,2002,TV-Y7,122 min,"Horror Movies, Thrillers",A gripping story that unfolds over time.,2003,October,122.0,,Horror Movies
s1633,Movie,Rising Journey,Not Given,"Actor 867, Actor 492",Australia,2021-08-04,2021,TV-14,144 min,"International Movies, Action & Adventure",A gripping story that unfolds over time.,2021,August,144.0,,International Movies
s1634,Movie,Rising Signal,Not Given,"Actor 801, Actor 582",France,2016-10-24,2014,PG,84 min,International Movies,A gripping story that unfolds over time.,2016,October,84.0,,International Movies
s1635,Movie,Hidden Journey,Director 167,"Actor 682, Actor 816",Japan,2026-12-07,2025,PG,132 min,"International Movies, Stand-Up Comedy",A gripping story that unfolds over time.,2026,December,132.0,,International Movies
s1636,Movie,Broken Chronicles,Director 83,"Actor 829, Actor 94",Canada,2013-10-11,2011,R,112 min,Reality TV,A gripping story that unfolds over time.,2013,October,112.0,,Reality TV
s1637,Movie,Broken Dreams,Director 160,"Actor 985, Actor 814",Turkey,2012-09-16,2011,TV-PG,80 min,"Horror Movies, Sci-Fi & Fantasy",A gripping story that unfolds over time.,2012,September,80.0,,Horror Movies
s1638,TV Show,Wild Shadows,Not Given,"Actor 688, Actor 881",Canada,2017-12-26,2014,PG,2 Seasons,"Comedies, Horror Movies",A gripping story that unfolds over time.,2017,December,,2.0,Comedies
s1639,TV Show,Golden Signal,Director 325,"Actor 110, Actor 219",Germany,2015-11-15,2014,TV-14,8 Seasons,International Movies,A gripping story that unfolds over time.,2015,November,,8.0,International Movies
s1640,Movie,Dark Dreams,Director 133,"Actor 488, Actor 556",United Kingdom,2006-01-01,2006,TV-MA,107 min,Children & Family Movies,A gripping story that unfolds over time.,2006,January,107.0,,Children & Family Movies
s1641,Movie,Final Empire,Director 113,"Actor 312, Actor 569",Canada,2009-08-27,2009,PG-13,144 min,"Anime Series, Kids' TV",A gripping story that unfolds over time.,2009,August,144.0,,Anime Series
s1642,TV Show,Broken Chronicles,Director 440,"Actor 858, Actor 180",United Kingdom,2021-04-25,2020,R,2 Seasons,"Crime TV Shows, Comedies",A gripping story that unfolds over time.,2021,April,,2.0,Crime TV Shows
s1643,TV Show,Wild City,Director 449,"Actor 211, Actor 171",India,2023-10-26,2021,PG,4 Seasons,"Reality TV, Romantic Movies",A gripping story that unfolds over time.,2023,October,,4.0,Reality TV
s1644,Movie,Last Signal,Director 314,"Actor 61, Actor 467",United States,2022-06-22,2022,TV-PG,148 min,Sci-Fi & Fantasy,A gripping story that unfolds over time.,2022,June,148.0,,Sci-Fi & Fantasy
s1645,TV Show,Golden Horizon,Director 203,"Actor 919, Actor 492",India,2014-04-07,2011,PG,4 Seasons,Reality TV,A gripping story that unfolds over time.,2014,April,,4.0,Reality TV
s1646,Movie,Wild Chronicles,Director 178,"Actor 142, Actor 993",France,2006-08-06,2004,TV-Y7,106 min,"Thrillers, Reality TV",A gripping story that unfolds over time.,2006,August,106.0,,Thrillers
s1647,TV Show,Dark Dreams,Director 28,"Actor 823, Actor 686",France,2025-02-16,2024,R,4 Seasons,Comedies,A gripping story that unfolds over time.,2025,February,,4.0,Comedies
s1648,Movie,Endless Legacy,Not Given,"Actor 905, Actor 136",Australia,2011-10-07,2009,PG-13,86 min,"International Movies, Romantic Movies",A gripping story that unfolds over time.,2011,October,86.0,,International Movies
s1649,Movie,Final Journey,Director 4,"Actor 478, Actor 121",France,2016-05-06,2013,TV-Y7,81 min,Documentaries,A gripping story that unfolds over time.,2016,May,81.0,,Documentaries
s1650,TV Show,Golden Dreams,Not Given,"Actor 922, Actor 83",United States,2005-01-24,2004,PG,4 Seasons,"Kids' TV, Documentaries",A gripping story that unfolds over time.,2005,January,,4.0,Kids' TV
s1651,Movie,Silent Horizon,Not Given,"Actor 356, Actor 902",Australia,2004-07-15,2004,R,159 min,"Reality TV, Comedies",A gripping story that unfolds over time.,2004,July,159.0,,Reality TV
s1652,Movie,Rising Shadows,Not Given,"Actor 994, Actor 983",United States,2016-12-15,2015,TV-PG,154 min,Documentaries,A gripping story that unfolds over time.,2016,December,154.0,,Documentaries
s1653,Movie,Broken Legacy,Director 402,"Actor 888, Actor 996",India,2021-05-26,2020,PG,92 min,"Anime Series, Crime TV Shows",A gripping story that unfolds over time.,2021,May,92.0,,Anime Series
s1654,TV Show,Rising Horizon,Director 455,"Actor 333, Actor 721",France,2024-01-13,2021,TV-MA,5 Seasons,Reality TV,A gripping story that unfolds over time.,2024,January,,5.0,Reality TV
s1655,TV Show,Forgotten City,Director 177,"Actor 867, Actor 99",India,2022-11-03,2021,TV-G,1 Seasons,"Crime TV Shows, Dramas",A gripping story that unfolds over time.,2022,November,,1.0,Crime TV Shows
s1656,Movie,Wild Chronicles,Not Given,"Actor 20, Actor 803",United Kingdom,2009-02-23,2006,TV-14,138 min,"International Movies, Horror Movies",A gripping story that unfolds over time.,2009,February,138.0,,International Movies
s1657,Movie,Last Kingdom,Not Given,"Actor 158, Actor 923",United States,2017-04-19,2017,TV-14,125 min,Anime Series,A gripping story that unfolds over time.,2017,April,125.0,,Anime Series
s1658,Movie,Secret Heist,Director 46,"Actor 581, Actor 539",Japan,2021-05-11,2019,TV-Y7,137 min,Thrillers,A gripping story that unfolds over time.,2021,May,137.0,,Thrillers
s1659,TV Show,Secret Horizon,Director 114,"Actor 776, Actor 279",India,2017-02-09,2017,TV-G,5 Seasons,"Documentaries, Reality TV",A gripping story that unfolds over time.,2017,February,,5.0,Documentaries
s1660,TV Show,Wild Legacy,Director 432,"Actor 939, Actor 835",Turkey,2010-02-17,2009,PG,4 Season,Romantic Movies,A gripping story that unfolds over time.,2010,February,,4.0,Romantic Movies
s1661,Movie,Lost Dreams,Director 322,"Actor 927, Actor 961",United States,2002-12-03,2002,PG,117 min,Documentaries,A gripping story that unfolds over time.,2002,December,117.0,,Documentaries
s1662,Movie,Hidden Chronicles,Not Given,"Actor 537, Actor 379",Canada,2010-12-06,2010,TV-14,130 min,"Romantic Movies, Crime TV Shows",A gripping story that unfolds over time.,2010,December,130.0,,Romantic Movies
s1663,Movie,Silent Legacy,Director 186,"Actor 560, Actor 191",Canada,2009-02-09,2006,TV-PG,134 min,"Romantic Movies, Dramas",A gripping story that unfolds over time.,2009,February,134.0,,Romantic Movies
s1664,TV Show,Lost Legacy,Director 7,"Actor 815, Actor 177",Japan,2023-05-14,2020,R,3 Seasons,"Reality TV, Sci-Fi & Fantasy",A gripping story that unfolds over time.,2023,May,,3.0,Reality TV
s1665,TV Show,Broken Kingdom,Director 382,"Actor 838, Actor 903",United States,2026-07-08,2025,TV-Y7,8 Seasons,"Horror Movies, Documentaries",A gripping story that unfolds over time.,2026,July,,8.0,Horror Movies
s1666,TV Show,Endless City,Director 123,"Actor 215, Actor 262",India,2019-09-19,2017,PG-13,4 Seasons,Crime TV Shows,A gripping story that unfolds over time.,2019,September,,4.0,Crime TV Shows
s1667,Movie,Broken Horizon,Director 454,"Actor 644, Actor 817",Brazil,2026-01-07,2023,PG,167 min,Crime TV Shows,A gripping story that unfolds over time.,2026,January,167.0,,Crime TV Shows
s1668,Movie,Broken Empire,Director 250,"Actor 887, Actor 938",South Korea,2022-07-11,2022,TV-G,147 min,Sci-Fi & Fantasy,A gripping story that unfolds over time.,2022,July,147.0,,Sci-Fi & Fantasy
s1669,Movie,Secret Empire,Director 98,"Actor 349, Actor 432",United States,2009-10-03,2007,PG,75 min,"Crime TV Shows, Horror Movies",A gripping story that unfolds over time.,2009,October,75.0,,Crime TV Shows
s1670,TV Show,Golden Journey,Director 403,"Actor 436, Actor 190",France,2007-11-17,2005,PG,7 Seasons,"Dramas, Horror Movies",A gripping story that unfolds over time.,2007,November,,7.0,Dramas
s1671,Movie,Hidden Legacy,Director 240,"Actor 605, Actor 796",Japan,2012-12-23,2012,TV-PG,72 min,"Thrillers, International Movies",A gripping story that unfolds over time.,2012,December,72.0,,Thrillers
s1672,TV Show,Lost Empire,Director 9,"Actor 809, Actor 294",Spain,2016-06-05,2016,TV-G,3 Seasons,"Horror Movies, Comedies",A gripping story that unfolds over time.,2016,June,,3.0,Horror Movies
s1673,Movie,Secret Dreams,Director 318,"Actor 697, Actor 804",United States,2015-04-21,2012,TV-G,150 min,International Movies,A gripping story that unfolds over time.,2015,April,150.0,,International Movies
s1674,Movie,Endless Chronicles,Not Given,"Actor 188, Actor 501",United Kingdom,2005-02-12,2005,R,148 min,Horror Movies,A gripping story that unfolds over time.,2005,February,148.0,,Horror Movies
s1675,Movie,Silent Shadows,Not Given,"Actor 965, Actor 556",United States,2015-03-14,2012,PG,119 min,"Documentaries, Dramas",A gripping story that unfolds over time.,2015,March,119.0,,Documentaries
s1676,Movie,Secret Horizon,Not Given,"Actor 241, Actor 167",Canada,2013-07-16,2010,TV-Y7,97 min,"Action & Adventure, Horror Movies",A gripping story that unfolds over time.,2013,July,97.0,,Action & Adventure
s1677,Movie,Final City,Not Given,"Actor 521, Actor 861",India,2021-09-02,2019,R,103 min,Sci-Fi & Fantasy,A gripping story that unfolds over time.,2021,September,103.0,,Sci-Fi & Fantasy
s1678,TV Show,Broken Legacy,Director 272,"Actor 994, Actor 429",United States,2001-05-08,2001,R,6 Season,"Reality TV, Horror Movies",A gripping story that unfolds over time.,2001,May,,6.0,Reality TV
s1679,Movie,Golden Horizon,Not Given,"Actor 901, Actor 8",Brazil,2024-08-05,2021,TV-MA,127 min,Kids' TV,A gripping story that unfolds over time.,2024,August,127.0,,Kids' TV
s1680,TV Show,Hidden Signal,Not Given,"Actor 122, Actor 57",United Kingdom,2025-05-17,2025,TV-MA,2 Seasons,"International Movies, Dramas",A gripping story that unfolds over time.,2025,May,,2.0,International Movies
s1681,Movie,Dark City,Director 45,"Actor 559, Actor 964",United States,2013-01-17,2010,PG-13,74 min,"Comedies, Horror Movies",A gripping story that unfolds over time.,2013,January,74.0,,Comedies
s1682,Movie,Broken Dreams,Director 348,"Actor 935, Actor 63",United States,2026-11-04,2024,TV-PG,84 min,Kids' TV,A gripping story that unfolds over time.,2026,November,84.0,,Kids' TV
s1683,TV Show,Silent Storm,Not Given,"Actor 713, Actor 115",Australia,2007-05-11,2005,TV-14,7 Seasons,"Anime Series, Action & Adventure",A gripping story that unfolds over time.,2007,May,,7.0,Anime Series
s1684,Movie,Dark Chronicles,Director 417,"Actor 470, Actor 350",United States,2011-05-07,2010,TV-MA,77 min,"Sci-Fi & Fantasy, Stand-Up Comedy",A gripping story that unfolds over time.,2011,May,77.0,,Sci-Fi & Fantasy
s1685,Movie,Endless Legacy,Not Given,"Actor 150, Actor 352",Mexico,2010-12-26,2008,PG,165 min,"Dramas, Stand-Up Comedy",A gripping story that unfolds over time.,2010,December,165.0,,Dramas
s1686,Movie,Forgotten Legacy,Not Given,"Actor 367, Actor 856",Canada,2007-12-16,2006,TV-G,71 min,Anime Series,A gripping story that unfolds over time.,2007,December,71.0,,Anime Series
s1687,TV Show,Lost Horizon,Not Given,"Actor 448, Actor 226",Spain,2014-02-07,2013,R,7 Season,Stand-Up Comedy,A gripping story that unfolds over time.,2014,February,,7.0,Stand-Up Comedy
s1688,Movie,Last Heist,Director 278,"Actor 340, Actor 815",India,2019-03-06,2019,TV-14,118 min,"International Movies, Comedies",A gripping story that unfolds over time.,2019,March,118.0,,International Movies
s1689,TV Show,Silent Shadows,Director 128,"Actor 135, Actor 858",Canada,2010-07-23,2008,PG-13,1 Seasons,"Reality TV, Horror Movies",A gripping story that unfolds over time.,2010,July,,1.0,Reality TV
s1690,TV Show,Final Kingdom,Director 389,"Actor 258, Actor 115",Australia,2019-02-14,2018,TV-PG,2 Seasons,"Thrillers, Sci-Fi & Fantasy",A gripping story that unfolds over time.,2019,February,,2.0,Thrillers
s1691,TV Show,Last Journey,Director 95,"Actor 588, Actor 426",France,2025-01-06,2025,TV-PG,7 Seasons,"Reality TV, Sci-Fi & Fantasy",A gripping story that unfolds over time.,2025,January,,7.0,Reality TV
s1692,TV Show,Rising Heist,Director 198,"Actor 701, Actor 920",United States,2005-08-09,2004,R,8 Seasons,Action & Adventure,A gripping story that unfolds over time.,2005,August,,8.0,Action & Adventure
s1693,Movie,Golden Empire,Not Given,"Actor 120, Actor 569",Spain,2002-07-26,2000,R,137 min,"Stand-Up Comedy, Dramas",A gripping story that unfolds over time.,2002,July,137.0,,Stand-Up Comedy
s1694,Movie,Secret Heist,Not Given,"Actor 671, Actor 838",India,2023-11-13,2022,TV-PG,118 min,Thrillers,A gripping story that unfolds over time.,2023,November,118.0,,Thrillers
s1695,TV Show,Final City,Director 209,"Actor 903, Actor 457",United States,2017-03-03,2015,TV-14,5 Seasons,"International Movies, Anime Series",A gripping story that unfolds over time.,2017,March,,5.0,International Movies
s1696,Movie,Broken Legacy,Not Given,"Actor 920, Actor 637",United States,2002-03-19,2001,TV-G,82 min,International Movies,A gripping story that unfolds over time.,2002,March,82.0,,International Movies
s1697,TV Show,Forgotten Horizon,Director 348,"Actor 783, Actor 201",United States,2026-01-23,2023,TV-Y7,8 Seasons,Reality TV,A gripping story that unfolds over time.,2026,January,,8.0,Reality TV
s1698,Movie,Silent Journey,Not Given,"Actor 960, Actor 349",United States,2022-10-06,2022,TV-14,140 min,Reality TV,A gripping story that unfolds over time.,2022,October,140.0,,Reality TV
s1699,Movie,Endless Kingdom,Director 220,"Actor 909, Actor 418",Brazil,2025-10-27,2025,PG-13,151 min,"Romantic Movies, Sci-Fi & Fantasy",A gripping story that unfolds over time.,2025,October,151.0,,Romantic Movies
s1700,Movie,Forgotten Journey,Not Given,"Actor 24, Actor 534",Canada,2000-12-25,2000,PG,119 min,Reality TV,A gripping story that unfolds over time.,2000,December,119.0,,Reality TV
s1701,TV Show,Silent Shadows,Not Given,"Actor 636, Actor 540",Italy,2013-04-05,2011,TV-PG,5 Season,"Reality TV, Dramas",A gripping story that unfolds over time.,2013,April,,5.0,Reality TV
s1702,Movie,Final Kingdom,Not Given,"Actor 587, Actor 88",United States,2021-06-06,2021,TV-MA,104 min,Kids' TV,A gripping story that unfolds over time.,2021,June,104.0,,Kids' TV
s1703,Movie,Rising Kingdom,Director 286,"Actor 76, Actor 974",India,2017-10-07,2015,TV-PG,103 min,"Sci-Fi & Fantasy, Dramas",A gripping story that unfolds over time.,2017,October,103.0,,Sci-Fi & Fantasy
s1704,Movie,Rising Signal,Director 232,"Actor 39, Actor 566",France,2017-01-23,2015,R,112 min,Comedies,A gripping story that unfolds over time.,2017,January,112.0,,Comedies
s1705,Movie,Wild Chronicles,Director 92,"Actor 440, Actor 106",Canada,2007-07-21,2006,PG,77 min,Anime Series,A gripping story that unfolds over time.,2007,July,77.0,,Anime Series
s1706,Movie,Rising Shadows,Director 165,"Actor 258, Actor 102",Germany,2009-02-07,2009,TV-PG,165 min,Romantic Movies,A gripping story that unfolds over time.,2009,February,165.0,,Romantic Movies
s1707,Movie,Hidden City,Director 191,"Actor 252, Actor 68",United States,2020-11-01,2019,PG,108 min,"Documentaries, Anime Series",A gripping story that unfolds over time.,2020,November,108.0,,Documentaries
s1708,Movie,Last Empire,Not Given,"Actor 161, Actor 464",India,2009-10-23,2006,TV-14,153 min,"Sci-Fi & Fantasy, Children & Family Movies",A gripping story that unfolds over time.,2009,October,153.0,,Sci-Fi & Fantasy
s1709,TV Show,Wild City,Director 97,"Actor 842, Actor 124",France,2022-01-14,2019,TV-14,2 Seasons,Documentaries,A gripping story that unfolds over time.,2022,January,,2.0,Documentaries
s1710,Movie,Secret Signal,Not Given,"Actor 731, Actor 473",Japan,2026-06-10,2025,TV-14,130 min,Horror Movies,A gripping story that unfolds over time.,2026,June,130.0,,Horror Movies
s1711,TV Show,Endless Kingdom,Director 357,"Actor 442, Actor 39",Germany,2018-06-12,2016,PG-13,5 Seasons,"Horror Movies, Thrillers",A gripping story that unfolds over time.,2018,June,,5.0,Horror Movies
s1712,TV Show,Rising Horizon,Director 394,"Actor 17, Actor 760",United States,2025-10-16,2022,TV-PG,4 Seasons,Anime Series,A gripping story that unfolds over time.,2025,October,,4.0,Anime Series
s1713,TV Show,Rising Legacy,Not Given,"Actor 161, Actor 258",India,2021-02-09,2020,PG,7 Seasons,Crime TV Shows,A gripping story that unfolds over time.,2021,February,,7.0,Crime TV Shows
s1714,TV Show,Secret City,Director 201,"Actor 680, Actor 796",Turkey,2021-03-21,2021,TV-PG,1 Seasons,"International Movies, Children & Family Movies",A gripping story that unfolds over time.,2021,March,,1.0,International Movies
s1715,Movie,Forgotten Horizon,Not Given,"Actor 719, Actor 322",Japan,2021-08-06,2019,PG,152 min,"Stand-Up Comedy, Crime TV Shows",A gripping story that unfolds over time.,2021,August,152.0,,Stand-Up Comedy
s1716,Movie,Broken Kingdom,Director 119,"Actor 700, Actor 743",India,2025-09-13,2025,PG,165 min,Sci-Fi & Fantasy,A gripping story that unfolds over time.,2025,September,165.0,,Sci-Fi & Fantasy
s1717,Movie,Wild Empire,Not Given,"Actor 734, Actor 712",India,2019-07-10,2019,TV-MA,162 min,"Horror Movies, Action & Adventure",A gripping story that unfolds over time.,2019,July,162.0,,Horror Movies
s1718,Movie,Rising Empire,Director 58,"Actor 936, Actor 86",Japan,2018-05-01,2016,TV-G,139 min,Romantic Movies,A gripping story that unfolds over time.,2018,May,139.0,,Romantic Movies
s1719,TV Show,Endless Chronicles,Director 93,"Actor 601, Actor 443",Turkey,2014-07-03,2014,PG,4 Seasons,Children & Family Movies,A gripping story that unfolds over time.,2014,July,,4.0,Children & Family Movies
s1720,Movie,Silent Legacy,Director 415,"Actor 162, Actor 844",France,2026-05-05,2025,TV-MA,162 min,Kids' TV,A gripping story that unfolds over time.,2026,May,162.0,,Kids' TV
s1721,Movie,Last Journey,Director 205,"Actor 667, Actor 584",Japan,2024-12-13,2023,TV-MA,119 min,Anime Series,A gripping story that unfolds over time.,2024,December,119.0,,Anime Series
s1722,Movie,Secret Kingdom,Director 406,"Actor 18, Actor 430",Nigeria,2017-11-12,2014,PG,81 min,"Kids' TV, Stand-Up Comedy",A gripping story that unfolds over time.,2017,November,81.0,,Kids' TV
s1723,Movie,Secret Legacy,Director 62,"Actor 342, Actor 569",United Kingdom,2011-06-04,2011,TV-G,126 min,Romantic Movies,A gripping story that unfolds over time.,2011,June,126.0,,Romantic Movies
s1724,Movie,Rising Storm,Director 499,"Actor 660, Actor 31",Japan,2004-06-14,2001,TV-14,167 min,Anime Series,A gripping story that unfolds over time.,2004,June,167.0,,Anime Series
s1725,Movie,Secret Shadows,Director 89,"Actor 981, Actor 420",Nigeria,2019-09-13,2018,R,104 min,"Comedies, Kids' TV",A gripping story that unfolds over time.,2019,September,104.0,,Comedies
s1726,Movie,Broken Storm,Director 233,"Actor 581, Actor 82",United States,2020-04-22,2019,TV-Y7,122 min,"Anime Series, Kids' TV",A gripping story that unfolds over time.,2020,April,122.0,,Anime Series
s1727,Movie,Last Heist,Not Given,"Actor 578, Actor 185",Italy,2010-10-06,2009,TV-MA,115 min,Stand-Up Comedy,A gripping story that unfolds over time.,2010,October,115.0,,Stand-Up Comedy
s1728,TV Show,Silent Signal,Not Given,"Actor 559, Actor 402",United States,2026-12-27,2024,R,6 Seasons,"Documentaries, Action & Adventure",A gripping story that unfolds over time.,2026,December,,6.0,Documentaries
s1729,Movie,Silent City,Director 114,"Actor 134, Actor 425",Canada,2016-07-25,2016,PG,95 min,Kids' TV,A gripping story that unfolds over time.,2016,July,95.0,,Kids' TV
s1730,TV Show,Golden Dreams,Not Given,"Actor 256, Actor 264",Canada,2012-07-05,2011,PG,7 Seasons,"Action & Adventure, Documentaries",A gripping story that unfolds over time.,2012,July,,7.0,Action & Adventure
s1731,Movie,Rising Dreams,Director 159,"Actor 294, Actor 882",Canada,2014-08-25,2013,PG-13,166 min,Dramas,A gripping story that unfolds over time.,2014,August,166.0,,Dramas
s1732,Movie,Silent Chronicles,Not Given,"Actor 215, Actor 511",France,2012-02-06,2009,PG,74 min,"Crime TV Shows, Children & Family Movies",A gripping story that unfolds over time.,2012,February,74.0,,Crime TV Shows
s1733,TV Show,Silent Signal,Director 26,"Actor 577, Actor 386",United States,2008-04-06,2008,R,4 Seasons,Action & Adventure,A gripping story that unfolds over time.,2008,April,,4.0,Action & Adventure
s1734,Movie,Wild Horizon,Director 266,"Actor 577, Actor 443",Canada,2009-12-02,2009,TV-14,146 min,"Thrillers, Action & Adventure",A gripping story that unfolds over time.,2009,December,146.0,,Thrillers
s1735,Movie,Rising Horizon,Director 164,"Actor 672, Actor 832",France,2009-10-14,2008,TV-MA,169 min,"Sci-Fi & Fantasy, Documentaries",A gripping story that unfolds over time.,2009,October,169.0,,Sci-Fi & Fantasy
s1736,TV Show,Final Journey,Director 421,"Actor 364, Actor 211",United States,2006-03-27,2004,R,3 Seasons,Thrillers,A gripping story that unfolds over time.,2006,March,,3.0,Thrillers
s1737,Movie,Forgotten Journey,Director 461,"Actor 884, Actor 480",Japan,2009-04-24,2008,PG,140 min,Horror Movies,A gripping story that unfolds over time.,2009,April,140.0,,Horror Movies
s1738,Movie,Rising Heist,Not Given,"Actor 974, Actor 222",Australia,2020-07-01,2018,R,130 min,"Action & Adventure, Horror Movies",A gripping story that unfolds over time.,2020,July,130.0,,Action & Adventure
s1739,Movie,Dark Storm,Not Given,"Actor 785, Actor 42",United States,2019-12-27,2016,TV-PG,151 min,"Dramas, Stand-Up Comedy",A gripping story that unfolds over time.,2019,December,151.0,,Dramas
s1740,Movie,Secret Shadows,Not Given,"Actor 942, Actor 40",South Korea,2023-01-27,2022,R,110 min,"Thrillers, Dramas",A gripping story that unfolds over time.,2023,January,110.0,,Thrillers
s1741,Movie,Final Dreams,Director 450,"Actor 419, Actor 224",United States,2025-03-14,2025,TV-PG,161 min,"Crime TV Shows, Children & Family Movies",A gripping story that unfolds over time.,2025,March,161.0,,Crime TV Shows
s1742,Movie,Dark City,Director 168,"Actor 784, Actor 216",India,2026-07-14,2024,TV-14,125 min,International Movies,A gripping story that unfolds over time.,2026,July,125.0,,International Movies
s1743,Movie,Endless Heist,Director 199,"Actor 736, Actor 13",Nigeria,2004-02-06,2002,PG,143 min,"International Movies, Stand-Up Comedy",A gripping story that unfolds over time.,2004,February,143.0,,International Movies
s1744,Movie,Hidden Journey,Director 499,"Actor 394, Actor 838",Japan,2009-10-10,2008,TV-14,75 min,Sci-Fi & Fantasy,A gripping story that unfolds over time.,2009,October,75.0,,Sci-Fi & Fantasy
s1745,TV Show,Silent Shadows,Director 492,"Actor 563, Actor 935",Germany,2005-10-23,2002,TV-MA,4 Seasons,International Movies,A gripping story that unfolds over time.,2005,October,,4.0,International Movies
s1746,Movie,Forgotten Empire,Director 262,"Actor 794, Actor 221",Nigeria,2013-12-11,2013,TV-Y7,105 min,Children & Family Movies,A gripping story that unfolds over time.,2013,December,105.0,,Children & Family Movies
s1747,Movie,Last Chronicles,Director 403,"Actor 149, Actor 509",United States,2025-05-26,2023,TV-Y7,112 min,Thrillers,A gripping story that unfolds over time.,2025,May,112.0,,Thrillers
s1748,Movie,Hidden Chronicles,Not Given,"Actor 333, Actor 914",Mexico,2022-02-18,2019,TV-MA,77 min,Documentaries,A gripping story that unfolds over time.,2022,February,77.0,,Documentaries
s1749,TV Show,Silent City,Not Given,"Actor 311, Actor 930",South Korea,2003-12-27,2003,TV-PG,8 Seasons,Horror Movies,A gripping story that unfolds over time.,2003,December,,8.0,Horror Movies
s1750,Movie,Lost City,Not Given,"Actor 662, Actor 216",Germany,2008-07-04,2007,TV-MA,93 min,Action & Adventure,A gripping story that unfolds over time.,2008,July,93.0,,Action & Adventure
s1751,Movie,Golden Signal,Director 145,"Actor 360, Actor 664",Brazil,2011-01-27,2010,TV-MA,90 min,Kids' TV,A gripping story that unfolds over time.,2011,January,90.0,,Kids' TV
s1752,TV Show,Wild Chronicles,Not Given,"Actor 828, Actor 598",United States,2010-03-25,2010,TV-Y7,7 Seasons,"Stand-Up Comedy, Kids' TV",A gripping story that unfolds over time.,2010,March,,7.0,Stand-Up Comedy
s1753,Movie,Wild City,Director 355,"Actor 523, Actor 803",Mexico,2023-10-15,2021,TV-Y7,149 min,"Sci-Fi & Fantasy, Action & Adventure",A gripping story that unfolds over time.,2023,October,149.0,,Sci-Fi & Fantasy
s1754,TV Show,Broken Legacy,Not Given,"Actor 140, Actor 55",United States,2014-03-13,2014,PG-13,2 Seasons,"Stand-Up Comedy, Horror Movies",A gripping story that unfolds over time.,2014,March,,2.0,Stand-Up Comedy
s1755,Movie,Final City,Director 275,"Actor 4, Actor 467",Canada,2011-09-03,2011,TV-14,111 min,"Dramas, Reality TV",A gripping story that unfolds over time.,2011,September,111.0,,Dramas
s1756,TV Show,Broken Dreams,Not Given,"Actor 634, Actor 918",Japan,2021-09-27,2019,PG-13,2 Seasons,"Romantic Movies, Sci-Fi & Fantasy",A gripping story that unfolds over time.,2021,September,,2.0,Romantic Movies
s1757,Movie,Dark Empire,Not Given,"Actor 850, Actor 660",France,2025-12-01,2024,TV-MA,81 min,Sci-Fi & Fantasy,A gripping story that unfolds over time.,2025,December,81.0,,Sci-Fi & Fantasy
s1758,Movie,Lost Horizon,Director 198,"Actor 529, Actor 942",Australia,2026-08-12,2025,TV-Y7,80 min,"Comedies, Documentaries",A gripping story that unfolds over time.,2026,August,80.0,,Comedies
s1759,Movie,Wild Horizon,Director 161,"Actor 975, Actor 677",United States,2025-09-06,2024,TV-G,81 min,International Movies,A gripping story that unfolds over time.,2025,September,81.0,,International Movies
s1760,TV Show,Hidden Legacy,Not Given,"Actor 551, Actor 322",United States,2026-11-11,2024,TV-14,8 Seasons,"Comedies, Dramas",A gripping story that unfolds over time.,2026,November,,8.0,Comedies
s1761,Movie,Final Shadows,Director 338,"Actor 194, Actor 117",Spain,2009-07-11,2009,TV-G,163 min,Documentaries,A gripping story that unfolds over time.,2009,July,163.0,,Documentaries
s1762,Movie,Golden Signal,Director 420,"Actor 879, Actor 749",India,2009-08-11,2007,TV-PG,98 min,"Reality TV, Action & Adventure",A gripping story that unfolds over time.,2009,August,98.0,,Reality TV
s1763,TV Show,Broken Empire,Director 260,"Actor 648, Actor 490",Spain,2002-12-26,2002,TV-PG,1 Seasons,"Reality TV, Action & Adventure",A gripping story that unfolds over time.,2002,December,,1.0,Reality TV
s1764,Movie,Rising Kingdom,Director 439,"Actor 203, Actor 777",Japan,2020-02-25,2020,TV-14,152 min,"Dramas, Romantic Movies",A gripping story that unfolds over time.,2020,February,152.0,,Dramas
s1765,TV Show,Forgotten Signal,Not Given,"Actor 72, Actor 489",United Kingdom,2002-11-25,2001,TV-Y7,6 Seasons,"Comedies, Anime Series",A gripping story that unfolds over time.,2002,November,,6.0,Comedies
s1766,Movie,Golden Empire,Director 84,"Actor 108, Actor 799",United States,2025-02-15,2023,TV-Y7,167 min,"International Movies, Stand-Up Comedy",A gripping story that unfolds over time.,2025,February,167.0,,International Movies
s1767,TV Show,Rising Heist,Director 222,"Actor 952, Actor 256",South Korea,2013-06-13,2011,TV-Y7,4 Seasons,Documentaries,A gripping story that unfolds over time.,2013,June,,4.0,Documentaries
s1768,TV Show,Hidden Storm,Not Given,"Actor 352, Actor 467",France,2004-02-22,2001,TV-Y7,1 Seasons,"Thrillers, Reality TV",A gripping story that unfolds over time.,2004,February,,1.0,Thrillers
s1769,TV Show,Silent Empire,Director 288,"Actor 221, Actor 813",United States,2021-03-21,2020,TV-14,3 Seasons,"Horror Movies, Dramas",A gripping story that unfolds over time.,2021,March,,3.0,Horror Movies
s1770,Movie,Secret Storm,Director 366,"Actor 949, Actor 558",United States,2021-03-18,2019,TV-PG,84 min,Crime TV Shows,A gripping story that unfolds over time.,2021,March,84.0,,Crime TV Shows
s1771,TV Show,Last Dreams,Not Given,"Actor 904, Actor 925",Japan,2017-07-12,2016,PG,5 Season,Horror Movies,A gripping story that unfolds over time.,2017,July,,5.0,Horror Movies
s1772,TV Show,Silent Storm,Not Given,"Actor 992, Actor 8",United States,2013-01-05,2011,PG,6 Seasons,Crime TV Shows,A gripping story that unfolds over time.,2013,January,,6.0,Crime TV Shows
s1773,TV Show,Silent City,Director 421,"Actor 272, Actor 772",India,2005-03-20,2004,TV-MA,3 Season,"Documentaries, Sci-Fi & Fantasy",A gripping story that unfolds over time.,2005,March,,3.0,Documentaries
s1774,Movie,Endless City,Director 334,"Actor 900, Actor 28",United States,2003-09-18,2003,TV-Y7,148 min,"Romantic Movies, Reality TV",A gripping story that unfolds over time.,2003,September,148.0,,Romantic Movies
s1775,Movie,Silent Signal,Director 200,"Actor 256, Actor 437",Turkey,2006-08-14,2003,TV-Y7,149 min,Documentaries,A gripping story that unfolds over time.,2006,August,149.0,,Documentaries
s1776,Movie,Secret Shadows,Director 343,"Actor 988, Actor 366",India,2026-06-17,2024,TV-PG,94 min,"Thrillers, Dramas",A gripping story that unfolds over time.,2026,June,94.0,,Thrillers
s1777,TV Show,Rising Heist,Director 45,"Actor 999, Actor 923",Italy,2024-06-21,2022,TV-G,4 Seasons,Kids' TV,A gripping story that unfolds over time.,2024,June,,4.0,Kids' TV
s1778,TV Show,Last Shadows,Director 47,"Actor 234, Actor 853",France,2007-09-02,2006,R,1 Seasons,Children & Family Movies,A gripping story that unfolds over time.,2007,September,,1.0,Children & Family Movies
s1779,Movie,Dark Heist,Not Given,"Actor 570, Actor 147",Nigeria,2019-06-23,2018,R,164 min,"Thrillers, Dramas",A gripping story that unfolds over time.,2019,June,164.0,,Thrillers
s1780,Movie,Final Horizon,Director 286,"Actor 116, Actor 149",Australia,2022-06-20,2022,PG-13,105 min,International Movies,A gripping story that unfolds over time.,2022,June,105.0,,International Movies
s1781,TV Show,Golden Kingdom,Director 235,"Actor 362, Actor 522",United States,2007-08-18,2004,R,7 Season,Anime Series,A gripping story that unfolds over time.,2007,August,,7.0,Anime Series
s1782,TV Show,Endless Empire,Not Given,"Actor 495, Actor 162",United Kingdom,2013-11-27,2012,PG-13,2 Seasons,"Action & Adventure, International Movies",A gripping story that unfolds over time.,2013,November,,2.0,Action & Adventure
s1783,Movie,Silent Dreams,Not Given,"Actor 306, Actor 927",India,2008-04-15,2005,TV-14,99 min,"International Movies, Sci-Fi & Fantasy",A gripping story that unfolds over time.,2008,April,99.0,,International Movies
s1784,Movie,Secret Legacy,Director 400,"Actor 949, Actor 506",United States,2014-06-27,2013,TV-G,124 min,Comedies,A gripping story that unfolds over time.,2014,June,124.0,,Comedies
s1785,Movie,Forgotten Storm,Director 236,"Actor 141, Actor 633",South Korea,2026-04-09,2025,PG,128 min,Romantic Movies,A gripping story that unfolds over time.,2026,April,128.0,,Romantic Movies
s1786,Movie,Rising Heist,Director 221,"Actor 323, Actor 477",United States,2022-01-10,2019,TV-MA,169 min,"Anime Series, Sci-Fi & Fantasy",A gripping story that unfolds over time.,2022,January,169.0,,Anime Series
s1787,TV Show,Silent Horizon,Director 228,"Actor 615, Actor 801",United States,2007-09-16,2004,TV-G,4 Seasons,"Thrillers, Documentaries",A gripping story that unfolds over time.,2007,September,,4.0,Thrillers
s1788,Movie,Secret Journey,Director 349,"Actor 41, Actor 824",United States,2009-10-05,2008,TV-14,137 min,Comedies,A gripping story that unfolds over time.,2009,October,137.0,,Comedies
s1789,Movie,Last City,Director 17,"Actor 189, Actor 522",United Kingdom,2000-12-06,2000,TV-MA,122 min,Romantic Movies,A gripping story that unfolds over time.,2000,December,122.0,,Romantic Movies
s1790,TV Show,Golden Chronicles,Director 182,"Actor 586, Actor 514",India,2018-11-19,2018,TV-PG,3 Seasons,Kids' TV,A gripping story that unfolds over time.,2018,November,,3.0,Kids' TV
s1791,Movie,Golden Dreams,Not Given,"Actor 458, Actor 11",United States,2014-06-27,2014,TV-PG,109 min,Documentaries,A gripping story that unfolds over time.,2014,June,109.0,,Documentaries
s1792,Movie,Endless Horizon,Not Given,"Actor 689, Actor 428",United Kingdom,2004-10-09,2003,TV-14,149 min,Dramas,A gripping story that unfolds over time.,2004,October,149.0,,Dramas
s1793,TV Show,Endless City,Director 312,"Actor 928, Actor 139",United States,2015-05-21,2015,R,8 Seasons,"Children & Family Movies, Reality TV",A gripping story that unfolds over time.,2015,May,,8.0,Children & Family Movies
s1794,TV Show,Secret Dreams,Not Given,"Actor 531, Actor 798",United States,2016-04-09,2013,TV-MA,7 Seasons,Sci-Fi & Fantasy,A gripping story that unfolds over time.,2016,April,,7.0,Sci-Fi & Fantasy
s1795,Movie,Lost Journey,Not Given,"Actor 965, Actor 292",United States,2021-01-03,2020,PG,143 min,Action & Adventure,A gripping story that unfolds over time.,2021,January,143.0,,Action & Adventure
s1796,TV Show,Dark Storm,Not Given,"Actor 972, Actor 982",United States,2019-12-15,2019,TV-G,8 Seasons,Dramas,A gripping story that unfolds over time.,2019,December,,8.0,Dramas
s1797,Movie,Lost Heist,Not Given,"Actor 149, Actor 169",India,2007-02-13,2004,TV-G,117 min,"Romantic Movies, Children & Family Movies",A gripping story that unfolds over time.,2007,February,117.0,,Romantic Movies
s1798,Movie,Golden Dreams,Director 250,"Actor 103, Actor 468",United States,2025-09-03,2025,R,169 min,"International Movies, Stand-Up Comedy",A gripping story that unfolds over time.,2025,September,169.0,,International Movies
s1799,Movie,Broken Empire,Not Given,"Actor 404, Actor 559",United States,2025-12-18,2022,TV-14,149 min,"Children & Family Movies, Kids' TV",A gripping story that unfolds over time.,2025,December,149.0,,Children & Family Movies
s1800,Movie,Golden Signal,Director 197,"Actor 696, Actor 578",South Korea,2023-11-02,2020,TV-14,159 min,Anime Series,A gripping story that unfolds over time.,2023,November,159.0,,Anime Series
s1801,Movie,Final Dreams,Director 118,"Actor 930, Actor 852",United Kingdom,2024-03-12,2023,PG-13,88 min,"Dramas, Horror Movies",A gripping story that unfolds over time.,2024,March,88.0,,Dramas
s1802,Movie,Hidden Dreams,Director 462,"Actor 940, Actor 916",France,2012-08-24,2009,R,97 min,Sci-Fi & Fantasy,A gripping story that unfolds over time.,2012,August,97.0,,Sci-Fi & Fantasy
s1803,TV Show,Silent Empire,Director 290,"Actor 171, Actor 212",Japan,2014-12-17,2013,TV-Y7,3 Seasons,Reality TV,A gripping story that unfolds over time.,2014,December,,3.0,Reality TV
s1804,TV Show,Endless Dreams,Director 60,"Actor 139, Actor 357",India,2020-04-20,2020,TV-G,2 Seasons,"International Movies, Stand-Up Comedy",A gripping story that unfolds over time.,2020,April,,2.0,International Movies
s1805,Movie,Silent City,Director 438,"Actor 435, Actor 86",Spain,2006-11-16,2006,R,76 min,Crime TV Shows,A gripping story that unfolds over time.,2006,November,76.0,,Crime TV Shows
s1806,Movie,Secret Dreams,Not Given,"Actor 772, Actor 954",Japan,2009-08-10,2009,PG-13,100 min,"International Movies, Thrillers",A gripping story that unfolds over time.,2009,August,100.0,,International Movies
s1807,Movie,Final Horizon,Director 359,"Actor 780, Actor 85",Canada,2021-05-18,2021,TV-G,78 min,Dramas,A gripping story that unfolds over time.,2021,May,78.0,,Dramas
s1808,Movie,Wild Shadows,Not Given,"Actor 665, Actor 44",United Kingdom,2011-02-13,2009,R,122 min,Comedies,A gripping story that unfolds over time.,2011,February,122.0,,Comedies
s1809,Movie,Lost Signal,Director 401,"Actor 961, Actor 374",South Korea,2006-05-10,2005,PG-13,93 min,"Dramas, Horror Movies",A gripping story that unfolds over time.,2006,May,93.0,,Dramas
s1810,Movie,Secret Signal,Not Given,"Actor 704, Actor 485",United States,2024-09-19,2023,TV-Y7,107 min,Romantic Movies,A gripping story that unfolds over time.,2024,September,107.0,,Romantic Movies
s1811,TV Show,Last Journey,Director 114,"Actor 120, Actor 69",South Korea,2025-12-18,2025,PG,4 Seasons,Sci-Fi & Fantasy,A gripping story that unfolds over time.,2025,December,,4.0,Sci-Fi & Fantasy
s1812,Movie,Broken Heist,Director 84,"Actor 769, Actor 193",United States,2024-10-11,2023,TV-G,84 min,Documentaries,A gripping story that unfolds over time.,2024,October,84.0,,Documentaries
s1813,TV Show,Final Kingdom,Director 257,"Actor 563, Actor 656",United States,2011-06-03,2008,PG-13,8 Seasons,"Crime TV Shows, Sci-Fi & Fantasy",A gripping story that unfolds over time.,2011,June,,8.0,Crime TV Shows
s1814,TV Show,Wild Legacy,Director 338,"Actor 53, Actor 597",Spain,2005-07-22,2003,R,7 Seasons,Sci-Fi & Fantasy,A gripping story that unfolds over time.,2005,July,,7.0,Sci-Fi & Fantasy
s1815,Movie,Rising City,Not Given,"Actor 74, Actor 659",India,2018-10-09,2015,TV-G,157 min,"Anime Series, Stand-Up Comedy",A gripping story that unfolds over time.,2018,October,157.0,,Anime Series
s1816,Movie,Broken Storm,Director 76,"Actor 487, Actor 781",Australia,2021-04-08,2018,TV-Y7,79 min,"Kids' TV, Dramas",A gripping story that unfolds over time.,2021,April,79.0,,Kids' TV
s1817,Movie,Hidden Kingdom,Director 479,"Actor 686, Actor 93",Mexico,2026-03-06,2023,R,119 min,Comedies,A gripping story that unfolds over time.,2026,March,119.0,,Comedies
s1818,Movie,Forgotten Horizon,Director 328,"Actor 721, Actor 492",United States,2017-11-18,2014,PG-13,167 min,Dramas,A gripping story that unfolds over time.,2017,November,167.0,,Dramas
s1819,TV Show,Rising City,Director 493,"Actor 597, Actor 734",United States,2009-08-17,2008,R,3 Seasons,Reality TV,A gripping story that unfolds over time.,2009,August,,3.0,Reality TV
s1820,Movie,Silent Journey,Not Given,"Actor 523, Actor 465",Australia,2008-10-25,2005,TV-G,122 min,"Thrillers, Comedies",A gripping story that unfolds over time.,2008,October,122.0,,Thrillers
s1821,TV Show,Wild City,Director 258,"Actor 492, Actor 704",United States,2006-03-04,2006,TV-MA,2 Seasons,Action & Adventure,A gripping story that unfolds over time.,2006,March,,2.0,Action & Adventure
s1822,Movie,Forgotten Empire,Not Given,"Actor 495, Actor 577",Australia,2023-10-21,2023,TV-Y7,130 min,"Romantic Movies, Crime TV Shows",A gripping story that unfolds over time.,2023,October,130.0,,Romantic Movies
s1823,Movie,Endless Dreams,Director 170,"Actor 984, Actor 542",United States,2026-03-05,2023,PG-13,85 min,Crime TV Shows,A gripping story that unfolds over time.,2026,March,85.0,,Crime TV Shows
s1824,TV Show,Rising Kingdom,Director 275,"Actor 347, Actor 237",Turkey,2015-12-09,2015,TV-G,2 Seasons,"Romantic Movies, International Movies",A gripping story that unfolds over time.,2015,December,,2.0,Romantic Movies
s1825,Movie,Broken Horizon,Director 286,"Actor 234, Actor 969",United Kingdom,2019-07-16,2018,PG,143 min,"Dramas, Thrillers",A gripping story that unfolds over time.,2019,July,143.0,,Dramas
s1826,Movie,Final Heist,Director 248,"Actor 187, Actor 950",United States,2010-11-13,2007,TV-MA,139 min,"Horror Movies, Dramas",A gripping story that unfolds over time.,2010,November,139.0,,Horror Movies
s1827,Movie,Secret Dreams,Director 491,"Actor 807, Actor 162",United Kingdom,2024-02-19,2021,PG-13,93 min,"Kids' TV, Horror Movies",A gripping story that unfolds over time.,2024,February,93.0,,Kids' TV
s1828,TV Show,Lost Shadows,Director 442,"Actor 63, Actor 355",United Kingdom,2011-11-19,2010,PG-13,2 Seasons,"International Movies, Action & Adventure",A gripping story that unfolds over time.,2011,November,,2.0,International Movies
s1829,Movie,Rising Legacy,Director 459,"Actor 120, Actor 213",United Kingdom,2024-08-05,2024,PG-13,141 min,"Horror Movies, International Movies",A gripping story that unfolds over time.,2024,August,141.0,,Horror Movies
s1830,Movie,Secret Horizon,Not Given,"Actor 265, Actor 670",India,2015-07-13,2014,TV-PG,93 min,"Kids' TV, Documentaries",A gripping story that unfolds over time.,2015,July,93.0,,Kids' TV
s1831,TV Show,Forgotten Heist,Not Given,"Actor 943, Actor 243",United States,2026-12-26,2024,TV-Y7,2 Seasons,Documentaries,A gripping story that unfolds over time.,2026,December,,2.0,Documentaries
s1832,Movie,Forgotten Kingdom,Director 498,"Actor 267, Actor 235",Turkey,2026-04-08,2025,TV-PG,161 min,"Action & Adventure, Reality TV",A gripping story that unfolds over time.,2026,April,161.0,,Action & Adventure
s1833,TV Show,Secret Journey,Not Given,"Actor 542, Actor 503",France,2007-01-03,2006,TV-14,6 Season,"Action & Adventure, Documentaries",A gripping story that unfolds over time.,2007,January,,6.0,Action & Adventure
s1834,TV Show,Secret City,Not Given,"Actor 280, Actor 461",Spain,2014-02-09,2014,PG-13,4 Seasons,Crime TV Shows,A gripping story that unfolds over time.,2014,February,,4.0,Crime TV Shows
s1835,Movie,Final City,Not Given,"Actor 364, Actor 360",South Korea,2010-08-06,2008,PG,105 min,"Romantic Movies, Children & Family Movies",A gripping story that unfolds over time.,2010,August,105.0,,Romantic Movies
s1836,Movie,Endless Kingdom,Director 499,"Actor 718, Actor 778",Canada,2026-03-10,2025,PG,102 min,"Kids' TV, Crime TV Shows",A gripping story that unfolds over time.,2026,March,102.0,,Kids' TV
s1837,TV Show,Lost City,Director 302,"Actor 278, Actor 35",Japan,2024-06-17,2022,TV-Y7,3 Seasons,"Anime Series, Crime TV Shows",A gripping story that unfolds over time.,2024,June,,3.0,Anime Series
s1838,Movie,Silent Empire,Director 440,"Actor 890, Actor 854",France,2006-08-26,2006,TV-14,78 min,"Action & Adventure, Crime TV Shows",A gripping story that unfolds over time.,2006,August,78.0,,Action & Adventure
s1839,Movie,Silent Journey,Director 318,"Actor 688, Actor 114",United States,2025-09-19,2022,TV-MA,124 min,"Documentaries, Horror Movies",A gripping story that unfolds over time.,2025,September,124.0,,Documentaries
s1840,TV Show,Golden Horizon,Director 370,"Actor 399, Actor 814",United Kingdom,2020-03-24,2018,TV-G,7 Seasons,"Children & Family Movies, Horror Movies",A gripping story that unfolds over time.,2020,March,,7.0,Children & Family Movies
s1841,TV Show,Forgotten Storm,Not Given,"Actor 15, Actor 454",Australia,2006-08-01,2005,TV-MA,5 Seasons,"Romantic Movies, Documentaries",A gripping story that unfolds over time.,2006,August,,5.0,Romantic Movies
s1842,Movie,Dark Storm,Not Given,"Actor 172, Actor 63",Japan,2016-03-01,2013,PG-13,79 min,Horror Movies,A gripping story that unfolds over time.,2016,March,79.0,,Horror Movies
s1843,Movie,Rising Chronicles,Not Given,"Actor 511, Actor 881",Mexico,2019-02-23,2016,TV-14,73 min,"Romantic Movies, Stand-Up Comedy",A gripping story that unfolds over time.,2019,February,73.0,,Romantic Movies
s1844,Movie,Lost Heist,Not Given,"Actor 369, Actor 185",Japan,2026-03-25,2025,PG-13,113 min,"Horror Movies, Kids' TV",A gripping story that unfolds over time.,2026,March,113.0,,Horror Movies
s1845,Movie,Lost Chronicles,Not Given,"Actor 668, Actor 487",Germany,2013-04-01,2010,TV-G,155 min,"Documentaries, Thrillers",A gripping story that unfolds over time.,2013,April,155.0,,Documentaries
s1846,Movie,Hidden Heist,Not Given,"Actor 953, Actor 484",Brazil,2004-08-03,2004,TV-PG,120 min,Kids' TV,A gripping story that unfolds over time.,2004,August,120.0,,Kids' TV
s1847,Movie,Lost Signal,Director 364,"Actor 662, Actor 318",United States,2021-11-26,2018,R,92 min,"Romantic Movies, Anime Series",A gripping story that unfolds over time.,2021,November,92.0,,Romantic Movies
s1848,Movie,Golden City,Director 207,"Actor 917, Actor 502",Japan,2017-04-02,2014,R,166 min,International Movies,A gripping story that unfolds over time.,2017,April,166.0,,International Movies
s1849,Movie,Secret Horizon,Not Given,"Actor 479, Actor 679",Mexico,2023-09-13,2021,TV-MA,89 min,"Documentaries, Stand-Up Comedy",A gripping story that unfolds over time.,2023,September,89.0,,Documentaries
s1850,TV Show,Broken Chronicles,Director 158,"Actor 270, Actor 818",United States,2004-08-04,2002,TV-Y7,5 Seasons,"Documentaries, Comedies",A gripping story that unfolds over time.,2004,August,,5.0,Documentaries
s1851,Movie,Last Shadows,Director 209,"Actor 301, Actor 601",United States,2008-04-26,2007,TV-MA,73 min,"International Movies, Anime Series",A gripping story that unfolds over time.,2008,April,73.0,,International Movies
s1852,Movie,Silent Legacy,Director 430,"Actor 647, Actor 658",Canada,2021-06-25,2020,TV-MA,84 min,"Romantic Movies, Comedies",A gripping story that unfolds over time.,2021,June,84.0,,Romantic Movies
s1853,Movie,Forgotten Horizon,Not Given,"Actor 532, Actor 264",United States,2022-04-04,2020,TV-PG,71 min,Kids' TV,A gripping story that unfolds over time.,2022,April,71.0,,Kids' TV
s1854,Movie,Final Shadows,Director 17,"Actor 514, Actor 33",Turkey,2019-10-06,2018,TV-MA,150 min,Anime Series,A gripping story that unfolds over time.,2019,October,150.0,,Anime Series
s1855,Movie,Secret Chronicles,Not Given,"Actor 63, Actor 336",United States,2010-10-11,2010,TV-G,157 min,Dramas,A gripping story that unfolds over time.,2010,October,157.0,,Dramas
s1856,TV Show,Wild Kingdom,Director 239,"Actor 764, Actor 361",Spain,2003-05-27,2003,PG-13,1 Seasons,Romantic Movies,A gripping story that unfolds over time.,2003,May,,1.0,Romantic Movies
s1857,Movie,Final Journey,Director 159,"Actor 539, Actor 342",India,2015-07-02,2015,TV-MA,76 min,"Romantic Movies, Documentaries",A gripping story that unfolds over time.,2015,July,76.0,,Romantic Movies
s1858,Movie,Silent City,Director 79,"Actor 548, Actor 389",United States,2019-02-03,2019,PG,164 min,Comedies,A gripping story that unfolds over time.,2019,February,164.0,,Comedies
s1859,TV Show,Hidden Dreams,Director 146,"Actor 391, Actor 373",Germany,2025-01-13,2022,TV-G,3 Seasons,"Dramas, Children & Family Movies",A gripping story that unfolds over time.,2025,January,,3.0,Dramas
s1860,TV Show,Wild Kingdom,Director 493,"Actor 150, Actor 606",India,2019-05-08,2018,TV-PG,8 Season,"Thrillers, Reality TV",A gripping story that unfolds over time.,2019,May,,8.0,Thrillers
s1861,Movie,Last Empire,Director 315,"Actor 152, Actor 794",Canada,2019-06-08,2017,PG,77 min,"Thrillers, Crime TV Shows",A gripping story that unfolds over time.,2019,June,77.0,,Thrillers
s1862,Movie,Final Kingdom,Director 7,"Actor 81, Actor 765",United States,2022-03-20,2020,TV-14,106 min,Romantic Movies,A gripping story that unfolds over time.,2022,March,106.0,,Romantic Movies
s1863,Movie,Golden Dreams,Director 299,"Actor 728, Actor 823",Brazil,2003-10-24,2000,TV-Y7,140 min,"Children & Family Movies, Documentaries",A gripping story that unfolds over time.,2003,October,140.0,,Children & Family Movies
s1864,Movie,Endless Empire,Director 217,"Actor 174, Actor 75",France,2005-09-03,2002,TV-14,158 min,"Action & Adventure, Children & Family Movies",A gripping story that unfolds over time.,2005,September,158.0,,Action & Adventure
s1865,Movie,Dark Dreams,Director 149,"Actor 30, Actor 462",Spain,2019-03-27,2017,TV-G,141 min,"Thrillers, Dramas",A gripping story that unfolds over time.,2019,March,141.0,,Thrillers
s1866,Movie,Lost Storm,Director 392,"Actor 576, Actor 900",Turkey,2021-06-21,2020,TV-G,122 min,Action & Adventure,A gripping story that unfolds over time.,2021,June,122.0,,Action & Adventure
s1867,TV Show,Final Empire,Director 305,"Actor 254, Actor 623",United Kingdom,2013-12-08,2010,PG-13,1 Seasons,Kids' TV,A gripping story that unfolds over time.,2013,December,,1.0,Kids' TV
s1868,Movie,Forgotten Shadows,Director 267,"Actor 166, Actor 357",South Korea,2006-09-10,2004,TV-PG,129 min,"International Movies, Comedies",A gripping story that unfolds over time.,2006,September,129.0,,International Movies
s1869,Movie,Broken Journey,Not Given,"Actor 973, Actor 79",Germany,2021-09-02,2018,PG,131 min,Thrillers,A gripping story that unfolds over time.,2021,September,131.0,,Thrillers
s1870,TV Show,Wild Dreams,Not Given,"Actor 427, Actor 15",United States,2011-12-26,2010,TV-Y7,8 Seasons,"Crime TV Shows, Comedies",A gripping story that unfolds over time.,2011,December,,8.0,Crime TV Shows
s1871,TV Show,Lost Signal,Director 131,"Actor 708, Actor 319",Canada,2019-04-01,2016,TV-Y7,5 Season,"Comedies, Horror Movies",A gripping story that unfolds over time.,2019,April,,5.0,Comedies
s1872,Movie,Endless Signal,Not Given,"Actor 956, Actor 935",Australia,2020-05-01,2018,TV-MA,140 min,Children & Family Movies,A gripping story that unfolds over time.,2020,May,140.0,,Children & Family Movies
s1873,Movie,Secret Kingdom,Director 434,"Actor 642, Actor 205",United States,2012-11-21,2012,TV-14,168 min,"Children & Family Movies, Sci-Fi & Fantasy",A gripping story that unfolds over time.,2012,November,168.0,,Children & Family Movies
s1874,TV Show,Hidden Chronicles,Director 352,"Actor 225, Actor 966",India,2005-02-10,2003,PG-13,8 Seasons,"Comedies, Reality TV",A gripping story that unfolds over time.,2005,February,,8.0,Comedies
s1875,Movie,Final Kingdom,Director 303,"Actor 980, Actor 536",Turkey,2015-10-25,2015,PG,152 min,Sci-Fi & Fantasy,A gripping story that unfolds over time.,2015,October,152.0,,Sci-Fi & Fantasy
s1876,TV Show,Rising Chronicles,Director 424,"Actor 451, Actor 631",France,2026-03-23,2024,TV-G,7 Seasons,Crime TV Shows,A gripping story that unfolds over time.,2026,March,,7.0,Crime TV Shows
s1877,Movie,Silent Chronicles,Not Given,"Actor 933, Actor 12",United States,2026-11-15,2023,TV-PG,164 min,Romantic Movies,A gripping story that unfolds over time.,2026,November,164.0,,Romantic Movies
s1878,Movie,Endless Horizon,Director 265,"Actor 6, Actor 570",United States,2019-10-04,2019,PG-13,152 min,Comedies,A gripping story that unfolds over time.,2019,October,152.0,,Comedies
s1879,TV Show,Secret Signal,Director 63,"Actor 118, Actor 485",Mexico,2018-07-11,2018,PG,1 Seasons,Kids' TV,A gripping story that unfolds over time.,2018,July,,1.0,Kids' TV
s1880,Movie,Rising Heist,Not Given,"Actor 299, Actor 266",United States,2020-04-27,2020,R,92 min,International Movies,A gripping story that unfolds over time.,2020,April,92.0,,International Movies
s1881,TV Show,Forgotten Shadows,Director 309,"Actor 58, Actor 112",United States,2014-05-21,2014,PG,1 Seasons,"Thrillers, Anime Series",A gripping story that unfolds over time.,2014,May,,1.0,Thrillers
s1882,Movie,Rising Dreams,Not Given,"Actor 166, Actor 254",Italy,2010-06-20,2009,TV-PG,80 min,Anime Series,A gripping story that unfolds over time.,2010,June,80.0,,Anime Series
s1883,Movie,Forgotten Legacy,Director 260,"Actor 819, Actor 862",Brazil,2015-02-21,2013,TV-Y7,104 min,Action & Adventure,A gripping story that unfolds over time.,2015,February,104.0,,Action & Adventure
s1884,Movie,Final Heist,Director 313,"Actor 33, Actor 872",Japan,2016-04-04,2015,TV-14,121 min,"Sci-Fi & Fantasy, Reality TV",A gripping story that unfolds over time.,2016,April,121.0,,Sci-Fi & Fantasy
s1885,Movie,Golden Horizon,Director 2,"Actor 185, Actor 674",Germany,2011-10-17,2009,TV-MA,146 min,"Dramas, Children & Family Movies",A gripping story that unfolds over time.,2011,October,146.0,,Dramas
s1886,Movie,Forgotten Heist,Not Given,"Actor 437, Actor 592",United States,2014-02-18,2011,TV-Y7,138 min,"Dramas, Anime Series",A gripping story that unfolds over time.,2014,February,138.0,,Dramas
s1887,TV Show,Silent Legacy,Director 438,"Actor 436, Actor 384",Nigeria,2020-04-21,2018,PG-13,1 Seasons,Dramas,A gripping story that unfolds over time.,2020,April,,1.0,Dramas
s1888,Movie,Hidden City,Director 448,"Actor 92, Actor 520",United States,2024-10-14,2023,TV-MA,107 min,"Stand-Up Comedy, Thrillers",A gripping story that unfolds over time.,2024,October,107.0,,Stand-Up Comedy
s1889,Movie,Last Empire,Not Given,"Actor 768, Actor 572",Canada,2016-02-19,2015,TV-Y7,89 min,"Horror Movies, Stand-Up Comedy",A gripping story that unfolds over time.,2016,February,89.0,,Horror Movies
s1890,TV Show,Secret Horizon,Not Given,"Actor 105, Actor 367",United States,2010-06-09,2009,R,6 Seasons,"Comedies, Dramas",A gripping story that unfolds over time.,2010,June,,6.0,Comedies
s1891,Movie,Lost Horizon,Director 237,"Actor 449, Actor 321",United States,2024-09-17,2022,TV-PG,98 min,"Dramas, Sci-Fi & Fantasy",A gripping story that unfolds over time.,2024,September,98.0,,Dramas
s1892,Movie,Endless Heist,Director 38,"Actor 944, Actor 221",France,2002-01-26,2001,PG-13,82 min,"Horror Movies, Kids' TV",A gripping story that unfolds over time.,2002,January,82.0,,Horror Movies
s1893,TV Show,Hidden Heist,Not Given,"Actor 505, Actor 712",United States,2024-01-26,2024,PG-13,1 Seasons,"Horror Movies, Comedies",A gripping story that unfolds over time.,2024,January,,1.0,Horror Movies
s1894,TV Show,Broken Kingdom,Director 37,"Actor 621, Actor 250",Mexico,2024-05-03,2022,TV-G,5 Seasons,"Anime Series, Thrillers",A gripping story that unfolds over time.,2024,May,,5.0,Anime Series
s1895,TV Show,Silent Horizon,Director 186,"Actor 482, Actor 597",Germany,2012-08-02,2010,R,8 Seasons,"Crime TV Shows, Kids' TV",A gripping story that unfolds over time.,2012,August,,8.0,Crime TV Shows
s1896,TV Show,Rising Kingdom,Director 180,"Actor 639, Actor 333",United Kingdom,2008-03-08,2005,R,5 Seasons,Anime Series,A gripping story that unfolds over time.,2008,March,,5.0,Anime Series
s1897,Movie,Final Shadows,Not Given,"Actor 377, Actor 652",United States,2015-07-15,2014,R,72 min,Children & Family Movies,A gripping story that unfolds over time.,2015,July,72.0,,Children & Family Movies
s1898,TV Show,Broken City,Director 498,"Actor 287, Actor 307",Turkey,2011-06-18,2011,TV-14,5 Seasons,Documentaries,A gripping story that unfolds over time.,2011,June,,5.0,Documentaries
s1899,Movie,Dark Legacy,Director 95,"Actor 598, Actor 389",France,2011-11-15,2008,PG,165 min,Romantic Movies,A gripping story that unfolds over time.,2011,November,165.0,,Romantic Movies
s1900,TV Show,Endless Signal,Director 457,"Actor 687, Actor 946",United States,2024-05-20,2021,TV-G,7 Seasons,"Children & Family Movies, Reality TV",A gripping story that unfolds over time.,2024,May,,7.0,Children & Family Movies
s1901,Movie,Final City,Director 12,"Actor 893, Actor 226",India,2013-05-13,2011,TV-Y7,168 min,"Anime Series, Dramas",A gripping story that unfolds over time.,2013,May,168.0,,Anime Series
s1902,TV Show,Dark Heist,Director 417,"Actor 284, Actor 57",United States,2009-03-09,2006,TV-MA,1 Seasons,Children & Family Movies,A gripping story that unfolds over time.,2009,March,,1.0,Children & Family Movies
s1903,TV Show,Silent Kingdom,Director 226,"Actor 386, Actor 796",Germany,2015-05-20,2012,PG,1 Seasons,"Anime Series, Kids' TV",A gripping story that unfolds over time.,2015,May,,1.0,Anime Series
s1904,Movie,Lost Empire,Director 419,"Actor 327, Actor 195",United States,2009-07-15,2006,PG,131 min,Romantic Movies,A gripping story that unfolds over time.,2009,July,131.0,,Romantic Movies
s1905,Movie,Endless Dreams,Director 15,"Actor 384, Actor 555",Brazil,2004-02-01,2003,R,163 min,"Reality TV, Dramas",A gripping story that unfolds over time.,2004,February,163.0,,Reality TV
s1906,TV Show,Dark Kingdom,Director 118,"Actor 862, Actor 688",Turkey,2010-03-02,2010,TV-MA,2 Seasons,"Horror Movies, Dramas",A gripping story that unfolds over time.,2010,March,,2.0,Horror Movies
s1907,Movie,Dark Dreams,Director 311,"Actor 154, Actor 897",Australia,2007-05-20,2007,TV-Y7,91 min,"Romantic Movies, Anime Series",A gripping story that unfolds over time.,2007,May,91.0,,Romantic Movies
s1908,Movie,Forgotten Empire,Director 152,"Actor 508, Actor 790",India,2007-08-15,2007,PG,77 min,Crime TV Shows,A gripping story that unfolds over time.,2007,August,77.0,,Crime TV Shows
s1909,Movie,Broken Storm,Director 323,"Actor 5, Actor 83",Spain,2013-09-08,2011,R,162 min,"Horror Movies, Documentaries",A gripping story that unfolds over time.,2013,September,162.0,,Horror Movies
s1910,Movie,Rising Dreams,Director 52,"Actor 998, Actor 470",United States,2015-10-19,2015,TV-14,129 min,"Sci-Fi & Fantasy, Crime TV Shows",A gripping story that unfolds over time.,2015,October,129.0,,Sci-Fi & Fantasy
s1911,TV Show,Endless Signal,Director 76,"Actor 445, Actor 233",United Kingdom,2025-08-06,2024,TV-G,1 Seasons,Crime TV Shows,A gripping story that unfolds over time.,2025,August,,1.0,Crime TV Shows
s1912,TV Show,Forgotten Shadows,Director 225,"Actor 767, Actor 73",United States,2026-06-01,2024,TV-MA,5 Seasons,"International Movies, Horror Movies",A gripping story that unfolds over time.,2026,June,,5.0,International Movies
s1913,TV Show,Forgotten Horizon,Director 210,"Actor 7, Actor 523",South Korea,2005-06-08,2003,R,5 Seasons,"Dramas, Horror Movies",A gripping story that unfolds over time.,2005,June,,5.0,Dramas
s1914,TV Show,Golden Dreams,Not Given,"Actor 246, Actor 836",Brazil,2003-08-20,2002,TV-PG,8 Seasons,Reality TV,A gripping story that unfolds over time.,2003,August,,8.0,Reality TV
s1915,Movie,Broken City,Director 263,"Actor 68, Actor 574",Mexico,2000-05-19,2000,PG-13,77 min,Documentaries,A gripping story that unfolds over time.,2000,May,77.0,,Documentaries
s1916,Movie,Golden Legacy,Not Given,"Actor 664, Actor 678",Japan,2026-12-03,2025,PG-13,101 min,"Anime Series, International Movies",A gripping story that unfolds over time.,2026,December,101.0,,Anime Series
s1917,Movie,Wild City,Director 275,"Actor 835, Actor 232",Spain,2020-04-22,2020,PG,91 min,"Romantic Movies, Reality TV",A gripping story that unfolds over time.,2020,April,91.0,,Romantic Movies
s1918,Movie,Lost Signal,Director 100,"Actor 81, Actor 782",United States,2023-01-26,2020,PG-13,85 min,Horror Movies,A gripping story that unfolds over time.,2023,January,85.0,,Horror Movies
s1919,Movie,Golden Empire,Director 328,"Actor 904, Actor 55",United States,2024-06-06,2023,TV-PG,77 min,Kids' TV,A gripping story that unfolds over time.,2024,June,77.0,,Kids' TV
s1920,Movie,Broken Empire,Director 260,"Actor 818, Actor 876",Turkey,2024-02-02,2023,TV-MA,147 min,Sci-Fi & Fantasy,A gripping story that unfolds over time.,2024,February,147.0,,Sci-Fi & Fantasy
s1921,Movie,Rising Legacy,Not Given,"Actor 129, Actor 364",United States,2026-03-03,2025,R,113 min,Anime Series,A gripping story that unfolds over time.,2026,March,113.0,,Anime Series
s1922,Movie,Forgotten Storm,Director 266,"Actor 135, Actor 884",India,2026-10-17,2023,TV-MA,153 min,"Thrillers, Horror Movies",A gripping story that unfolds over time.,2026,October,153.0,,Thrillers
s1923,TV Show,Forgotten Legacy,Director 394,"Actor 15, Actor 813",United States,2009-07-21,2008,R,5 Seasons,"Reality TV, International Movies",A gripping story that unfolds over time.,2009,July,,5.0,Reality TV
s1924,TV Show,Broken Journey,Not Given,"Actor 598, Actor 575",United States,2019-05-02,2018,TV-Y7,8 Seasons,"Thrillers, Romantic Movies",A gripping story that unfolds over time.,2019,May,,8.0,Thrillers
s1925,TV Show,Endless Shadows,Director 225,"Actor 336, Actor 804",United States,2011-09-23,2011,TV-MA,8 Seasons,"Children & Family Movies, Stand-Up Comedy",A gripping story that unfolds over time.,2011,September,,8.0,Children & Family Movies
s1926,Movie,Endless Chronicles,Not Given,"Actor 834, Actor 197",Canada,2016-10-14,2015,PG,112 min,"Children & Family Movies, Stand-Up Comedy",A gripping story that unfolds over time.,2016,October,112.0,,Children & Family Movies
s1927,Movie,Final Dreams,Director 309,"Actor 305, Actor 723",France,2026-10-06,2025,R,165 min,"Stand-Up Comedy, Reality TV",A gripping story that unfolds over time.,2026,October,165.0,,Stand-Up Comedy
s1928,Movie,Broken Chronicles,Director 107,"Actor 813, Actor 853",South Korea,2017-03-02,2017,TV-MA,126 min,"Crime TV Shows, Reality TV",A gripping story that unfolds over time.,2017,March,126.0,,Crime TV Shows
s1929,Movie,Lost City,Not Given,"Actor 901, Actor 566",United States,2018-11-17,2018,TV-Y7,70 min,"Horror Movies, Sci-Fi & Fantasy",A gripping story that unfolds over time.,2018,November,70.0,,Horror Movies
s1930,Movie,Hidden Empire,Director 301,"Actor 635, Actor 485",France,2013-04-01,2011,PG-13,160 min,"Sci-Fi & Fantasy, Horror Movies",A gripping story that unfolds over time.,2013,April,160.0,,Sci-Fi & Fantasy
s1931,Movie,Final Chronicles,Director 308,"Actor 331, Actor 461",France,2017-02-13,2015,TV-G,152 min,Horror Movies,A gripping story that unfolds over time.,2017,February,152.0,,Horror Movies
s1932,Movie,Final Chronicles,Not Given,"Actor 138, Actor 109",Australia,2000-04-01,2000,TV-PG,85 min,"Children & Family Movies, Kids' TV",A gripping story that unfolds over time.,2000,April,85.0,,Children & Family Movies
s1933,TV Show,Final Horizon,Director 384,"Actor 106, Actor 416",France,2014-11-19,2013,TV-G,2 Seasons,"Anime Series, Thrillers",A gripping story that unfolds over time.,2014,November,,2.0,Anime Series
s1934,Movie,Silent Legacy,Not Given,"Actor 21, Actor 698",Brazil,2022-07-17,2020,PG-13,122 min,"Documentaries, Kids' TV",A gripping story that unfolds over time.,2022,July,122.0,,Documentaries
s1935,TV Show,Rising Storm,Director 19,"Actor 536, Actor 538",United States,2021-06-25,2021,PG-13,3 Seasons,"Horror Movies, Thrillers",A gripping story that unfolds over time.,2021,June,,3.0,Horror Movies
s1936,Movie,Golden Chronicles,Director 444,"Actor 535, Actor 472",United States,2026-11-10,2025,TV-14,118 min,"Reality TV, Comedies",A gripping story that unfolds over time.,2026,November,118.0,,Reality TV
s1937,TV Show,Endless Chronicles,Not Given,"Actor 867, Actor 695",United States,2001-11-14,2001,R,2 Seasons,"Dramas, Kids' TV",A gripping story that unfolds over time.,2001,November,,2.0,Dramas
s1938,TV Show,Silent Shadows,Director 179,"Actor 782, Actor 493",United States,2005-04-05,2004,PG-13,2 Seasons,Sci-Fi & Fantasy,A gripping story that unfolds over time.,2005,April,,2.0,Sci-Fi & Fantasy
s1939,Movie,Endless Chronicles,Director 384,"Actor 668, Actor 165",South Korea,2015-03-23,2013,TV-Y7,142 min,"Anime Series, Horror Movies",A gripping story that unfolds over time.,2015,March,142.0,,Anime Series
s1940,TV Show,Endless Storm,Director 428,"Actor 432, Actor 874",United States,2016-08-23,2015,PG-13,3 Seasons,Children & Family Movies,A gripping story that unfolds over time.,2016,August,,3.0,Children & Family Movies
s1941,TV Show,Lost Journey,Director 459,"Actor 875, Actor 248",United States,2000-09-21,2000,PG,6 Season,"Dramas, International Movies",A gripping story that unfolds over time.,2000,September,,6.0,Dramas
s1942,Movie,Hidden Horizon,Director 247,"Actor 844, Actor 661",United States,2023-06-05,2023,PG-13,105 min,"Romantic Movies, International Movies",A gripping story that unfolds over time.,2023,June,105.0,,Romantic Movies
s1943,Movie,Broken Signal,Director 474,"Actor 434, Actor 29",Australia,2015-11-14,2014,PG,158 min,"Anime Series, Action & Adventure",A gripping story that unfolds over time.,2015,November,158.0,,Anime Series
s1944,TV Show,Broken Chronicles,Director 355,"Actor 981, Actor 646",India,2015-04-21,2012,TV-G,8 Seasons,"Comedies, Kids' TV",A gripping story that unfolds over time.,2015,April,,8.0,Comedies
s1945,Movie,Final Signal,Director 300,"Actor 910, Actor 909",Germany,2011-10-26,2009,R,93 min,Dramas,A gripping story that unfolds over time.,2011,October,93.0,,Dramas
s1946,Movie,Dark Legacy,Not Given,"Actor 623, Actor 508",Japan,2016-07-20,2014,PG-13,150 min,"Crime TV Shows, Horror Movies",A gripping story that unfolds over time.,2016,July,150.0,,Crime TV Shows
s1947,TV Show,Endless Journey,Director 247,"Actor 141, Actor 950",India,2020-11-12,2020,PG-13,7 Seasons,Documentaries,A gripping story that unfolds over time.,2020,November,,7.0,Documentaries
s1948,Movie,Golden Legacy,Director 133,"Actor 398, Actor 152",United Kingdom,2010-07-21,2009,TV-Y7,123 min,Comedies,A gripping story that unfolds over time.,2010,July,123.0,,Comedies
s1949,Movie,Hidden Heist,Director 290,"Actor 855, Actor 433",Spain,2023-03-16,2020,TV-14,134 min,"Thrillers, Stand-Up Comedy",A gripping story that unfolds over time.,2023,March,134.0,,Thrillers
s1950,Movie,Endless Empire,Director 15,"Actor 528, Actor 310",South Korea,2023-06-11,2022,TV-MA,109 min,"Reality TV, Crime TV Shows",A gripping story that unfolds over time.,2023,June,109.0,,Reality TV
s1951,TV Show,Dark Signal,Director 334,"Actor 664, Actor 779",Turkey,2009-08-08,2008,PG-13,8 Seasons,Comedies,A gripping story that unfolds over time.,2009,August,,8.0,Comedies
s1952,Movie,Golden Storm,Director 60,"Actor 555, Actor 428",Mexico,2004-02-06,2003,TV-MA,70 min,"Comedies, Thrillers",A gripping story that unfolds over time.,2004,February,70.0,,Comedies
s1953,Movie,Dark Legacy,Director 38,"Actor 676, Actor 593",India,2009-07-21,2009,TV-14,157 min,"Reality TV, Anime Series",A gripping story that unfolds over time.,2009,July,157.0,,Reality TV
s1954,TV Show,Last Horizon,Director 36,"Actor 383, Actor 816",United States,2021-02-14,2021,TV-14,3 Seasons,"Romantic Movies, Comedies",A gripping story that unfolds over time.,2021,February,,3.0,Romantic Movies
s1955,Movie,Rising Legacy,Director 103,"Actor 436, Actor 381",Canada,2009-12-07,2007,TV-MA,126 min,Kids' TV,A gripping story that unfolds over time.,2009,December,126.0,,Kids' TV
s1956,Movie,Broken Storm,Director 255,"Actor 930, Actor 677",France,2021-05-08,2021,TV-14,105 min,"Thrillers, Anime Series",A gripping story that unfolds over time.,2021,May,105.0,,Thrillers
s1957,Movie,Last Shadows,Director 353,"Actor 682, Actor 894",United States,2012-09-03,2011,TV-14,151 min,Reality TV,A gripping story that unfolds over time.,2012,September,151.0,,Reality TV
s1958,TV Show,Secret Kingdom,Director 464,"Actor 968, Actor 965",United States,2020-01-17,2018,TV-PG,2 Seasons,"Horror Movies, Romantic Movies",A gripping story that unfolds over time.,2020,January,,2.0,Horror Movies
s1959,Movie,Dark Kingdom,Director 343,"Actor 564, Actor 158",Spain,2009-02-13,2007,TV-MA,75 min,Action & Adventure,A gripping story that unfolds over time.,2009,February,75.0,,Action & Adventure
s1960,TV Show,Final Storm,Director 5,"Actor 723, Actor 707",South Korea,2008-06-01,2005,TV-MA,6 Seasons,Stand-Up Comedy,A gripping story that unfolds over time.,2008,June,,6.0,Stand-Up Comedy
s1961,TV Show,Dark City,Not Given,"Actor 903, Actor 815",Germany,2024-01-25,2024,TV-Y7,1 Seasons,Reality TV,A gripping story that unfolds over time.,2024,January,,1.0,Reality TV
s1962,Movie,Wild Signal,Not Given,"Actor 627, Actor 272",Italy,2024-08-04,2023,PG-13,101 min,Sci-Fi & Fantasy,A gripping story that unfolds over time.,2024,August,101.0,,Sci-Fi & Fantasy
s1963,TV Show,Hidden Journey,Director 364,"Actor 674, Actor 673",Mexico,2002-12-10,2000,TV-PG,8 Seasons,Thrillers,A gripping story that unfolds over time.,2002,December,,8.0,Thrillers
s1964,Movie,Rising Kingdom,Not Given,"Actor 83, Actor 204",Turkey,2025-02-02,2025,TV-Y7,144 min,International Movies,A gripping story that unfolds over time.,2025,February,144.0,,International Movies
s1965,TV Show,Final Kingdom,Not Given,"Actor 930, Actor 873",Nigeria,2019-11-25,2016,TV-Y7,5 Seasons,Sci-Fi & Fantasy,A gripping story that unfolds over time.,2019,November,,5.0,Sci-Fi & Fantasy
s1966,Movie,Silent Legacy,Director 298,"Actor 420, Actor 784",France,2018-03-01,2018,TV-14,147 min,"Sci-Fi & Fantasy, Anime Series",A gripping story that unfolds over time.,2018,March,147.0,,Sci-Fi & Fantasy
s1967,TV Show,Endless City,Director 227,"Actor 167, Actor 543",South Korea,2021-06-16,2021,TV-Y7,6 Seasons,"Documentaries, Romantic Movies",A gripping story that unfolds over time.,2021,June,,6.0,Documentaries
s1968,TV Show,Lost Dreams,Not Given,"Actor 953, Actor 298",India,2014-08-11,2012,PG-13,8 Seasons,Action & Adventure,A gripping story that unfolds over time.,2014,August,,8.0,Action & Adventure
s1969,Movie,Lost Empire,Director 417,"Actor 231, Actor 135",United States,2026-05-13,2025,TV-14,126 min,"International Movies, Horror Movies",A gripping story that unfolds over time.,2026,May,126.0,,International Movies
s1970,Movie,Secret Kingdom,Director 210,"Actor 704, Actor 300",South Korea,2014-07-04,2013,R,90 min,Action & Adventure,A gripping story that unfolds over time.,2014,July,90.0,,Action & Adventure
s1971,TV Show,Dark Kingdom,Director 304,"Actor 490, Actor 239",United States,2010-01-16,2009,TV-G,1 Seasons,"Stand-Up Comedy, Horror Movies",A gripping story that unfolds over time.,2010,January,,1.0,Stand-Up Comedy
s1972,Movie,Wild Shadows,Director 492,"Actor 408, Actor 508",United Kingdom,2003-12-16,2003,PG-13,124 min,"Documentaries, Children & Family Movies",A gripping story that unfolds over time.,2003,December,124.0,,Documentaries
s1973,Movie,Golden Heist,Director 260,"Actor 736, Actor 735",France,2015-01-11,2012,TV-MA,102 min,"Crime TV Shows, Kids' TV",A gripping story that unfolds over time.,2015,January,102.0,,Crime TV Shows
s1974,Movie,Final Empire,Not Given,"Actor 396, Actor 229",Brazil,2007-02-04,2007,TV-14,165 min,Action & Adventure,A gripping story that unfolds over time.,2007,February,165.0,,Action & Adventure
s1975,TV Show,Silent Chronicles,Director 441,"Actor 996, Actor 64",United States,2026-12-05,2025,TV-PG,8 Seasons,"Horror Movies, Anime Series",A gripping story that unfolds over time.,2026,December,,8.0,Horror Movies
s1976,Movie,Silent Dreams,Director 441,"Actor 905, Actor 947",United States,2023-04-24,2022,TV-14,72 min,"Crime TV Shows, Sci-Fi & Fantasy",A gripping story that unfolds over time.,2023,April,72.0,,Crime TV Shows
s1977,Movie,Last Shadows,Not Given,"Actor 885, Actor 688",Australia,2023-02-23,2021,TV-MA,106 min,"International Movies, Reality TV",A gripping story that unfolds over time.,2023,February,106.0,,International Movies
s1978,Movie,Lost Journey,Director 470,"Actor 540, Actor 862",United States,2019-06-13,2017,TV-14,71 min,Horror Movies,A gripping story that unfolds over time.,2019,June,71.0,,Horror Movies
s1979,TV Show,Lost Empire,Director 199,"Actor 429, Actor 752",United Kingdom,2015-10-13,2015,TV-14,2 Seasons,"International Movies, Anime Series",A gripping story that unfolds over time.,2015,October,,2.0,International Movies
s1980,Movie,Endless Legacy,Director 112,"Actor 303, Actor 818",South Korea,2013-06-23,2011,R,151 min,Children & Family Movies,A gripping story that unfolds over time.,2013,June,151.0,,Children & Family Movies
s1981,Movie,Dark City,Director 347,"Actor 787, Actor 976",South Korea,2013-05-02,2010,R,110 min,Comedies,A gripping story that unfolds over time.,2013,May,110.0,,Comedies
s1982,TV Show,Hidden City,Director 126,"Actor 219, Actor 245",United Kingdom,2004-02-27,2003,TV-PG,7 Seasons,Documentaries,A gripping story that unfolds over time.,2004,February,,7.0,Documentaries
s1983,TV Show,Forgotten Legacy,Not Given,"Actor 774, Actor 2",South Korea,2021-01-10,2020,PG-13,8 Seasons,Romantic Movies,A gripping story that unfolds over time.,2021,January,,8.0,Romantic Movies
s1984,Movie,Broken Legacy,Not Given,"Actor 498, Actor 960",United States,2022-04-12,2021,TV-PG,90 min,"Thrillers, Sci-Fi & Fantasy",A gripping story that unfolds over time.,2022,April,90.0,,Thrillers
s1985,Movie,Secret Heist,Director 247,"Actor 232, Actor 933",United States,2014-04-24,2011,PG,71 min,Kids' TV,A gripping story that unfolds over time.,2014,April,71.0,,Kids' TV
s1986,Movie,Hidden Shadows,Not Given,"Actor 502, Actor 925",United States,2023-09-11,2020,TV-G,112 min,Sci-Fi & Fantasy,A gripping story that unfolds over time.,2023,September,112.0,,Sci-Fi & Fantasy
s1987,TV Show,Secret Kingdom,Director 217,"Actor 714, Actor 790",India,2025-03-03,2024,TV-14,3 Seasons,Dramas,A gripping story that unfolds over time.,2025,March,,3.0,Dramas
s1988,TV Show,Forgotten Signal,Not Given,"Actor 954, Actor 850",Canada,2011-02-09,2009,TV-Y7,3 Seasons,Reality TV,A gripping story that unfolds over time.,2011,February,,3.0,Reality TV
s1989,TV Show,Endless Horizon,Director 347,"Actor 492, Actor 789",Canada,2018-11-20,2015,TV-MA,6 Seasons,"Children & Family Movies, International Movies",A gripping story that unfolds over time.,2018,November,,6.0,Children & Family Movies
s1990,Movie,Forgotten Storm,Director 51,"Actor 228, Actor 6",India,2015-05-27,2013,PG,103 min,Thrillers,A gripping story that unfolds over time.,2015,May,103.0,,Thrillers
s1991,TV Show,Silent Dreams,Director 371,"Actor 682, Actor 149",United States,2022-02-22,2022,TV-14,2 Seasons,"Anime Series, Documentaries",A gripping story that unfolds over time.,2022,February,,2.0,Anime Series
s1992,Movie,Lost Kingdom,Not Given,"Actor 56, Actor 912",United States,2021-09-14,2018,TV-Y7,88 min,"Crime TV Shows, International Movies",A gripping story that unfolds over time.,2021,September,88.0,,Crime TV Shows
s1993,Movie,Rising Storm,Director 141,"Actor 797, Actor 480",Spain,2007-04-06,2006,TV-MA,122 min,"Anime Series, Stand-Up Comedy",A gripping story that unfolds over time.,2007,April,122.0,,Anime Series
s1994,TV Show,Endless Empire,Director 202,"Actor 598, Actor 562",United Kingdom,2013-10-04,2010,TV-14,2 Seasons,"Kids' TV, Stand-Up Comedy",A gripping story that unfolds over time.,2013,October,,2.0,Kids' TV
s1995,Movie,Endless Kingdom,Director 94,"Actor 611, Actor 60",Japan,2026-01-01,2025,PG,104 min,"Kids' TV, Romantic Movies",A gripping story that unfolds over time.,2026,January,104.0,,Kids' TV
s1996,TV Show,Secret Dreams,Not Given,"Actor 669, Actor 421",Australia,2005-03-05,2005,TV-G,5 Season,"Documentaries, Sci-Fi & Fantasy",A gripping story that unfolds over time.,2005,March,,5.0,Documentaries
s1997,Movie,Wild Empire,Director 471,"Actor 866, Actor 513",Germany,2022-06-04,2020,R,88 min,Kids' TV,A gripping story that unfolds over time.,2022,June,88.0,,Kids' TV
s1998,TV Show,Lost Chronicles,Not Given,"Actor 301, Actor 634",Nigeria,2024-03-18,2023,R,3 Seasons,"Comedies, International Movies",A gripping story that unfolds over time.,2024,March,,3.0,Comedies
s1999,Movie,Hidden Heist,Director 11,"Actor 535, Actor 631",India,2022-03-26,2022,TV-MA,161 min,Stand-Up Comedy,A gripping story that unfolds over time.,2022,March,161.0,,Stand-Up Comedy
s2000,Movie,Forgotten City,Director 442,"Actor 65, Actor 267",Mexico,2014-03-15,2013,R,148 min,"Sci-Fi & Fantasy, International Movies",A gripping story that unfolds over time.,2014,March,148.0,,Sci-Fi & Fantasy
s2001,Movie,Golden Horizon,Director 460,"Actor 238, Actor 317",India,2002-07-16,2002,TV-14,78 min,"Reality TV, Thrillers",A gripping story that unfolds over time.,2002,July,78.0,,Reality TV
s2002,Movie,Wild Shadows,Director 101,"Actor 653, Actor 87",United States,2026-05-10,2025,R,79 min,"Crime TV Shows, Children & Family Movies",A gripping story that unfolds over time.,2026,May,79.0,,Crime TV Shows
s2003,Movie,Broken Dreams,Not Given,"Actor 20, Actor 800",India,2003-02-02,2003,TV-G,120 min,"Children & Family Movies, Reality TV",A gripping story that unfolds over time.,2003,February,120.0,,Children & Family Movies
s2004,Movie,Wild Legacy,Not Given,"Actor 167, Actor 269",India,2022-03-02,2020,TV-MA,157 min,"Kids' TV, Anime Series",A gripping story that unfolds over time.,2022,March,157.0,,Kids' TV
s2005,Movie,Final Heist,Director 374,"Actor 187, Actor 961",Canada,2014-11-16,2011,PG,166 min,Stand-Up Comedy,A gripping story that unfolds over time.,2014,November,166.0,,Stand-Up Comedy
s2006,TV Show,Dark Journey,Director 442,"Actor 730, Actor 460",United States,2010-05-02,2008,PG,5 Seasons,"Romantic Movies, Documentaries",A gripping story that unfolds over time.,2010,May,,5.0,Romantic Movies
s2007,Movie,Silent Shadows,Director 400,"Actor 840, Actor 506",Spain,2014-07-01,2012,PG,85 min,"Thrillers, Horror Movies",A gripping story that unfolds over time.,2014,July,85.0,,Thrillers
s2008,TV Show,Secret Horizon,Not Given,"Actor 678, Actor 699",Canada,2017-05-22,2014,TV-G,3 Seasons,"Thrillers, Romantic Movies",A gripping story that unfolds over time.,2017,May,,3.0,Thrillers
s2009,TV Show,Hidden Journey,Director 365,"Actor 859, Actor 582",United States,2025-05-11,2024,R,2 Seasons,"Action & Adventure, Children & Family Movies",A gripping story that unfolds over time.,2025,May,,2.0,Action & Adventure
s2010,Movie,Broken Kingdom,Director 144,"Actor 655, Actor 275",United States,2026-07-25,2025,TV-MA,81 min,"Thrillers, Dramas",A gripping story that unfolds over time.,2026,July,81.0,,Thrillers
s2011,Movie,Dark Empire,Director 255,"Actor 980, Actor 130",United States,2026-09-08,2025,TV-MA,124 min,"Comedies, Crime TV Shows",A gripping story that unfolds over time.,2026,September,124.0,,Comedies
s2012,Movie,Forgotten Shadows,Director 313,"Actor 21, Actor 823",Spain,2005-06-13,2003,R,152 min,Thrillers,A gripping story that unfolds over time.,2005,June,152.0,,Thrillers
s2013,Movie,Hidden Legacy,Director 200,"Actor 510, Actor 375",United States,2023-08-23,2023,TV-G,79 min,Comedies,A gripping story that unfolds over time.,2023,August,79.0,,Comedies
s2014,Movie,Silent Heist,Director 163,"Actor 475, Actor 581",United States,2026-01-15,2025,TV-14,72 min,"Sci-Fi & Fantasy, Crime TV Shows",A gripping story that unfolds over time.,2026,January,72.0,,Sci-Fi & Fantasy
s2015,TV Show,Silent Signal,Director 372,"Actor 920, Actor 624",India,2008-10-09,2005,PG-13,7 Seasons,Children & Family Movies,A gripping story that unfolds over time.,2008,October,,7.0,Children & Family Movies
s2016,Movie,Final Legacy,Director 217,"Actor 995, Actor 589",United States,2024-08-11,2024,TV-MA,140 min,Documentaries,A gripping story that unfolds over time.,2024,August,140.0,,Documentaries
s2017,TV Show,Broken Chronicles,Director 134,"Actor 975, Actor 52",United Kingdom,2018-06-14,2015,TV-MA,7 Seasons,Anime Series,A gripping story that unfolds over time.,2018,June,,7.0,Anime Series
s2018,Movie,Final Shadows,Director 348,"Actor 3, Actor 888",United States,2015-12-16,2012,PG-13,122 min,"Anime Series, Thrillers",A gripping story that unfolds over time.,2015,December,122.0,,Anime Series
s2019,Movie,Forgotten Empire,Director 424,"Actor 683, Actor 772",Brazil,2022-11-18,2019,PG-13,157 min,"International Movies, Thrillers",A gripping story that unfolds over time.,2022,November,157.0,,International Movies
s2020,Movie,Silent Horizon,Director 116,"Actor 238, Actor 681",United States,2014-12-25,2012,TV-G,118 min,"Comedies, Children & Family Movies",A gripping story that unfolds over time.,2014,December,118.0,,Comedies
s2021,Movie,Golden Signal,Director 135,"Actor 514, Actor 97",Spain,2019-12-24,2019,TV-G,109 min,"Anime Series, Sci-Fi & Fantasy",A gripping story that unfolds over time.,2019,December,109.0,,Anime Series
s2022,TV Show,Final Chronicles,Director 492,"Actor 634, Actor 676",South Korea,2013-07-20,2013,TV-14,5 Seasons,"Kids' TV, Dramas",A gripping story that unfolds over time.,2013,July,,5.0,Kids' TV
s2023,TV Show,Broken Dreams,Director 190,"Actor 146, Actor 522",India,2009-06-04,2009,R,7 Seasons,Documentaries,A gripping story that unfolds over time.,2009,June,,7.0,Documentaries
s2024,TV Show,Final Shadows,Director 143,"Actor 145, Actor 774",Australia,2004-05-05,2004,R,2 Seasons,Thrillers,A gripping story that unfolds over time.,2004,May,,2.0,Thrillers
s2025,Movie,Last Horizon,Not Given,"Actor 809, Actor 168",India,2010-05-06,2007,TV-14,140 min,Children & Family Movies,A gripping story that unfolds over time.,2010,May,140.0,,Children & Family Movies
s2026,Movie,Broken Signal,Director 165,"Actor 633, Actor 998",France,2022-12-18,2021,TV-PG,126 min,Sci-Fi & Fantasy,A gripping story that unfolds over time.,2022,December,126.0,,Sci-Fi & Fantasy
s2027,Movie,Dark Dreams,Not Given,"Actor 345, Actor 523",Canada,2025-09-19,2023,PG-13,104 min,"Sci-Fi & Fantasy, Documentaries",A gripping story that unfolds over time.,2025,September,104.0,,Sci-Fi & Fantasy
s2028,Movie,Endless Horizon,Not Given,"Actor 506, Actor 322",India,2022-12-08,2022,PG,166 min,"Anime Series, International Movies",A gripping story that unfolds over time.,2022,December,166.0,,Anime Series
s2029,Movie,Lost Kingdom,Not Given,"Actor 803, Actor 236",United States,2001-12-17,2001,TV-MA,155 min,"Reality TV, International Movies",A gripping story that unfolds over time.,2001,December,155.0,,Reality TV
s2030,Movie,Lost Legacy,Not Given,"Actor 87, Actor 674",United States,2021-07-08,2021,TV-MA,90 min,"Sci-Fi & Fantasy, Reality TV",A gripping story that unfolds over time.,2021,July,90.0,,Sci-Fi & Fantasy
s2031,TV Show,Golden Storm,Director 221,"Actor 610, Actor 142",Spain,2010-07-22,2010,PG,6 Seasons,Thrillers,A gripping story that unfolds over time.,2010,July,,6.0,Thrillers
s2032,Movie,Golden Kingdom,Director 357,"Actor 550, Actor 713",South Korea,2023-11-05,2020,TV-MA,125 min,Comedies,A gripping story that unfolds over time.,2023,November,125.0,,Comedies
s2033,Movie,Golden Chronicles,Director 373,"Actor 412, Actor 252",United States,2022-09-19,2020,TV-G,149 min,Documentaries,A gripping story that unfolds over time.,2022,September,149.0,,Documentaries
s2034,Movie,Lost City,Not Given,"Actor 812, Actor 158",Brazil,2022-08-08,2019,PG,84 min,Stand-Up Comedy,A gripping story that unfolds over time.,2022,August,84.0,,Stand-Up Comedy
s2035,TV Show,Hidden Signal,Director 375,"Actor 940, Actor 739",Germany,2014-02-19,2011,PG,1 Seasons,"Anime Series, Horror Movies",A gripping story that unfolds over time.,2014,February,,1.0,Anime Series
s2036,Movie,Wild Signal,Director 324,"Actor 461, Actor 970",Japan,2020-05-21,2020,TV-MA,115 min,"Crime TV Shows, Action & Adventure",A gripping story that unfolds over time.,2020,May,115.0,,Crime TV Shows
s2037,Movie,Golden Kingdom,Director 136,"Actor 372, Actor 646",United States,2007-06-15,2007,TV-MA,138 min,Comedies,A gripping story that unfolds over time.,2007,June,138.0,,Comedies
s2038,Movie,Dark Heist,Director 330,"Actor 47, Actor 746",United States,2004-08-27,2004,PG,157 min,"Romantic Movies, Children & Family Movies",A gripping story that unfolds over time.,2004,August,157.0,,Romantic Movies
s2039,TV Show,Wild Signal,Director 470,"Actor 167, Actor 638",Canada,2016-12-09,2013,TV-PG,4 Seasons,Anime Series,A gripping story that unfolds over time.,2016,December,,4.0,Anime Series
s2040,Movie,Lost Journey,Not Given,"Actor 19, Actor 413",United States,2003-08-10,2001,TV-Y7,169 min,Stand-Up Comedy,A gripping story that unfolds over time.,2003,August,169.0,,Stand-Up Comedy
s2041,Movie,Rising Signal,Director 323,"Actor 89, Actor 987",Nigeria,2024-05-13,2022,PG,82 min,"Children & Family Movies, Romantic Movies",A gripping story that unfolds over time.,2024,May,82.0,,Children & Family Movies
s2042,TV Show,Last Dreams,Not Given,"Actor 341, Actor 59",Mexico,2023-03-02,2023,TV-MA,7 Seasons,Sci-Fi & Fantasy,A gripping story that unfolds over time.,2023,March,,7.0,Sci-Fi & Fantasy
s2043,TV Show,Endless City,Director 457,"Actor 153, Actor 217",Spain,2003-02-09,2000,TV-G,8 Seasons,"Horror Movies, International Movies",A gripping story that unfolds over time.,2003,February,,8.0,Horror Movies
s2044,Movie,Endless Chronicles,Not Given,"Actor 709, Actor 214",Canada,2015-06-08,2014,PG,101 min,International Movies,A gripping story that unfolds over time.,2015,June,101.0,,International Movies
s2045,Movie,Lost Kingdom,Director 302,"Actor 883, Actor 872",United States,2008-05-13,2007,PG,108 min,"Reality TV, Stand-Up Comedy",A gripping story that unfolds over time.,2008,May,108.0,,Reality TV
s2046,Movie,Final Empire,Director 424,"Actor 414, Actor 418",Nigeria,2011-07-14,2009,TV-MA,112 min,"Comedies, Horror Movies",A gripping story that unfolds over time.,2011,July,112.0,,Comedies
s2047,Movie,Silent Horizon,Director 175,"Actor 765, Actor 945",South Korea,2018-03-24,2015,TV-Y7,72 min,Horror Movies,A gripping story that unfolds over time.,2018,March,72.0,,Horror Movies
s2048,TV Show,Forgotten Chronicles,Director 371,"Actor 878, Actor 836",Brazil,2010-08-21,2010,PG,5 Seasons,"Comedies, Anime Series",A gripping story that unfolds over time.,2010,August,,5.0,Comedies
s2049,TV Show,Rising Signal,Director 126,"Actor 825, Actor 77",United States,2016-11-07,2016,TV-14,3 Seasons,"Romantic Movies, Comedies",A gripping story that unfolds over time.,2016,November,,3.0,Romantic Movies
s2050,Movie,Lost Storm,Director 440,"Actor 215, Actor 164",India,2016-07-10,2016,TV-Y7,99 min,Documentaries,A gripping story that unfolds over time.,2016,July,99.0,,Documentaries
s2051,TV Show,Silent City,Director 377,"Actor 975, Actor 81",United States,2002-11-02,2002,TV-PG,1 Seasons,Horror Movies,A gripping story that unfolds over time.,2002,November,,1.0,Horror Movies
s2052,Movie,Secret Legacy,Director 386,"Actor 342, Actor 317",United States,2007-12-09,2005,PG,155 min,"Sci-Fi & Fantasy, Kids' TV",A gripping story that unfolds over time.,2007,December,155.0,,Sci-Fi & Fantasy
s2053,Movie,Silent Signal,Director 318,"Actor 394, Actor 379",South Korea,2017-01-01,2014,TV-PG,139 min,"Documentaries, Crime TV Shows",A gripping story that unfolds over time.,2017,January,139.0,,Documentaries
s2054,Movie,Dark City,Director 323,"Actor 556, Actor 628",India,2024-05-14,2022,TV-G,113 min,"International Movies, Horror Movies",A gripping story that unfolds over time.,2024,May,113.0,,International Movies
s2055,Movie,Hidden City,Director 448,"Actor 788, Actor 571",Mexico,2010-04-21,2010,R,115 min,"Romantic Movies, International Movies",A gripping story that unfolds over time.,2010,April,115.0,,Romantic Movies
s2056,TV Show,Forgotten Chronicles,Director 400,"Actor 183, Actor 676",United States,2024-09-08,2024,R,1 Seasons,"Comedies, Kids' TV",A gripping story that unfolds over time.,2024,September,,1.0,Comedies
s2057,Movie,Broken City,Director 463,"Actor 507, Actor 334",France,2012-03-03,2009,TV-14,78 min,"Romantic Movies, Horror Movies",A gripping story that unfolds over time.,2012,March,78.0,,Romantic Movies
s2058,TV Show,Dark City,Director 134,"Actor 944, Actor 940",United States,2011-04-15,2008,TV-Y7,2 Seasons,"Comedies, Documentaries",A gripping story that unfolds over time.,2011,April,,2.0,Comedies
s2059,Movie,Endless Shadows,Not Given,"Actor 899, Actor 905",United States,2022-12-10,2022,PG,98 min,"Anime Series, Dramas",A gripping story that unfolds over time.,2022,December,98.0,,Anime Series
s2060,Movie,Lost Kingdom,Director 260,"Actor 230, Actor 802",United States,2022-11-17,2022,TV-G,116 min,Thrillers,A gripping story that unfolds over time.,2022,November,116.0,,Thrillers
s2061,Movie,Final Horizon,Director 176,"Actor 364, Actor 854",United States,2015-08-21,2015,PG,101 min,Sci-Fi & Fantasy,A gripping story that unfolds over time.,2015,August,101.0,,Sci-Fi & Fantasy
s2062,Movie,Broken Empire,Director 464,"Actor 428, Actor 914",Mexico,2022-01-24,2020,TV-PG,80 min,Dramas,A gripping story that unfolds over time.,2022,January,80.0,,Dramas
s2063,Movie,Final Horizon,Director 294,"Actor 326, Actor 203",Nigeria,2014-10-17,2011,TV-G,138 min,"Crime TV Shows, Action & Adventure",A gripping story that unfolds over time.,2014,October,138.0,,Crime TV Shows
s2064,Movie,Hidden Horizon,Director 212,"Actor 656, Actor 456",Japan,2011-05-12,2010,PG-13,75 min,"Stand-Up Comedy, Anime Series",A gripping story that unfolds over time.,2011,May,75.0,,Stand-Up Comedy
s2065,TV Show,Endless Empire,Director 167,"Actor 533, Actor 165",Australia,2017-11-02,2015,TV-PG,4 Seasons,Stand-Up Comedy,A gripping story that unfolds over time.,2017,November,,4.0,Stand-Up Comedy
s2066,Movie,Lost Dreams,Director 22,"Actor 276, Actor 861",Nigeria,2021-05-25,2019,TV-G,108 min,Documentaries,A gripping story that unfolds over time.,2021,May,108.0,,Documentaries
s2067,Movie,Wild Chronicles,Director 185,"Actor 457, Actor 741",South Korea,2019-05-06,2017,TV-Y7,164 min,Documentaries,A gripping story that unfolds over time.,2019,May,164.0,,Documentaries
s2068,Movie,Last Signal,Not Given,"Actor 548, Actor 857",Spain,2007-05-03,2006,PG-13,167 min,"International Movies, Comedies",A gripping story that unfolds over time.,2007,May,167.0,,International Movies
s2069,Movie,Dark Shadows,Director 43,"Actor 79, Actor 501",Spain,2009-10-21,2006,PG,91 min,Sci-Fi & Fantasy,A gripping story that unfolds over time.,2009,October,91.0,,Sci-Fi & Fantasy
s2070,Movie,Golden Legacy,Not Given,"Actor 820, Actor 419",United States,2017-10-02,2014,TV-PG,164 min,Documentaries,A gripping story that unfolds over time.,2017,October,164.0,,Documentaries
s2071,Movie,Broken Heist,Director 465,"Actor 236, Actor 20",Spain,2009-10-08,2009,PG,71 min,"Comedies, Action & Adventure",A gripping story that unfolds over time.,2009,October,71.0,,Comedies
s2072,TV Show,Endless Kingdom,Director 298,"Actor 445, Actor 105",United States,2021-09-19,2019,TV-Y7,2 Seasons,Kids' TV,A gripping story that unfolds over time.,2021,September,,2.0,Kids' TV
s2073,Movie,Forgotten Journey,Director 105,"Actor 353, Actor 87",Canada,2026-01-27,2025,TV-PG,82 min,International Movies,A gripping story that unfolds over time.,2026,January,82.0,,International Movies
s2074,Movie,Hidden Shadows,Director 486,"Actor 718, Actor 546",Canada,2015-07-22,2014,R,168 min,"Kids' TV, Crime TV Shows",A gripping story that unfolds over time.,2015,July,168.0,,Kids' TV
s2075,TV Show,Golden Shadows,Director 496,"Actor 362, Actor 719",United States,2005-08-05,2005,TV-G,1 Seasons,Documentaries,A gripping story that unfolds over time.,2005,August,,1.0,Documentaries
s2076,Movie,Final Storm,Not Given,"Actor 267, Actor 292",United States,2010-09-14,2010,TV-MA,91 min,International Movies,A gripping story that unfolds over time.,2010,September,91.0,,International Movies
s2077,Movie,Lost Horizon,Director 258,"Actor 499, Actor 518",Turkey,2021-12-03,2019,TV-G,83 min,"Children & Family Movies, Kids' TV",A gripping story that unfolds over time.,2021,December,83.0,,Children & Family Movies
s2078,Movie,Broken Dreams,Not Given,"Actor 613, Actor 438",Mexico,2008-07-27,2006,TV-Y7,167 min,"Comedies, Anime Series",A gripping story that unfolds over time.,2008,July,167.0,,Comedies
s2079,TV Show,Lost Horizon,Not Given,"Actor 467, Actor 254",Mexico,2003-08-01,2002,TV-MA,3 Seasons,Kids' TV,A gripping story that unfolds over time.,2003,August,,3.0,Kids' TV
s2080,Movie,Secret Signal,Director 473,"Actor 478, Actor 235",Japan,2014-07-26,2012,PG,143 min,Kids' TV,A gripping story that unfolds over time.,2014,July,143.0,,Kids' TV
s2081,Movie,Lost Horizon,Not Given,"Actor 726, Actor 26",United States,2017-08-02,2015,TV-14,97 min,"Reality TV, Romantic Movies",A gripping story that unfolds over time.,2017,August,97.0,,Reality TV
s2082,TV Show,Broken Journey,Director 240,"Actor 755, Actor 665",Spain,2021-09-09,2021,TV-MA,4 Seasons,Reality TV,A gripping story that unfolds over time.,2021,September,,4.0,Reality TV
s2083,Movie,Endless Dreams,Not Given,"Actor 849, Actor 437",United States,2021-09-06,2018,TV-G,114 min,International Movies,A gripping story that unfolds over time.,2021,September,114.0,,International Movies
s2084,Movie,Rising Horizon,Director 203,"Actor 33, Actor 211",United States,2008-07-13,2008,TV-G,140 min,International Movies,A gripping story that unfolds over time.,2008,July,140.0,,International Movies
s2085,Movie,Wild Storm,Not Given,"Actor 191, Actor 214",United States,2017-12-15,2015,TV-PG,139 min,Horror Movies,A gripping story that unfolds over time.,2017,December,139.0,,Horror Movies
s2086,Movie,Secret Empire,Director 98,"Actor 358, Actor 186",Brazil,2015-09-21,2013,TV-MA,76 min,"Action & Adventure, Dramas",A gripping story that unfolds over time.,2015,September,76.0,,Action & Adventure
s2087,TV Show,Endless Journey,Not Given,"Actor 838, Actor 582",India,2002-07-02,2001,TV-PG,1 Seasons,"Comedies, Sci-Fi & Fantasy",A gripping story that unfolds over time.,2002,July,,1.0,Comedies
s2088,Movie,Rising City,Director 330,"Actor 199, Actor 810",Mexico,2019-09-05,2019,TV-Y7,99 min,Thrillers,A gripping story that unfolds over time.,2019,September,99.0,,Thrillers
s2089,Movie,Secret City,Director 9,"Actor 520, Actor 521",India,2009-07-24,2007,PG-13,99 min,"Romantic Movies, Sci-Fi & Fantasy",A gripping story that unfolds over time.,2009,July,99.0,,Romantic Movies
s2090,TV Show,Dark Storm,Director 323,"Actor 513, Actor 7",Australia,2009-06-09,2008,TV-Y7,8 Seasons,Horror Movies,A gripping story that unfolds over time.,2009,June,,8.0,Horror Movies
s2091,Movie,Golden Journey,Director 97,"Actor 283, Actor 247",Canada,2014-02-03,2013,PG-13,82 min,Crime TV Shows,A gripping story that unfolds over time.,2014,February,82.0,,Crime TV Shows
s2092,TV Show,Rising Horizon,Director 280,"Actor 833, Actor 348",India,2012-11-16,2012,R,3 Seasons,Dramas,A gripping story that unfolds over time.,2012,November,,3.0,Dramas
s2093,TV Show,Dark Storm,Director 433,"Actor 429, Actor 252",India,2021-03-08,2020,TV-14,3 Seasons,"Children & Family Movies, Action & Adventure",A gripping story that unfolds over time.,2021,March,,3.0,Children & Family Movies
s2094,Movie,Broken Chronicles,Director 426,"Actor 295, Actor 952",United States,2021-09-21,2019,TV-MA,94 min,Reality TV,A gripping story that unfolds over time.,2021,September,94.0,,Reality TV
s2095,TV Show,Hidden Horizon,Not Given,"Actor 112, Actor 308",United States,2025-05-02,2025,TV-PG,1 Seasons,Dramas,A gripping story that unfolds over time.,2025,May,,1.0,Dramas
s2096,Movie,Broken Journey,Director 182,"Actor 471, Actor 812",Mexico,2016-09-01,2014,PG-13,125 min,Romantic Movies,A gripping story that unfolds over time.,2016,September,125.0,,Romantic Movies
s2097,TV Show,Silent Shadows,Director 292,"Actor 648, Actor 83",Mexico,2020-09-10,2019,R,8 Seasons,"Thrillers, Anime Series",A gripping story that unfolds over time.,2020,September,,8.0,Thrillers
s2098,TV Show,Secret Kingdom,Director 439,"Actor 335, Actor 509",Canada,2025-03-24,2025,TV-Y7,1 Season,Horror Movies,A gripping story that unfolds over time.,2025,March,,1.0,Horror Movies
s2099,Movie,Forgotten Horizon,Director 261,"Actor 574, Actor 512",United States,2016-02-08,2014,TV-PG,76 min,"Children & Family Movies, International Movies",A gripping story that unfolds over time.,2016,February,76.0,,Children & Family Movies
s2100,TV Show,Secret Dreams,Not Given,"Actor 302, Actor 297",United States,2026-12-11,2024,PG-13,6 Seasons,"Anime Series, Kids' TV",A gripping story that unfolds over time.,2026,December,,6.0,Anime Series
s2101,Movie,Golden Dreams,Not Given,"Actor 23, Actor 254",France,2022-03-10,2019,TV-Y7,165 min,"Stand-Up Comedy, Dramas",A gripping story that unfolds over time.,2022,March,165.0,,Stand-Up Comedy
s2102,TV Show,Forgotten Chronicles,Director 125,"Actor 691, Actor 327",Brazil,2020-10-03,2018,PG-13,8 Season,"Action & Adventure, Romantic Movies",A gripping story that unfolds over time.,2020,October,,8.0,Action & Adventure
s2103,Movie,Lost Signal,Director 357,"Actor 550, Actor 710",United States,2021-01-17,2018,TV-Y7,148 min,"Comedies, Reality TV",A gripping story that unfolds over time.,2021,January,148.0,,Comedies
s2104,Movie,Last City,Director 185,"Actor 456, Actor 567",United States,2006-05-05,2003,R,120 min,Anime Series,A gripping story that unfolds over time.,2006,May,120.0,,Anime Series
s2105,Movie,Lost Shadows,Director 161,"Actor 876, Actor 118",United States,2011-12-15,2009,TV-Y7,128 min,Crime TV Shows,A gripping story that unfolds over time.,2011,December,128.0,,Crime TV Shows
s2106,Movie,Secret Empire,Director 294,"Actor 827, Actor 28",United States,2022-10-26,2019,TV-14,72 min,"Stand-Up Comedy, Sci-Fi & Fantasy",A gripping story that unfolds over time.,2022,October,72.0,,Stand-Up Comedy
s2107,TV Show,Secret Legacy,Director 337,"Actor 287, Actor 631",United States,2001-09-23,2000,TV-MA,8 Seasons,"Children & Family Movies, Romantic Movies",A gripping story that unfolds over time.,2001,September,,8.0,Children & Family Movies
s2108,Movie,Final Horizon,Not Given,"Actor 443, Actor 997",United States,2019-11-11,2017,TV-Y7,137 min,"Horror Movies, Sci-Fi & Fantasy",A gripping story that unfolds over time.,2019,November,137.0,,Horror Movies
s2109,TV Show,Wild Dreams,Director 328,"Actor 408, Actor 148",Turkey,2021-09-22,2019,PG,2 Seasons,"Comedies, Crime TV Shows",A gripping story that unfolds over time.,2021,September,,2.0,Comedies
s2110,Movie,Dark Storm,Not Given,"Actor 894, Actor 315",United States,2006-02-10,2003,TV-G,135 min,Sci-Fi & Fantasy,A gripping story that unfolds over time.,2006,February,135.0,,Sci-Fi & Fantasy
s2111,Movie,Wild Journey,Not Given,"Actor 987, Actor 111",Australia,2017-01-11,2017,R,104 min,Anime Series,A gripping story that unfolds over time.,2017,January,104.0,,Anime Series
s2112,Movie,Secret City,Not Given,"Actor 496, Actor 1",United Kingdom,2022-06-16,2020,R,125 min,Romantic Movies,A gripping story that unfolds over time.,2022,June,125.0,,Romantic Movies
s2113,Movie,Hidden Heist,Director 40,"Actor 102, Actor 369",Japan,2015-09-14,2014,TV-MA,126 min,"Children & Family Movies, Thrillers",A gripping story that unfolds over time.,2015,September,126.0,,Children & Family Movies
s2114,Movie,Lost Empire,Not Given,"Actor 620, Actor 382",Mexico,2010-04-25,2009,TV-MA,76 min,Comedies,A gripping story that unfolds over time.,2010,April,76.0,,Comedies
s2115,Movie,Broken Heist,Director 105,"Actor 190, Actor 751",United States,2012-06-11,2012,PG,115 min,"Comedies, Action & Adventure",A gripping story that unfolds over time.,2012,June,115.0,,Comedies
s2116,TV Show,Last Dreams,Director 410,"Actor 397, Actor 275",Japan,2009-11-10,2006,PG,3 Season,"Kids' TV, Reality TV",A gripping story that unfolds over time.,2009,November,,3.0,Kids' TV
s2117,Movie,Silent Storm,Not Given,"Actor 958, Actor 115",India,2017-11-02,2014,TV-Y7,70 min,"International Movies, Crime TV Shows",A gripping story that unfolds over time.,2017,November,70.0,,International Movies
s2118,Movie,Dark Chronicles,Director 395,"Actor 950, Actor 977",United States,2002-07-10,2002,PG,159 min,Reality TV,A gripping story that unfolds over time.,2002,July,159.0,,Reality TV
s2119,Movie,Wild Storm,Director 51,"Actor 849, Actor 823",United States,2017-07-21,2016,TV-G,90 min,"Reality TV, Thrillers",A gripping story that unfolds over time.,2017,July,90.0,,Reality TV
s2120,Movie,Dark Shadows,Director 250,"Actor 148, Actor 566",United States,2000-06-09,2000,TV-Y7,167 min,"Reality TV, Romantic Movies",A gripping story that unfolds over time.,2000,June,167.0,,Reality TV
s2121,Movie,Dark Shadows,Director 309,"Actor 984, Actor 4",India,2023-09-13,2021,TV-G,76 min,"Crime TV Shows, Children & Family Movies",A gripping story that unfolds over time.,2023,September,76.0,,Crime TV Shows
s2122,Movie,Dark City,Director 97,"Actor 2, Actor 999",United States,2008-06-05,2007,TV-Y7,161 min,"Crime TV Shows, Dramas",A gripping story that unfolds over time.,2008,June,161.0,,Crime TV Shows
s2123,TV Show,Last Legacy,Not Given,"Actor 809, Actor 40",France,2021-10-07,2018,PG,3 Seasons,"Reality TV, Crime TV Shows",A gripping story that unfolds over time.,2021,October,,3.0,Reality TV
s2124,TV Show,Broken Kingdom,Not Given,"Actor 164, Actor 377",United States,2026-04-03,2024,TV-PG,6 Season,Thrillers,A gripping story that unfolds over time.,2026,April,,6.0,Thrillers
s2125,Movie,Wild Heist,Director 70,"Actor 47, Actor 117",United States,2023-10-14,2021,TV-14,116 min,Thrillers,A gripping story that unfolds over time.,2023,October,116.0,,Thrillers
s2126,TV Show,Hidden Empire,Director 359,"Actor 86, Actor 765",Nigeria,2017-04-27,2014,TV-Y7,6 Season,"Crime TV Shows, Children & Family Movies",A gripping story that unfolds over time.,2017,April,,6.0,Crime TV Shows
s2127,Movie,Wild Kingdom,Director 256,"Actor 450, Actor 721",United States,2014-04-17,2013,TV-PG,113 min,"Thrillers, Crime TV Shows",A gripping story that unfolds over time.,2014,April,113.0,,Thrillers
s2128,Movie,Secret City,Director 41,"Actor 445, Actor 869",Mexico,2013-11-11,2012,PG,117 min,"Kids' TV, Anime Series",A gripping story that unfolds over time.,2013,November,117.0,,Kids' TV
s2129,TV Show,Wild Shadows,Director 252,"Actor 166, Actor 368",United Kingdom,2026-09-27,2024,TV-PG,6 Seasons,International Movies,A gripping story that unfolds over time.,2026,September,,6.0,International Movies
s2130,TV Show,Golden Legacy,Director 471,"Actor 376, Actor 365",Brazil,2022-12-08,2021,TV-PG,6 Seasons,"Sci-Fi & Fantasy, Documentaries",A gripping story that unfolds over time.,2022,December,,6.0,Sci-Fi & Fantasy
s2131,TV Show,Secret Kingdom,Director 422,"Actor 89, Actor 332",France,2003-06-15,2002,TV-Y7,7 Seasons,"Sci-Fi & Fantasy, Comedies",A gripping story that unfolds over time.,2003,June,,7.0,Sci-Fi & Fantasy
s2132,Movie,Dark Empire,Director 22,"Actor 299, Actor 574",South Korea,2008-11-22,2005,TV-G,120 min,"Comedies, Documentaries",A gripping story that unfolds over time.,2008,November,120.0,,Comedies
s2133,Movie,Silent City,Director 103,"Actor 699, Actor 833",Nigeria,2008-05-18,2006,PG,105 min,International Movies,A gripping story that unfolds over time.,2008,May,105.0,,International Movies
s2134,Movie,Hidden Legacy,Director 442,"Actor 981, Actor 228",Australia,2018-07-24,2015,PG-13,130 min,Reality TV,A gripping story that unfolds over time.,2018,July,130.0,,Reality TV
s2135,Movie,Hidden Chronicles,Director 304,"Actor 994, Actor 80",United States,2002-04-18,2000,PG,145 min,"Anime Series, Kids' TV",A gripping story that unfolds over time.,2002,April,145.0,,Anime Series
s2136,TV Show,Broken Signal,Director 263,"Actor 414, Actor 818",Brazil,2015-01-20,2012,PG,4 Seasons,"Comedies, Thrillers",A gripping story that unfolds over time.,2015,January,,4.0,Comedies
s2137,Movie,Wild Shadows,Director 272,"Actor 888, Actor 856",Canada,2024-05-27,2024,TV-MA,141 min,"Dramas, International Movies",A gripping story that unfolds over time.,2024,May,141.0,,Dramas
s2138,Movie,Silent Kingdom,Not Given,"Actor 621, Actor 157",United States,2019-11-21,2018,TV-14,78 min,"Crime TV Shows, Action & Adventure",A gripping story that unfolds over time.,2019,November,78.0,,Crime TV Shows
s2139,Movie,Wild City,Not Given,"Actor 232, Actor 723",United States,2013-07-16,2010,TV-14,102 min,Romantic Movies,A gripping story that unfolds over time.,2013,July,102.0,,Romantic Movies
s2140,Movie,Forgotten Dreams,Director 59,"Actor 752, Actor 47",South Korea,2008-02-07,2006,TV-G,102 min,"Documentaries, Anime Series",A gripping story that unfolds over time.,2008,February,102.0,,Documentaries
s2141,TV Show,Rising City,Director 123,"Actor 10, Actor 592",Mexico,2008-05-07,2006,PG-13,1 Seasons,"Reality TV, Kids' TV",A gripping story that unfolds over time.,2008,May,,1.0,Reality TV
s2142,Movie,Last Journey,Not Given,"Actor 880, Actor 641",United Kingdom,2020-08-19,2020,PG-13,158 min,"Dramas, Romantic Movies",A gripping story that unfolds over time.,2020,August,158.0,,Dramas
s2143,Movie,Last Kingdom,Director 311,"Actor 263, Actor 206",Nigeria,2025-10-09,2022,TV-14,93 min,"Thrillers, Action & Adventure",A gripping story that unfolds over time.,2025,October,93.0,,Thrillers
s2144,Movie,Endless Signal,Director 450,"Actor 915, Actor 525",United States,2003-11-10,2003,PG,143 min,"Crime TV Shows, Dramas",A gripping story that unfolds over time.,2003,November,143.0,,Crime TV Shows
s2145,Movie,Forgotten Signal,Director 279,"Actor 144, Actor 740",Brazil,2018-08-12,2015,PG,149 min,Dramas,A gripping story that unfolds over time.,2018,August,149.0,,Dramas
s2146,Movie,Secret Storm,Director 440,"Actor 296, Actor 942",India,2009-05-13,2006,R,168 min,Horror Movies,A gripping story that unfolds over time.,2009,May,168.0,,Horror Movies
s2147,Movie,Rising City,Not Given,"Actor 21, Actor 387",Japan,2024-04-21,2023,PG-13,89 min,"International Movies, Thrillers",A gripping story that unfolds over time.,2024,April,89.0,,International Movies
s2148,TV Show,Silent City,Director 32,"Actor 64, Actor 154",Canada,2012-05-05,2012,R,1 Seasons,Reality TV,A gripping story that unfolds over time.,2012,May,,1.0,Reality TV
s2149,Movie,Lost Empire,Director 181,"Actor 475, Actor 483",Turkey,2004-01-21,2003,TV-PG,165 min,"International Movies, Thrillers",A gripping story that unfolds over time.,2004,January,165.0,,International Movies
s2150,Movie,Dark Storm,Director 52,"Actor 11, Actor 823",India,2015-04-24,2013,TV-PG,111 min,"Horror Movies, Reality TV",A gripping story that unfolds over time.,2015,April,111.0,,Horror Movies
s2151,TV Show,Dark City,Director 461,"Actor 356, Actor 219",United States,2008-07-15,2005,PG-13,1 Seasons,"Stand-Up Comedy, Children & Family Movies",A gripping story that unfolds over time.,2008,July,,1.0,Stand-Up Comedy
s2152,TV Show,Dark City,Director 480,"Actor 878, Actor 134",United States,2013-09-14,2011,TV-14,2 Seasons,Action & Adventure,A gripping story that unfolds over time.,2013,September,,2.0,Action & Adventure
s2153,Movie,Lost Dreams,Not Given,"Actor 551, Actor 599",Germany,2014-07-27,2011,PG-13,155 min,"Stand-Up Comedy, Sci-Fi & Fantasy",A gripping story that unfolds over time.,2014,July,155.0,,Stand-Up Comedy
s2154,TV Show,Lost Horizon,Not Given,"Actor 781, Actor 513",India,2021-10-11,2020,PG,7 Seasons,Documentaries,A gripping story that unfolds over time.,2021,October,,7.0,Documentaries
s2155,TV Show,Hidden Empire,Director 141,"Actor 541, Actor 525",Australia,2018-05-26,2018,PG,3 Seasons,"Dramas, Documentaries",A gripping story that unfolds over time.,2018,May,,3.0,Dramas
s2156,Movie,Dark Signal,Director 314,"Actor 602, Actor 866",Japan,2025-10-02,2022,TV-G,79 min,"Action & Adventure, Thrillers",A gripping story that unfolds over time.,2025,October,79.0,,Action & Adventure
s2157,TV Show,Lost Kingdom,Director 441,"Actor 813, Actor 561",India,2017-01-10,2017,TV-PG,4 Seasons,"Reality TV, Stand-Up Comedy",A gripping story that unfolds over time.,2017,January,,4.0,Reality TV
s2158,Movie,Rising Legacy,Director 209,"Actor 23, Actor 326",India,2025-04-13,2025,TV-Y7,84 min,Thrillers,A gripping story that unfolds over time.,2025,April,84.0,,Thrillers
s2159,Movie,Dark Chronicles,Not Given,"Actor 246, Actor 60",United States,2023-07-14,2023,TV-PG,87 min,"Reality TV, Documentaries",A gripping story that unfolds over time.,2023,July,87.0,,Reality TV
s2160,TV Show,Endless Heist,Director 94,"Actor 126, Actor 956",United States,2012-08-26,2010,TV-14,6 Seasons,Sci-Fi & Fantasy,A gripping story that unfolds over time.,2012,August,,6.0,Sci-Fi & Fantasy
s2161,Movie,Endless Dreams,Director 135,"Actor 203, Actor 35",Australia,2011-07-12,2011,TV-14,90 min,Comedies,A gripping story that unfolds over time.,2011,July,90.0,,Comedies
s2162,Movie,Endless Chronicles,Not Given,"Actor 159, Actor 150",South Korea,2024-06-14,2024,PG,167 min,Romantic Movies,A gripping story that unfolds over time.,2024,June,167.0,,Romantic Movies
s2163,TV Show,Hidden Legacy,Director 475,"Actor 525, Actor 574",Nigeria,2024-03-14,2023,TV-14,2 Seasons,International Movies,A gripping story that unfolds over time.,2024,March,,2.0,International Movies
s2164,Movie,Rising Journey,Director 155,"Actor 794, Actor 271",Spain,2019-07-18,2017,TV-G,125 min,"Crime TV Shows, Action & Adventure",A gripping story that unfolds over time.,2019,July,125.0,,Crime TV Shows
s2165,Movie,Silent Empire,Not Given,"Actor 27, Actor 673",United States,2007-09-23,2006,PG,121 min,"Action & Adventure, Children & Family Movies",A gripping story that unfolds over time.,2007,September,121.0,,Action & Adventure
s2166,Movie,Golden City,Not Given,"Actor 654, Actor 4",United Kingdom,2008-10-24,2007,PG-13,167 min,International Movies,A gripping story that unfolds over time.,2008,October,167.0,,International Movies
s2167,TV Show,Silent City,Director 54,"Actor 172, Actor 302",Brazil,2009-11-10,2009,TV-G,8 Seasons,Thrillers,A gripping story that unfolds over time.,2009,November,,8.0,Thrillers
s2168,Movie,Secret Heist,Director 235,"Actor 800, Actor 386",Mexico,2015-04-18,2013,TV-PG,123 min,Children & Family Movies,A gripping story that unfolds over time.,2015,April,123.0,,Children & Family Movies
s2169,Movie,Dark Kingdom,Director 401,"Actor 353, Actor 572",United Kingdom,2017-04-02,2017,TV-Y7,130 min,Horror Movies,A gripping story that unfolds over time.,2017,April,130.0,,Horror Movies
s2170,Movie,Lost City,Not Given,"Actor 467, Actor 241",Spain,2012-06-01,2009,TV-PG,114 min,"Reality TV, Horror Movies",A gripping story that unfolds over time.,2012,June,114.0,,Reality TV
s2171,Movie,Broken Empire,Director 209,"Actor 753, Actor 874",United States,2022-08-13,2020,R,154 min,Crime TV Shows,A gripping story that unfolds over time.,2022,August,154.0,,Crime TV Shows
s2172,Movie,Wild Storm,Not Given,"Actor 135, Actor 766",United States,2005-09-17,2003,R,89 min,Crime TV Shows,A gripping story that unfolds over time.,2005,September,89.0,,Crime TV Shows
s2173,Movie,Golden Heist,Not Given,"Actor 847, Actor 877",Nigeria,2021-12-06,2021,TV-14,139 min,Action & Adventure,A gripping story that unfolds over time.,2021,December,139.0,,Action & Adventure
s2174,Movie,Endless Horizon,Director 301,"Actor 429, Actor 402",United States,2006-01-14,2005,TV-Y7,166 min,"Stand-Up Comedy, Documentaries",A gripping story that unfolds over time.,2006,January,166.0,,Stand-Up Comedy
s2175,Movie,Secret Chronicles,Director 121,"Actor 216, Actor 509",United States,2023-08-14,2022,TV-G,126 min,"Kids' TV, Anime Series",A gripping story that unfolds over time.,2023,August,126.0,,Kids' TV
s2176,TV Show,Wild Dreams,Not Given,"Actor 708, Actor 821",Spain,2005-03-08,2004,TV-Y7,4 Seasons,International Movies,A gripping story that unfolds over time.,2005,March,,4.0,International Movies
s2177,TV Show,Secret Shadows,Not Given,"Actor 210, Actor 447",United States,2020-05-10,2020,TV-G,3 Seasons,"Documentaries, Anime Series",A gripping story that unfolds over time.,2020,May,,3.0,Documentaries
s2178,Movie,Rising Chronicles,Not Given,"Actor 791, Actor 633",United States,2008-01-19,2008,TV-PG,161 min,Children & Family Movies,A gripping story that unfolds over time.,2008,January,161.0,,Children & Family Movies
s2179,Movie,Wild Kingdom,Not Given,"Actor 834, Actor 96",Canada,2011-03-09,2010,TV-Y7,159 min,Stand-Up Comedy,A gripping story that unfolds over time.,2011,March,159.0,,Stand-Up Comedy
s2180,Movie,Forgotten Legacy,Director 412,"Actor 319, Actor 935",United Kingdom,2014-12-12,2012,PG,124 min,Dramas,A gripping story that unfolds over time.,2014,December,124.0,,Dramas
s2181,TV Show,Silent Legacy,Director 118,"Actor 467, Actor 856",South Korea,2017-11-11,2014,TV-G,3 Seasons,Dramas,A gripping story that unfolds over time.,2017,November,,3.0,Dramas
s2182,Movie,Final Empire,Director 248,"Actor 641, Actor 291",Spain,2005-02-04,2002,TV-G,100 min,Kids' TV,A gripping story that unfolds over time.,2005,February,100.0,,Kids' TV
s2183,TV Show,Hidden Empire,Director 483,"Actor 774, Actor 230",India,2023-11-22,2021,PG,8 Seasons,"Kids' TV, Reality TV",A gripping story that unfolds over time.,2023,November,,8.0,Kids' TV
s2184,Movie,Final Signal,Director 417,"Actor 20, Actor 542",Spain,2015-11-25,2015,TV-PG,138 min,Stand-Up Comedy,A gripping story that unfolds over time.,2015,November,138.0,,Stand-Up Comedy
s2185,Movie,Secret City,Not Given,"Actor 269, Actor 70",United Kingdom,2022-05-07,2022,R,105 min,"International Movies, Horror Movies",A gripping story that unfolds over time.,2022,May,105.0,,International Movies
s2186,Movie,Golden Shadows,Not Given,"Actor 645, Actor 287",United States,2025-08-17,2023,TV-Y7,115 min,Documentaries,A gripping story that unfolds over time.,2025,August,115.0,,Documentaries
s2187,Movie,Endless Heist,Director 325,"Actor 822, Actor 734",Japan,2014-08-14,2014,TV-G,93 min,"Comedies, Kids' TV",A gripping story that unfolds over time.,2014,August,93.0,,Comedies
s2188,Movie,Secret Shadows,Director 224,"Actor 574, Actor 422",Brazil,2007-06-20,2006,TV-14,123 min,Action & Adventure,A gripping story that unfolds over time.,2007,June,123.0,,Action & Adventure
s2189,TV Show,Lost Heist,Director 305,"Actor 505, Actor 328",India,2003-12-21,2001,R,3 Seasons,Comedies,A gripping story that unfolds over time.,2003,December,,3.0,Comedies
s2190,TV Show,Broken Horizon,Director 247,"Actor 890, Actor 568",India,2022-12-05,2019,TV-14,7 Seasons,"Dramas, Anime Series",A gripping story that unfolds over time.,2022,December,,7.0,Dramas
s2191,Movie,Silent City,Director 359,"Actor 855, Actor 617",United States,2003-08-02,2003,TV-Y7,147 min,Documentaries,A gripping story that unfolds over time.,2003,August,147.0,,Documentaries
s2192,Movie,Wild Chronicles,Not Given,"Actor 808, Actor 882",United States,2026-01-20,2025,TV-Y7,79 min,"Romantic Movies, Crime TV Shows",A gripping story that unfolds over time.,2026,January,79.0,,Romantic Movies
s2193,TV Show,Golden Signal,Director 431,"Actor 472, Actor 362",United States,2005-04-01,2002,R,3 Seasons,"Comedies, Dramas",A gripping story that unfolds over time.,2005,April,,3.0,Comedies
s2194,Movie,Lost Shadows,Director 19,"Actor 823, Actor 880",United States,2022-11-14,2019,TV-MA,128 min,Horror Movies,A gripping story that unfolds over time.,2022,November,128.0,,Horror Movies
s2195,TV Show,Wild Storm,Director 473,"Actor 670, Actor 902",United States,2015-06-24,2013,PG-13,8 Seasons,Crime TV Shows,A gripping story that unfolds over time.,2015,June,,8.0,Crime TV Shows
s2196,Movie,Dark Empire,Director 72,"Actor 542, Actor 351",United States,2014-06-06,2013,TV-PG,100 min,Anime Series,A gripping story that unfolds over time.,2014,June,100.0,,Anime Series
s2197,TV Show,Lost Empire,Not Given,"Actor 364, Actor 250",United States,2024-05-24,2022,TV-14,3 Seasons,Comedies,A gripping story that unfolds over time.,2024,May,,3.0,Comedies
s2198,Movie,Broken Heist,Not Given,"Actor 154, Actor 553",Turkey,2005-07-01,2004,PG-13,108 min,"Sci-Fi & Fantasy, Children & Family Movies",A gripping story that unfolds over time.,2005,July,108.0,,Sci-Fi & Fantasy
s2199,TV Show,Endless Horizon,Director 61,"Actor 932, Actor 323",Nigeria,2019-03-25,2018,TV-PG,5 Seasons,Horror Movies,A gripping story that unfolds over time.,2019,March,,5.0,Horror Movies
s2200,TV Show,Wild Signal,Director 474,"Actor 38, Actor 207",United Kingdom,2004-10-02,2002,TV-Y7,5 Season,Sci-Fi & Fantasy,A gripping story that unfolds over time.,2004,October,,5.0,Sci-Fi & Fantasy
s2201,Movie,Last Shadows,Not Given,"Actor 170, Actor 606",India,2006-01-24,2006,TV-14,71 min,"Horror Movies, Anime Series",A gripping story that unfolds over time.,2006,January,71.0,,Horror Movies
s2202,Movie,Endless Legacy,Not Given,"Actor 111, Actor 991",United States,2014-10-04,2013,PG,95 min,Stand-Up Comedy,A gripping story that unfolds over time.,2014,October,95.0,,Stand-Up Comedy
s2203,Movie,Wild Empire,Director 338,"Actor 85, Actor 817",Canada,2005-04-27,2004,TV-PG,157 min,"Thrillers, International Movies",A gripping story that unfolds over time.,2005,April,157.0,,Thrillers
s2204,Movie,Lost Signal,Not Given,"Actor 875, Actor 473",France,2026-01-04,2024,TV-Y7,120 min,Reality TV,A gripping story that unfolds over time.,2026,January,120.0,,Reality TV
s2205,Movie,Endless Signal,Director 380,"Actor 513, Actor 361",Italy,2020-02-11,2017,PG-13,127 min,"Children & Family Movies, Comedies",A gripping story that unfolds over time.,2020,February,127.0,,Children & Family Movies
s2206,Movie,Last Chronicles,Not Given,"Actor 868, Actor 359",South Korea,2006-09-25,2005,TV-Y7,126 min,Romantic Movies,A gripping story that unfolds over time.,2006,September,126.0,,Romantic Movies
s2207,TV Show,Lost Empire,Director 132,"Actor 517, Actor 979",Germany,2009-06-09,2008,R,4 Seasons,Children & Family Movies,A gripping story that unfolds over time.,2009,June,,4.0,Children & Family Movies
s2208,Movie,Wild Kingdom,Not Given,"Actor 211, Actor 343",Germany,2009-10-07,2006,TV-Y7,77 min,Kids' TV,A gripping story that unfolds over time.,2009,October,77.0,,Kids' TV
s2209,Movie,Silent Heist,Director 270,"Actor 54, Actor 413",United Kingdom,2014-08-03,2011,TV-14,161 min,"Dramas, Stand-Up Comedy",A gripping story that unfolds over time.,2014,August,161.0,,Dramas
s2210,Movie,Final City,Director 226,"Actor 348, Actor 175",Turkey,2023-09-08,2023,TV-Y7,74 min,Dramas,A gripping story that unfolds over time.,2023,September,74.0,,Dramas
s2211,TV Show,Secret Horizon,Director 220,"Actor 295, Actor 698",Canada,2021-01-11,2021,TV-Y7,8 Seasons,"Crime TV Shows, Action & Adventure",A gripping story that unfolds over time.,2021,January,,8.0,Crime TV Shows
s2212,Movie,Lost Dreams,Director 78,"Actor 790, Actor 451",United Kingdom,2017-05-18,2015,PG-13,144 min,"Thrillers, Kids' TV",A gripping story that unfolds over time.,2017,May,144.0,,Thrillers
s2213,Movie,Broken Dreams,Director 170,"Actor 685, Actor 76",France,2010-08-21,2007,TV-MA,131 min,Reality TV,A gripping story that unfolds over time.,2010,August,131.0,,Reality TV
s2214,TV Show,Hidden Storm,Not Given,"Actor 883, Actor 450",India,2005-05-19,2004,R,2 Seasons,Stand-Up Comedy,A gripping story that unfolds over time.,2005,May,,2.0,Stand-Up Comedy
s2215,TV Show,Final Horizon,Not Given,"Actor 795, Actor 391",United States,2005-04-27,2004,PG,6 Season,"Documentaries, Comedies",A gripping story that unfolds over time.,2005,April,,6.0,Documentaries
s2216,Movie,Dark City,Not Given,"Actor 117, Actor 147",Germany,2003-01-24,2002,PG-13,82 min,Crime TV Shows,A gripping story that unfolds over time.,2003,January,82.0,,Crime TV Shows
s2217,TV Show,Silent Shadows,Not Given,"Actor 917, Actor 398",United States,2021-03-03,2018,TV-MA,6 Seasons,Stand-Up Comedy,A gripping story that unfolds over time.,2021,March,,6.0,Stand-Up Comedy
s2218,Movie,Silent Chronicles,Not Given,"Actor 736, Actor 232",Germany,2017-10-20,2017,TV-14,88 min,Romantic Movies,A gripping story that unfolds over time.,2017,October,88.0,,Romantic Movies
s2219,Movie,Dark Signal,Director 8,"Actor 730, Actor 342",Mexico,2005-08-14,2004,TV-MA,82 min,"Documentaries, International Movies",A gripping story that unfolds over time.,2005,August,82.0,,Documentaries
s2220,TV Show,Broken Dreams,Director 197,"Actor 550, Actor 524",Spain,2025-12-12,2025,PG,7 Seasons,"Stand-Up Comedy, Kids' TV",A gripping story that unfolds over time.,2025,December,,7.0,Stand-Up Comedy
s2221,Movie,Final Empire,Director 11,"Actor 238, Actor 619",United States,2006-05-26,2003,PG-13,112 min,"International Movies, Sci-Fi & Fantasy",A gripping story that unfolds over time.,2006,May,112.0,,International Movies
s2222,TV Show,Secret Legacy,Director 288,"Actor 707, Actor 372",Mexico,2021-08-13,2020,TV-PG,5 Seasons,"Horror Movies, Sci-Fi & Fantasy",A gripping story that unfolds over time.,2021,August,,5.0,Horror Movies
s2223,Movie,Endless Empire,Director 162,"Actor 777, Actor 594",Spain,2007-04-27,2005,PG-13,119 min,"Romantic Movies, Anime Series",A gripping story that unfolds over time.,2007,April,119.0,,Romantic Movies
s2224,Movie,Broken Empire,Director 340,"Actor 214, Actor 360",Spain,2005-10-12,2003,TV-MA,110 min,Stand-Up Comedy,A gripping story that unfolds over time.,2005,October,110.0,,Stand-Up Comedy
s2225,TV Show,Final Shadows,Director 245,"Actor 389, Actor 287",Spain,2013-10-16,2010,R,6 Seasons,Romantic Movies,A gripping story that unfolds over time.,2013,October,,6.0,Romantic Movies
s2226,TV Show,Silent Kingdom,Not Given,"Actor 955, Actor 89",India,2002-11-06,2001,TV-PG,5 Seasons,Documentaries,A gripping story that unfolds over time.,2002,November,,5.0,Documentaries
s2227,Movie,Secret Kingdom,Director 472,"Actor 424, Actor 45",France,2020-11-17,2018,R,122 min,Anime Series,A gripping story that unfolds over time.,2020,November,122.0,,Anime Series
s2228,Movie,Wild Journey,Director 234,"Actor 556, Actor 437",United States,2014-08-03,2012,TV-PG,151 min,"Dramas, Action & Adventure",A gripping story that unfolds over time.,2014,August,151.0,,Dramas
s2229,TV Show,Last Chronicles,Director 80,"Actor 45, Actor 869",Spain,2007-12-03,2005,TV-Y7,6 Seasons,Action & Adventure,A gripping story that unfolds over time.,2007,December,,6.0,Action & Adventure
s2230,TV Show,Rising Signal,Not Given,"Actor 282, Actor 414",India,2023-11-14,2023,PG-13,1 Season,Thrillers,A gripping story that unfolds over time.,2023,November,,1.0,Thrillers
s2231,Movie,Golden Horizon,Director 22,"Actor 646, Actor 510",Brazil,2009-04-25,2006,PG,115 min,"Thrillers, Horror Movies",A gripping story that unfolds over time.,2009,April,115.0,,Thrillers
s2232,Movie,Hidden Shadows,Director 51,"Actor 607, Actor 790",United States,2017-02-09,2017,TV-MA,71 min,"Action & Adventure, Sci-Fi & Fantasy",A gripping story that unfolds over time.,2017,February,71.0,,Action & Adventure
s2233,Movie,Hidden City,Director 375,"Actor 297, Actor 501",United States,2025-11-11,2024,TV-PG,76 min,"Documentaries, Anime Series",A gripping story that unfolds over time.,2025,November,76.0,,Documentaries
s2234,Movie,Final Empire,Director 63,"Actor 82, Actor 263",United Kingdom,2026-07-27,2025,TV-PG,104 min,Thrillers,A gripping story that unfolds over time.,2026,July,104.0,,Thrillers
s2235,Movie,Endless City,Not Given,"Actor 291, Actor 71",Canada,2006-10-12,2004,TV-MA,107 min,"Action & Adventure, Documentaries",A gripping story that unfolds over time.,2006,October,107.0,,Action & Adventure
s2236,TV Show,Wild City,Director 59,"Actor 975, Actor 975",France,2008-07-14,2007,TV-MA,4 Seasons,Dramas,A gripping story that unfolds over time.,2008,July,,4.0,Dramas
s2237,TV Show,Hidden Horizon,Director 397,"Actor 326, Actor 286",South Korea,2020-09-23,2017,TV-14,5 Seasons,"Stand-Up Comedy, Reality TV",A gripping story that unfolds over time.,2020,September,,5.0,Stand-Up Comedy
s2238,TV Show,Lost Horizon,Director 172,"Actor 965, Actor 131",Mexico,2018-06-10,2016,PG-13,8 Seasons,"Children & Family Movies, Thrillers",A gripping story that unfolds over time.,2018,June,,8.0,Children & Family Movies
s2239,Movie,Golden Kingdom,Director 309,"Actor 167, Actor 880",France,2011-04-22,2011,TV-G,99 min,Crime TV Shows,A gripping story that unfolds over time.,2011,April,99.0,,Crime TV Shows
s2240,Movie,Rising Storm,Director 255,"Actor 35, Actor 936",Japan,2011-04-12,2009,PG,82 min,Action & Adventure,A gripping story that unfolds over time.,2011,April,82.0,,Action & Adventure
s2241,Movie,Silent Kingdom,Director 479,"Actor 417, Actor 802",United Kingdom,2026-03-18,2025,TV-PG,82 min,Romantic Movies,A gripping story that unfolds over time.,2026,March,82.0,,Romantic Movies
s2242,TV Show,Wild Heist,Not Given,"Actor 162, Actor 303",Australia,2026-10-09,2025,PG-13,1 Seasons,Stand-Up Comedy,A gripping story that unfolds over time.,2026,October,,1.0,Stand-Up Comedy
s2243,Movie,Rising City,Director 445,"Actor 679, Actor 386",United States,2019-11-25,2016,PG-13,154 min,"Sci-Fi & Fantasy, Stand-Up Comedy",A gripping story that unfolds over time.,2019,November,154.0,,Sci-Fi & Fantasy
s2244,Movie,Silent Horizon,Director 110,"Actor 66, Actor 414",United States,2002-11-13,2001,TV-PG,100 min,International Movies,A gripping story that unfolds over time.,2002,November,100.0,,International Movies
s2245,Movie,Final Journey,Director 133,"Actor 405, Actor 886",Mexico,2017-06-07,2014,TV-MA,146 min,Reality TV,A gripping story that unfolds over time.,2017,June,146.0,,Reality TV
s2246,Movie,Rising Storm,Director 68,"Actor 225, Actor 847",United States,2005-07-09,2005,TV-Y7,131 min,"Action & Adventure, Anime Series",A gripping story that unfolds over time.,2005,July,131.0,,Action & Adventure
s2247,Movie,Dark City,Director 300,"Actor 281, Actor 607",Italy,2015-07-17,2012,PG-13,127 min,Romantic Movies,A gripping story that unfolds over time.,2015,July,127.0,,Romantic Movies
s2248,Movie,Hidden Signal,Not Given,"Actor 510, Actor 513",United States,2021-04-23,2019,PG-13,103 min,"Dramas, Kids' TV",A gripping story that unfolds over time.,2021,April,103.0,,Dramas
s2249,Movie,Lost Kingdom,Director 401,"Actor 472, Actor 456",United States,2014-03-23,2012,TV-14,127 min,Documentaries,A gripping story that unfolds over time.,2014,March,127.0,,Documentaries
s2250,Movie,Dark Legacy,Director 470,"Actor 526, Actor 315",South Korea,2024-05-04,2024,TV-PG,162 min,Kids' TV,A gripping story that unfolds over time.,2024,May,162.0,,Kids' TV
s2251,Movie,Rising Dreams,Director 498,"Actor 720, Actor 225",Australia,2022-03-06,2021,TV-G,140 min,"International Movies, Children & Family Movies",A gripping story that unfolds over time.,2022,March,140.0,,International Movies
s2252,TV Show,Dark Empire,Director 289,"Actor 537, Actor 630",Australia,2024-10-06,2024,TV-MA,6 Seasons,Reality TV,A gripping story that unfolds over time.,2024,October,,6.0,Reality TV
s2253,Movie,Secret Chronicles,Director 400,"Actor 729, Actor 385",United Kingdom,2006-07-21,2004,TV-14,102 min,Kids' TV,A gripping story that unfolds over time.,2006,July,102.0,,Kids' TV
s2254,Movie,Secret Heist,Director 202,"Actor 845, Actor 553",United Kingdom,2026-09-14,2023,TV-Y7,105 min,"Documentaries, Romantic Movies",A gripping story that unfolds over time.,2026,September,105.0,,Documentaries
s2255,TV Show,Forgotten Heist,Not Given,"Actor 351, Actor 28",United States,2026-10-25,2025,TV-PG,6 Season,"Documentaries, Dramas",A gripping story that unfolds over time.,2026,October,,6.0,Documentaries
s2256,TV Show,Broken Kingdom,Not Given,"Actor 856, Actor 953",South Korea,2002-08-07,2000,TV-MA,4 Season,Action & Adventure,A gripping story that unfolds over time.,2002,August,,4.0,Action & Adventure
s2257,Movie,Silent Empire,Director 162,"Actor 948, Actor 946",United States,2017-03-03,2016,R,150 min,"Romantic Movies, Children & Family Movies",A gripping story that unfolds over time.,2017,March,150.0,,Romantic Movies
s2258,TV Show,Final Empire,Not Given,"Actor 528, Actor 703",India,2009-11-01,2009,PG,2 Season,"Crime TV Shows, Dramas",A gripping story that unfolds over time.,2009,November,,2.0,Crime TV Shows
s2259,TV Show,Silent Horizon,Not Given,"Actor 782, Actor 970",United States,2026-05-02,2025,TV-PG,5 Seasons,"Horror Movies, Documentaries",A gripping story that unfolds over time.,2026,May,,5.0,Horror Movies
s2260,Movie,Forgotten Chronicles,Not Given,"Actor 69, Actor 198",Mexico,2016-06-17,2015,PG,169 min,"Dramas, Thrillers",A gripping story that unfolds over time.,2016,June,169.0,,Dramas
s2261,Movie,Endless Heist,Not Given,"Actor 950, Actor 596",Canada,2005-11-18,2003,PG,75 min,"Romantic Movies, Comedies",A gripping story that unfolds over time.,2005,November,75.0,,Romantic Movies
s2262,Movie,Golden Storm,Director 245,"Actor 591, Actor 881",Canada,2001-07-01,2001,TV-14,105 min,Horror Movies,A gripping story that unfolds over time.,2001,July,105.0,,Horror Movies
s2263,TV Show,Last Journey,Not Given,"Actor 119, Actor 639",Canada,2009-11-03,2008,TV-14,8 Seasons,Action & Adventure,A gripping story that unfolds over time.,2009,November,,8.0,Action & Adventure
s2264,TV Show,Forgotten Signal,Director 165,"Actor 268, Actor 101",Japan,2013-09-21,2010,TV-Y7,1 Seasons,"Crime TV Shows, Horror Movies",A gripping story that unfolds over time.,2013,September,,1.0,Crime TV Shows
s2265,TV Show,Broken Storm,Not Given,"Actor 134, Actor 679",United Kingdom,2021-06-13,2018,PG-13,2 Seasons,"Stand-Up Comedy, Horror Movies",A gripping story that unfolds over time.,2021,June,,2.0,Stand-Up Comedy
s2266,Movie,Forgotten City,Director 422,"Actor 440, Actor 575",United States,2020-09-13,2017,TV-MA,102 min,Comedies,A gripping story that unfolds over time.,2020,September,102.0,,Comedies
s2267,TV Show,Dark Signal,Director 258,"Actor 366, Actor 555",Japan,2017-01-02,2016,TV-G,2 Seasons,Anime Series,A gripping story that unfolds over time.,2017,January,,2.0,Anime Series
s2268,Movie,Rising Heist,Director 484,"Actor 72, Actor 728",France,2015-01-02,2015,R,137 min,Thrillers,A gripping story that unfolds over time.,2015,January,137.0,,Thrillers
s2269,TV Show,Silent Shadows,Director 426,"Actor 81, Actor 488",India,2016-12-20,2015,TV-14,1 Season,Dramas,A gripping story that unfolds over time.,2016,December,,1.0,Dramas
s2270,Movie,Last Shadows,Director 83,"Actor 682, Actor 475",United States,2022-07-03,2021,TV-Y7,134 min,"Kids' TV, Anime Series",A gripping story that unfolds over time.,2022,July,134.0,,Kids' TV
s2271,Movie,Golden Legacy,Not Given,"Actor 387, Actor 795",Japan,2014-08-27,2013,TV-G,92 min,"Comedies, Sci-Fi & Fantasy",A gripping story that unfolds over time.,2014,August,92.0,,Comedies
s2272,Movie,Last Legacy,Director 237,"Actor 7, Actor 163",Japan,2021-02-20,2021,TV-MA,112 min,Documentaries,A gripping story that unfolds over time.,2021,February,112.0,,Documentaries
s2273,Movie,Golden Shadows,Director 209,"Actor 588, Actor 730",United States,2005-11-25,2004,PG,123 min,Anime Series,A gripping story that unfolds over time.,2005,November,123.0,,Anime Series
s2274,Movie,Secret Horizon,Not Given,"Actor 130, Actor 362",United States,2015-02-04,2012,TV-14,117 min,Documentaries,A gripping story that unfolds over time.,2015,February,117.0,,Documentaries
s2275,Movie,Forgotten Legacy,Not Given,"Actor 992, Actor 680",United States,2008-05-09,2007,TV-PG,155 min,Comedies,A gripping story that unfolds over time.,2008,May,155.0,,Comedies
s2276,Movie,Last Signal,Director 413,"Actor 729, Actor 919",India,2003-04-03,2002,TV-G,87 min,"International Movies, Horror Movies",A gripping story that unfolds over time.,2003,April,87.0,,International Movies
s2277,Movie,Golden City,Director 369,"Actor 815, Actor 970",United States,2016-01-03,2016,PG-13,91 min,"Crime TV Shows, Children & Family Movies",A gripping story that unfolds over time.,2016,January,91.0,,Crime TV Shows
s2278,Movie,Lost Horizon,Director 90,"Actor 783, Actor 759",Turkey,2022-11-20,2022,TV-MA,155 min,"Action & Adventure, Dramas",A gripping story that unfolds over time.,2022,November,155.0,,Action & Adventure
s2279,Movie,Endless City,Director 258,"Actor 140, Actor 183",Australia,2004-11-21,2003,TV-Y7,81 min,Romantic Movies,A gripping story that unfolds over time.,2004,November,81.0,,Romantic Movies
s2280,Movie,Last Chronicles,Not Given,"Actor 336, Actor 195",United States,2025-11-08,2025,TV-PG,120 min,"Documentaries, Horror Movies",A gripping story that unfolds over time.,2025,November,120.0,,Documentaries
s2281,Movie,Rising Chronicles,Director 322,"Actor 31, Actor 952",United States,2005-08-18,2003,TV-14,137 min,"Kids' TV, International Movies",A gripping story that unfolds over time.,2005,August,137.0,,Kids' TV
s2282,Movie,Secret City,Director 398,"Actor 34, Actor 169",Japan,2011-07-25,2011,PG-13,75 min,"Stand-Up Comedy, International Movies",A gripping story that unfolds over time.,2011,July,75.0,,Stand-Up Comedy
s2283,Movie,Final Kingdom,Director 188,"Actor 296, Actor 385",Mexico,2021-10-24,2018,R,126 min,Sci-Fi & Fantasy,A gripping story that unfolds over time.,2021,October,126.0,,Sci-Fi & Fantasy
s2284,Movie,Final Signal,Director 222,"Actor 488, Actor 860",Australia,2004-09-15,2001,TV-MA,136 min,"Children & Family Movies, Horror Movies",A gripping story that unfolds over time.,2004,September,136.0,,Children & Family Movies
s2285,TV Show,Golden Horizon,Director 293,"Actor 730, Actor 36",Spain,2015-08-16,2014,TV-14,2 Seasons,"Anime Series, Kids' TV",A gripping story that unfolds over time.,2015,August,,2.0,Anime Series
s2286,Movie,Rising Empire,Director 414,"Actor 993, Actor 442",United Kingdom,2003-11-20,2003,R,151 min,"Anime Series, Dramas",A gripping story that unfolds over time.,2003,November,151.0,,Anime Series
s2287,Movie,Secret Chronicles,Director 200,"Actor 950, Actor 941",Japan,2026-05-27,2025,PG-13,146 min,Thrillers,A gripping story that unfolds over time.,2026,May,146.0,,Thrillers
s2288,Movie,Secret Kingdom,Director 264,"Actor 899, Actor 581",Germany,2013-09-19,2011,TV-MA,85 min,"Anime Series, Action & Adventure",A gripping story that unfolds over time.,2013,September,85.0,,Anime Series
s2289,Movie,Final Empire,Director 77,"Actor 542, Actor 284",France,2023-09-09,2022,TV-G,115 min,Horror Movies,A gripping story that unfolds over time.,2023,September,115.0,,Horror Movies
s2290,Movie,Last City,Director 411,"Actor 294, Actor 28",Brazil,2021-07-26,2019,PG,153 min,"Comedies, Kids' TV",A gripping story that unfolds over time.,2021,July,153.0,,Comedies
s2291,TV Show,Secret Empire,Director 300,"Actor 2, Actor 413",Nigeria,2026-09-16,2025,TV-14,5 Seasons,Horror Movies,A gripping story that unfolds over time.,2026,September,,5.0,Horror Movies
s2292,Movie,Forgotten Journey,Not Given,"Actor 885, Actor 156",United States,2016-02-07,2014,R,155 min,Sci-Fi & Fantasy,A gripping story that unfolds over time.,2016,February,155.0,,Sci-Fi & Fantasy
s2293,Movie,Last Signal,Not Given,"Actor 623, Actor 65",Canada,2017-04-01,2017,TV-14,124 min,Romantic Movies,A gripping story that unfolds over time.,2017,April,124.0,,Romantic Movies
s2294,Movie,Broken Chronicles,Director 7,"Actor 994, Actor 852",Turkey,2017-03-19,2017,PG-13,138 min,"Dramas, Sci-Fi & Fantasy",A gripping story that unfolds over time.,2017,March,138.0,,Dramas
s2295,TV Show,Final Shadows,Director 480,"Actor 382, Actor 389",United States,2001-09-15,2001,TV-G,2 Season,"Thrillers, Stand-Up Comedy",A gripping story that unfolds over time.,2001,September,,2.0,Thrillers
s2296,Movie,Wild Shadows,Not Given,"Actor 236, Actor 33",United States,2024-08-01,2022,PG,133 min,Anime Series,A gripping story that unfolds over time.,2024,August,133.0,,Anime Series
s2297,Movie,Final Journey,Director 310,"Actor 961, Actor 352",South Korea,2007-11-22,2006,PG,107 min,Romantic Movies,A gripping story that unfolds over time.,2007,November,107.0,,Romantic Movies
s2298,Movie,Hidden Horizon,Not Given,"Actor 381, Actor 376",Germany,2007-03-07,2005,PG,136 min,Romantic Movies,A gripping story that unfolds over time.,2007,March,136.0,,Romantic Movies
s2299,Movie,Secret Journey,Director 335,"Actor 96, Actor 658",United States,2020-08-16,2020,TV-G,134 min,Sci-Fi & Fantasy,A gripping story that unfolds over time.,2020,August,134.0,,Sci-Fi & Fantasy
s2300,Movie,Silent Journey,Director 341,"Actor 211, Actor 761",Mexico,2024-12-11,2022,TV-14,169 min,"Crime TV Shows, Comedies",A gripping story that unfolds over time.,2024,December,169.0,,Crime TV Shows
s2301,Movie,Wild Empire,Not Given,"Actor 388, Actor 143",Japan,2008-05-24,2006,TV-Y7,135 min,"Dramas, Romantic Movies",A gripping story that unfolds over time.,2008,May,135.0,,Dramas
s2302,Movie,Hidden Chronicles,Director 480,"Actor 301, Actor 251",Turkey,2026-05-06,2023,TV-G,79 min,Kids' TV,A gripping story that unfolds over time.,2026,May,79.0,,Kids' TV
s2303,Movie,Hidden Chronicles,Director 152,"Actor 581, Actor 714",United Kingdom,2005-06-07,2002,TV-MA,113 min,Documentaries,A gripping story that unfolds over time.,2005,June,113.0,,Documentaries
s2304,Movie,Wild Shadows,Director 68,"Actor 39, Actor 473",Japan,2014-01-05,2011,TV-G,102 min,Thrillers,A gripping story that unfolds over time.,2014,January,102.0,,Thrillers
s2305,Movie,Forgotten Shadows,Director 469,"Actor 868, Actor 762",Canada,2014-05-19,2014,TV-G,106 min,Documentaries,A gripping story that unfolds over time.,2014,May,106.0,,Documentaries
s2306,Movie,Last Horizon,Director 284,"Actor 190, Actor 48",Spain,2026-01-14,2024,TV-PG,169 min,Documentaries,A gripping story that unfolds over time.,2026,January,169.0,,Documentaries
s2307,Movie,Dark Chronicles,Director 443,"Actor 97, Actor 412",United Kingdom,2004-12-10,2003,TV-G,71 min,Comedies,A gripping story that unfolds over time.,2004,December,71.0,,Comedies
s2308,TV Show,Hidden Dreams,Director 374,"Actor 242, Actor 734",Brazil,2006-01-07,2006,TV-14,7 Seasons,Dramas,A gripping story that unfolds over time.,2006,January,,7.0,Dramas
s2309,Movie,Broken Kingdom,Not Given,"Actor 515, Actor 820",United States,2014-06-04,2013,TV-MA,73 min,Romantic Movies,A gripping story that unfolds over time.,2014,June,73.0,,Romantic Movies
s2310,Movie,Last City,Director 313,"Actor 854, Actor 674",United States,2014-04-20,2012,TV-G,76 min,Kids' TV,A gripping story that unfolds over time.,2014,April,76.0,,Kids' TV
s2311,Movie,Silent City,Director 246,"Actor 553, Actor 434",South Korea,2015-02-27,2015,TV-14,100 min,"Sci-Fi & Fantasy, Reality TV",A gripping story that unfolds over time.,2015,February,100.0,,Sci-Fi & Fantasy
s2312,TV Show,Silent City,Director 489,"Actor 942, Actor 758",United Kingdom,2013-10-05,2013,TV-PG,6 Seasons,"Crime TV Shows, Thrillers",A gripping story that unfolds over time.,2013,October,,6.0,Crime TV Shows
s2313,Movie,Final Storm,Director 223,"Actor 617, Actor 766",United Kingdom,2016-09-07,2016,PG,142 min,Anime Series,A gripping story that unfolds over time.,2016,September,142.0,,Anime Series
s2314,TV Show,Silent Signal,Director 61,"Actor 794, Actor 117",United States,2004-02-12,2002,R,5 Seasons,"Kids' TV, Stand-Up Comedy",A gripping story that unfolds over time.,2004,February,,5.0,Kids' TV
s2315,TV Show,Wild Journey,Director 363,"Actor 793, Actor 407",Spain,2023-10-27,2022,TV-Y7,6 Seasons,"Comedies, Children & Family Movies",A gripping story that unfolds over time.,2023,October,,6.0,Comedies
s2316,Movie,Endless Storm,Not Given,"Actor 383, Actor 745",Japan,2004-05-27,2004,TV-MA,151 min,Kids' TV,A gripping story that unfolds over time.,2004,May,151.0,,Kids' TV
s2317,Movie,Golden Heist,Not Given,"Actor 603, Actor 75",United States,2024-02-18,2023,TV-14,82 min,"Romantic Movies, Dramas",A gripping story that unfolds over time.,2024,February,82.0,,Romantic Movies
s2318,Movie,Lost City,Not Given,"Actor 331, Actor 779",France,2017-01-08,2017,R,78 min,Sci-Fi & Fantasy,A gripping story that unfolds over time.,2017,January,78.0,,Sci-Fi & Fantasy
s2319,Movie,Final Horizon,Not Given,"Actor 48, Actor 769",India,2017-03-27,2015,PG-13,109 min,"Comedies, Action & Adventure",A gripping story that unfolds over time.,2017,March,109.0,,Comedies
s2320,Movie,Rising Heist,Not Given,"Actor 402, Actor 669",United Kingdom,2015-09-15,2013,TV-G,125 min,"Children & Family Movies, Anime Series",A gripping story that unfolds over time.,2015,September,125.0,,Children & Family Movies
s2321,Movie,Wild Shadows,Not Given,"Actor 157, Actor 181",Germany,2012-03-04,2010,TV-MA,82 min,Romantic Movies,A gripping story that unfolds over time.,2012,March,82.0,,Romantic Movies
s2322,Movie,Broken Horizon,Director 282,"Actor 71, Actor 91",Japan,2023-11-12,2023,TV-PG,160 min,Children & Family Movies,A gripping story that unfolds over time.,2023,November,160.0,,Children & Family Movies
s2323,Movie,Secret Shadows,Director 464,"Actor 883, Actor 766",Japan,2025-09-18,2025,PG,98 min,Action & Adventure,A gripping story that unfolds over time.,2025,September,98.0,,Action & Adventure
s2324,TV Show,Forgotten Dreams,Not Given,"Actor 390, Actor 20",Nigeria,2008-04-20,2006,R,2 Seasons,"Horror Movies, International Movies",A gripping story that unfolds over time.,2008,April,,2.0,Horror Movies
s2325,Movie,Rising Shadows,Director 91,"Actor 684, Actor 952",France,2013-10-03,2010,TV-14,158 min,"International Movies, Anime Series",A gripping story that unfolds over time.,2013,October,158.0,,International Movies
s2326,TV Show,Silent City,Not Given,"Actor 630, Actor 815",India,2022-07-27,2019,TV-PG,4 Seasons,"Stand-Up Comedy, Sci-Fi & Fantasy",A gripping story that unfolds over time.,2022,July,,4.0,Stand-Up Comedy
s2327,Movie,Hidden City,Director 321,"Actor 655, Actor 394",India,2020-10-10,2017,TV-G,130 min,"International Movies, Dramas",A gripping story that unfolds over time.,2020,October,130.0,,International Movies
s2328,TV Show,Broken Chronicles,Director 437,"Actor 31, Actor 547",Germany,2023-09-04,2020,TV-PG,2 Seasons,"Thrillers, Dramas",A gripping story that unfolds over time.,2023,September,,2.0,Thrillers
s2329,Movie,Forgotten Shadows,Director 182,"Actor 466, Actor 224",United States,2021-05-14,2019,TV-14,146 min,"Children & Family Movies, Kids' TV",A gripping story that unfolds over time.,2021,May,146.0,,Children & Family Movies
s2330,TV Show,Lost Storm,Director 117,"Actor 171, Actor 305",Italy,2014-08-14,2014,TV-14,8 Seasons,Thrillers,A gripping story that unfolds over time.,2014,August,,8.0,Thrillers
s2331,Movie,Broken Shadows,Director 189,"Actor 193, Actor 513",Nigeria,2007-11-09,2005,PG,146 min,Stand-Up Comedy,A gripping story that unfolds over time.,2007,November,146.0,,Stand-Up Comedy
s2332,Movie,Lost Journey,Not Given,"Actor 859, Actor 326",United States,2019-11-23,2017,PG,147 min,"Horror Movies, Stand-Up Comedy",A gripping story that unfolds over time.,2019,November,147.0,,Horror Movies
s2333,TV Show,Hidden Journey,Director 228,"Actor 590, Actor 162",United States,2013-09-18,2013,PG-13,3 Seasons,Stand-Up Comedy,A gripping story that unfolds over time.,2013,September,,3.0,Stand-Up Comedy
s2334,Movie,Rising Chronicles,Director 116,"Actor 4, Actor 534",United States,2020-11-07,2017,TV-14,136 min,"Anime Series, Thrillers",A gripping story that unfolds over time.,2020,November,136.0,,Anime Series
s2335,Movie,Silent Chronicles,Not Given,"Actor 794, Actor 282",Spain,2023-11-26,2023,PG,132 min,"Horror Movies, Children & Family Movies",A gripping story that unfolds over time.,2023,November,132.0,,Horror Movies
s2336,Movie,Wild Journey,Not Given,"Actor 3, Actor 776",Australia,2021-02-25,2018,TV-14,116 min,Documentaries,A gripping story that unfolds over time.,2021,February,116.0,,Documentaries
s2337,TV Show,Secret Heist,Not Given,"Actor 163, Actor 150",Turkey,2002-02-21,2001,PG-13,4 Seasons,"International Movies, Comedies",A gripping story that unfolds over time.,2002,February,,4.0,International Movies
s2338,Movie,Wild Legacy,Director 60,"Actor 745, Actor 382",United States,2015-06-09,2013,R,158 min,"Sci-Fi & Fantasy, Action & Adventure",A gripping story that unfolds over time.,2015,June,158.0,,Sci-Fi & Fantasy
s2339,Movie,Hidden Horizon,Not Given,"Actor 513, Actor 633",Japan,2011-04-25,2011,PG-13,129 min,"Romantic Movies, Sci-Fi & Fantasy",A gripping story that unfolds over time.,2011,April,129.0,,Romantic Movies
s2340,TV Show,Silent Kingdom,Not Given,"Actor 987, Actor 747",United States,2019-02-07,2018,R,3 Seasons,Children & Family Movies,A gripping story that unfolds over time.,2019,February,,3.0,Children & Family Movies
s2341,Movie,Last Chronicles,Not Given,"Actor 864, Actor 911",United States,2015-05-08,2015,TV-Y7,103 min,"Comedies, Reality TV",A gripping story that unfolds over time.,2015,May,103.0,,Comedies
s2342,Movie,Final Horizon,Director 487,"Actor 236, Actor 442",Japan,2002-06-02,2001,PG-13,88 min,"Crime TV Shows, Romantic Movies",A gripping story that unfolds over time.,2002,June,88.0,,Crime TV Shows
s2343,Movie,Final Kingdom,Not Given,"Actor 807, Actor 123",Mexico,2012-08-21,2010,PG,89 min,Comedies,A gripping story that unfolds over time.,2012,August,89.0,,Comedies
s2344,TV Show,Hidden City,Director 366,"Actor 180, Actor 677",United States,2019-05-20,2017,TV-14,3 Seasons,"Romantic Movies, Documentaries",A gripping story that unfolds over time.,2019,May,,3.0,Romantic Movies
s2345,TV Show,Endless Signal,Not Given,"Actor 852, Actor 577",United States,2008-03-24,2008,TV-G,7 Seasons,Romantic Movies,A gripping story that unfolds over time.,2008,March,,7.0,Romantic Movies
s2346,Movie,Endless Chronicles,Not Given,"Actor 856, Actor 624",India,2011-06-20,2010,PG-13,71 min,"Action & Adventure, Kids' TV",A gripping story that unfolds over time.,2011,June,71.0,,Action & Adventure
s2347,Movie,Secret Legacy,Not Given,"Actor 162, Actor 86",India,2024-01-13,2022,PG,71 min,"Action & Adventure, Dramas",A gripping story that unfolds over time.,2024,January,71.0,,Action & Adventure
s2348,Movie,Forgotten Dreams,Director 174,"Actor 217, Actor 510",France,2013-08-08,2011,TV-14,111 min,"Anime Series, Romantic Movies",A gripping story that unfolds over time.,2013,August,111.0,,Anime Series
s2349,Movie,Dark Storm,Not Given,"Actor 149, Actor 170",Germany,2019-05-05,2019,PG-13,89 min,Thrillers,A gripping story that unfolds over time.,2019,May,89.0,,Thrillers
s2350,Movie,Endless Shadows,Director 173,"Actor 169, Actor 103",United States,2021-02-04,2018,PG-13,126 min,"Kids' TV, International Movies",A gripping story that unfolds over time.,2021,February,126.0,,Kids' TV
s2351,Movie,Dark Kingdom,Director 226,"Actor 565, Actor 887",Japan,2017-01-03,2015,R,74 min,International Movies,A gripping story that unfolds over time.,2017,January,74.0,,International Movies
s2352,Movie,Dark Legacy,Director 176,"Actor 491, Actor 467",United States,2020-01-08,2017,PG,105 min,"Children & Family Movies, Thrillers",A gripping story that unfolds over time.,2020,January,105.0,,Children & Family Movies
s2353,Movie,Lost Kingdom,Director 149,"Actor 555, Actor 212",Canada,2000-02-12,2000,TV-Y7,158 min,"Comedies, Action & Adventure",A gripping story that unfolds over time.,2000,February,158.0,,Comedies
s2354,TV Show,Last Signal,Director 482,"Actor 320, Actor 634",Spain,2003-08-17,2001,TV-Y7,6 Seasons,Children & Family Movies,A gripping story that unfolds over time.,2003,August,,6.0,Children & Family Movies
s2355,Movie,Endless Signal,Director 21,"Actor 24, Actor 95",Australia,2018-03-08,2016,PG-13,114 min,"Stand-Up Comedy, Sci-Fi & Fantasy",A gripping story that unfolds over time.,2018,March,114.0,,Stand-Up Comedy
s2356,TV Show,Final Horizon,Not Given,"Actor 345, Actor 11",South Korea,2000-05-16,2000,TV-MA,4 Seasons,Horror Movies,A gripping story that unfolds over time.,2000,May,,4.0,Horror Movies
s2357,Movie,Lost Dreams,Director 217,"Actor 191, Actor 930",United Kingdom,2001-06-26,2000,PG-13,139 min,Dramas,A gripping story that unfolds over time.,2001,June,139.0,,Dramas
s2358,Movie,Lost Journey,Director 83,"Actor 799, Actor 691",France,2026-02-25,2025,R,158 min,"Romantic Movies, Comedies",A gripping story that unfolds over time.,2026,February,158.0,,Romantic Movies
s2359,Movie,Final Legacy,Director 47,"Actor 711, Actor 264",Germany,2017-10-03,2017,TV-PG,135 min,"Thrillers, Dramas",A gripping story that unfolds over time.,2017,October,135.0,,Thrillers
s2360,TV Show,Broken Heist,Not Given,"Actor 467, Actor 594",Spain,2014-06-09,2011,TV-MA,8 Seasons,"Thrillers, Stand-Up Comedy",A gripping story that unfolds over time.,2014,June,,8.0,Thrillers
s2361,Movie,Forgotten Signal,Director 219,"Actor 864, Actor 669",India,2009-11-25,2006,TV-PG,89 min,Documentaries,A gripping story that unfolds over time.,2009,November,89.0,,Documentaries
s2362,Movie,Lost Legacy,Director 490,"Actor 200, Actor 696",United States,2018-12-09,2015,R,124 min,"Documentaries, Reality TV",A gripping story that unfolds over time.,2018,December,124.0,,Documentaries
s2363,Movie,Secret Kingdom,Not Given,"Actor 848, Actor 713",Mexico,2002-08-19,2001,TV-Y7,164 min,Dramas,A gripping story that unfolds over time.,2002,August,164.0,,Dramas
s2364,Movie,Last Heist,Not Given,"Actor 573, Actor 941",India,2011-04-03,2009,TV-PG,94 min,"Dramas, Crime TV Shows",A gripping story that unfolds over time.,2011,April,94.0,,Dramas
s2365,TV Show,Wild City,Director 223,"Actor 403, Actor 451",India,2025-12-10,2023,TV-MA,6 Seasons,"Anime Series, Sci-Fi & Fantasy",A gripping story that unfolds over time.,2025,December,,6.0,Anime Series
s2366,Movie,Golden Empire,Director 171,"Actor 618, Actor 739",Japan,2007-09-08,2004,TV-MA,152 min,Crime TV Shows,A gripping story that unfolds over time.,2007,September,152.0,,Crime TV Shows
s2367,Movie,Last City,Director 423,"Actor 392, Actor 835",France,2003-07-15,2000,TV-MA,123 min,Kids' TV,A gripping story that unfolds over time.,2003,July,123.0,,Kids' TV
s2368,Movie,Hidden Horizon,Not Given,"Actor 849, Actor 66",Germany,2005-09-11,2005,R,152 min,Documentaries,A gripping story that unfolds over time.,2005,September,152.0,,Documentaries
s2369,Movie,Forgotten Empire,Not Given,"Actor 856, Actor 222",United States,2015-03-26,2015,TV-G,114 min,Anime Series,A gripping story that unfolds over time.,2015,March,114.0,,Anime Series
s2370,Movie,Forgotten Kingdom,Director 317,"Actor 660, Actor 977",Australia,2019-05-04,2016,TV-G,165 min,Reality TV,A gripping story that unfolds over time.,2019,May,165.0,,Reality TV
s2371,TV Show,Lost Shadows,Director 81,"Actor 479, Actor 386",Japan,2014-09-04,2014,TV-14,6 Seasons,Thrillers,A gripping story that unfolds over time.,2014,September,,6.0,Thrillers
s2372,Movie,Golden Journey,Not Given,"Actor 127, Actor 619",Mexico,2005-03-02,2005,PG-13,159 min,"Anime Series, Action & Adventure",A gripping story that unfolds over time.,2005,March,159.0,,Anime Series
s2373,TV Show,Wild City,Director 288,"Actor 740, Actor 234",Spain,2017-09-09,2014,TV-G,7 Seasons,Documentaries,A gripping story that unfolds over time.,2017,September,,7.0,Documentaries
s2374,TV Show,Lost Storm,Director 304,"Actor 319, Actor 685",United Kingdom,2009-05-06,2008,TV-Y7,1 Seasons,Dramas,A gripping story that unfolds over time.,2009,May,,1.0,Dramas
s2375,Movie,Lost City,Not Given,"Actor 55, Actor 844",United States,2016-08-20,2013,TV-Y7,102 min,"Dramas, Reality TV",A gripping story that unfolds over time.,2016,August,102.0,,Dramas
s2376,Movie,Final Journey,Not Given,"Actor 498, Actor 639",Australia,2006-01-27,2003,TV-MA,88 min,International Movies,A gripping story that unfolds over time.,2006,January,88.0,,International Movies
s2377,TV Show,Silent Kingdom,Not Given,"Actor 932, Actor 427",United States,2002-10-20,2001,R,6 Seasons,Romantic Movies,A gripping story that unfolds over time.,2002,October,,6.0,Romantic Movies
s2378,Movie,Endless Journey,Director 377,"Actor 564, Actor 545",Japan,2022-12-20,2022,PG-13,127 min,"International Movies, Stand-Up Comedy",A gripping story that unfolds over time.,2022,December,127.0,,International Movies
s2379,Movie,Rising Empire,Director 376,"Actor 365, Actor 608",Brazil,2025-08-24,2023,TV-G,143 min,"Comedies, Dramas",A gripping story that unfolds over time.,2025,August,143.0,,Comedies
s2380,Movie,Dark Empire,Not Given,"Actor 721, Actor 600",United States,2011-04-08,2011,PG-13,142 min,Dramas,A gripping story that unfolds over time.,2011,April,142.0,,Dramas
s2381,Movie,Silent Empire,Director 351,"Actor 704, Actor 901",India,2001-06-05,2000,TV-MA,124 min,"Documentaries, Stand-Up Comedy",A gripping story that unfolds over time.,2001,June,124.0,,Documentaries
s2382,TV Show,Broken Kingdom,Director 269,"Actor 527, Actor 311",Canada,2024-06-21,2024,PG-13,1 Seasons,Comedies,A gripping story that unfolds over time.,2024,June,,1.0,Comedies
s2383,TV Show,Silent City,Director 458,"Actor 735, Actor 848",South Korea,2004-04-16,2002,TV-PG,3 Seasons,"Documentaries, International Movies",A gripping story that unfolds over time.,2004,April,,3.0,Documentaries
s2384,Movie,Hidden Shadows,Director 46,"Actor 818, Actor 625",United States,2013-12-05,2011,PG,85 min,"Stand-Up Comedy, Dramas",A gripping story that unfolds over time.,2013,December,85.0,,Stand-Up Comedy
s2385,Movie,Broken Legacy,Director 256,"Actor 281, Actor 166",United Kingdom,2002-10-15,2001,TV-MA,87 min,"Children & Family Movies, Crime TV Shows",A gripping story that unfolds over time.,2002,October,87.0,,Children & Family Movies
s2386,Movie,Dark Dreams,Director 468,"Actor 916, Actor 604",South Korea,2018-01-05,2018,TV-MA,128 min,"Anime Series, Thrillers",A gripping story that unfolds over time.,2018,January,128.0,,Anime Series
s2387,Movie,Rising Shadows,Not Given,"Actor 533, Actor 508",Germany,2024-01-06,2023,PG-13,167 min,International Movies,A gripping story that unfolds over time.,2024,January,167.0,,International Movies
s2388,Movie,Last Heist,Not Given,"Actor 972, Actor 358",Nigeria,2006-07-21,2006,PG,145 min,"International Movies, Stand-Up Comedy",A gripping story that unfolds over time.,2006,July,145.0,,International Movies
s2389,Movie,Wild City,Not Given,"Actor 544, Actor 941",India,2022-10-13,2019,TV-Y7,110 min,"Action & Adventure, Crime TV Shows",A gripping story that unfolds over time.,2022,October,110.0,,Action & Adventure
s2390,Movie,Rising Chronicles,Director 361,"Actor 126, Actor 120",Japan,2023-10-22,2022,R,122 min,Horror Movies,A gripping story that unfolds over time.,2023,October,122.0,,Horror Movies
s2391,Movie,Dark Shadows,Not Given,"Actor 67, Actor 56",United States,2013-03-14,2013,PG,111 min,Documentaries,A gripping story that unfolds over time.,2013,March,111.0,,Documentaries
s2392,Movie,Hidden Chronicles,Not Given,"Actor 854, Actor 141",Spain,2018-11-16,2018,R,96 min,Thrillers,A gripping story that unfolds over time.,2018,November,96.0,,Thrillers
s2393,Movie,Final Chronicles,Director 116,"Actor 307, Actor 771",United States,2009-03-21,2006,TV-PG,76 min,Anime Series,A gripping story that unfolds over time.,2009,March,76.0,,Anime Series
s2394,TV Show,Golden Storm,Director 290,"Actor 712, Actor 278",Mexico,2016-02-18,2013,TV-Y7,4 Seasons,Kids' TV,A gripping story that unfolds over time.,2016,February,,4.0,Kids' TV
s2395,Movie,Silent Heist,Not Given,"Actor 340, Actor 97",United States,2016-03-04,2015,PG,147 min,"Comedies, Reality TV",A gripping story that unfolds over time.,2016,March,147.0,,Comedies
s2396,Movie,Final Signal,Director 422,"Actor 375, Actor 862",Brazil,2015-03-09,2015,PG,151 min,Romantic Movies,A gripping story that unfolds over time.,2015,March,151.0,,Romantic Movies
s2397,Movie,Silent Heist,Director 477,"Actor 787, Actor 99",India,2019-01-25,2018,R,94 min,"Kids' TV, Anime Series",A gripping story that unfolds over time.,2019,January,94.0,,Kids' TV
s2398,Movie,Endless Shadows,Director 301,"Actor 246, Actor 589",Canada,2024-06-27,2022,TV-Y7,80 min,"Crime TV Shows, Kids' TV",A gripping story that unfolds over time.,2024,June,80.0,,Crime TV Shows
s2399,TV Show,Broken Storm,Not Given,"Actor 398, Actor 14",Japan,2018-10-04,2015,TV-Y7,7 Seasons,Comedies,A gripping story that unfolds over time.,2018,October,,7.0,Comedies
s2400,Movie,Broken Shadows,Director 86,"Actor 549, Actor 442",Brazil,2014-04-27,2012,TV-Y7,113 min,"Action & Adventure, Romantic Movies",A gripping story that unfolds over time.,2014,April,113.0,,Action & Adventure
s2401,Movie,Hidden Empire,Director 369,"Actor 894, Actor 722",India,2008-04-04,2006,PG,143 min,Kids' TV,A gripping story that unfolds over time.,2008,April,143.0,,Kids' TV
s2402,Movie,Golden City,Director 244,"Actor 257, Actor 478",United States,2016-09-19,2016,R,78 min,"Children & Family Movies, Kids' TV",A gripping story that unfolds over time.,2016,September,78.0,,Children & Family Movies
s2403,Movie,Lost Heist,Director 255,"Actor 407, Actor 646",France,2006-09-14,2005,TV-G,79 min,"Stand-Up Comedy, International Movies",A gripping story that unfolds over time.,2006,September,79.0,,Stand-Up Comedy
s2404,TV Show,Dark Chronicles,Director 232,"Actor 398, Actor 410",France,2017-08-14,2016,TV-G,5 Seasons,Kids' TV,A gripping story that unfolds over time.,2017,August,,5.0,Kids' TV
s2405,TV Show,Golden Empire,Director 188,"Actor 430, Actor 33",India,2003-12-02,2002,R,4 Season,"International Movies, Anime Series",A gripping story that unfolds over time.,2003,December,,4.0,International Movies
s2406,Movie,Lost Shadows,Not Given,"Actor 67, Actor 822",United States,2014-07-06,2014,TV-MA,120 min,Children & Family Movies,A gripping story that unfolds over time.,2014,July,120.0,,Children & Family Movies
s2407,Movie,Hidden City,Director 187,"Actor 159, Actor 518",United States,2018-06-10,2017,PG-13,90 min,"Comedies, Anime Series",A gripping story that unfolds over time.,2018,June,90.0,,Comedies
s2408,Movie,Golden Horizon,Not Given,"Actor 425, Actor 348",United States,2026-09-13,2025,TV-Y7,115 min,"Children & Family Movies, Anime Series",A gripping story that unfolds over time.,2026,September,115.0,,Children & Family Movies
s2409,Movie,Lost Empire,Director 77,"Actor 579, Actor 185",Turkey,2023-02-25,2023,TV-MA,84 min,Dramas,A gripping story that unfolds over time.,2023,February,84.0,,Dramas
s2410,Movie,Broken Dreams,Director 371,"Actor 412, Actor 228",France,2026-02-26,2025,TV-Y7,133 min,International Movies,A gripping story that unfolds over time.,2026,February,133.0,,International Movies
s2411,Movie,Hidden Signal,Director 182,"Actor 571, Actor 974",Spain,2020-09-13,2017,R,159 min,"Stand-Up Comedy, Sci-Fi & Fantasy",A gripping story that unfolds over time.,2020,September,159.0,,Stand-Up Comedy
s2412,TV Show,Secret Dreams,Director 365,"Actor 578, Actor 270",United States,2017-11-05,2015,TV-G,8 Seasons,Sci-Fi & Fantasy,A gripping story that unfolds over time.,2017,November,,8.0,Sci-Fi & Fantasy
s2413,Movie,Silent Kingdom,Director 3,"Actor 258, Actor 342",India,2004-08-22,2002,PG,78 min,"Romantic Movies, Dramas",A gripping story that unfolds over time.,2004,August,78.0,,Romantic Movies
s2414,Movie,Last Dreams,Director 466,"Actor 512, Actor 147",United States,2026-05-16,2025,TV-PG,116 min,Dramas,A gripping story that unfolds over time.,2026,May,116.0,,Dramas
s2415,Movie,Last Storm,Director 37,"Actor 605, Actor 134",India,2026-11-15,2024,R,73 min,International Movies,A gripping story that unfolds over time.,2026,November,73.0,,International Movies
s2416,Movie,Wild Signal,Director 453,"Actor 315, Actor 630",Italy,2019-12-08,2016,TV-Y7,79 min,Thrillers,A gripping story that unfolds over time.,2019,December,79.0,,Thrillers
s2417,TV Show,Broken Storm,Not Given,"Actor 104, Actor 733",United Kingdom,2009-06-16,2008,TV-PG,1 Seasons,"Dramas, Crime TV Shows",A gripping story that unfolds over time.,2009,June,,1.0,Dramas
s2418,Movie,Rising Empire,Not Given,"Actor 130, Actor 131",France,2013-11-06,2010,PG,99 min,Children & Family Movies,A gripping story that unfolds over time.,2013,November,99.0,,Children & Family Movies
s2419,Movie,Endless Kingdom,Director 79,"Actor 242, Actor 134",Germany,2022-08-05,2022,PG-13,108 min,Horror Movies,A gripping story that unfolds over time.,2022,August,108.0,,Horror Movies
s2420,Movie,Hidden Empire,Not Given,"Actor 386, Actor 925",India,2002-03-23,2002,TV-MA,163 min,Children & Family Movies,A gripping story that unfolds over time.,2002,March,163.0,,Children & Family Movies
s2421,TV Show,Hidden Heist,Director 272,"Actor 286, Actor 39",United Kingdom,2003-12-12,2001,TV-MA,4 Seasons,"Documentaries, Thrillers",A gripping story that unfolds over time.,2003,December,,4.0,Documentaries
s2422,Movie,Broken Shadows,Director 390,"Actor 88, Actor 427",United States,2023-11-06,2023,R,149 min,"Kids' TV, Children & Family Movies",A gripping story that unfolds over time.,2023,November,149.0,,Kids' TV
s2423,Movie,Dark Horizon,Director 270,"Actor 304, Actor 840",India,2015-07-09,2012,PG,111 min,Horror Movies,A gripping story that unfolds over time.,2015,July,111.0,,Horror Movies
s2424,Movie,Rising Chronicles,Not Given,"Actor 193, Actor 461",India,2016-07-06,2015,TV-MA,72 min,"Dramas, Thrillers",A gripping story that unfolds over time.,2016,July,72.0,,Dramas
s2425,Movie,Final Heist,Not Given,"Actor 411, Actor 459",United States,2024-03-04,2021,TV-MA,156 min,Thrillers,A gripping story that unfolds over time.,2024,March,156.0,,Thrillers
s2426,Movie,Broken Heist,Not Given,"Actor 760, Actor 674",Nigeria,2025-02-08,2024,PG,77 min,Children & Family Movies,A gripping story that unfolds over time.,2025,February,77.0,,Children & Family Movies
s2427,Movie,Lost Storm,Director 128,"Actor 140, Actor 248",France,2011-03-22,2010,TV-14,144 min,"Action & Adventure, Anime Series",A gripping story that unfolds over time.,2011,March,144.0,,Action & Adventure
s2428,TV Show,Silent City,Not Given,"Actor 645, Actor 521",United States,2012-03-04,2011,TV-14,8 Seasons,Dramas,A gripping story that unfolds over time.,2012,March,,8.0,Dramas
s2429,Movie,Rising Chronicles,Director 169,"Actor 315, Actor 330",Nigeria,2017-11-17,2015,TV-Y7,162 min,Thrillers,A gripping story that unfolds over time.,2017,November,162.0,,Thrillers
s2430,Movie,Forgotten Legacy,Not Given,"Actor 455, Actor 805",India,2010-03-04,2008,TV-14,73 min,International Movies,A gripping story that unfolds over time.,2010,March,73.0,,International Movies
s2431,Movie,Broken Shadows,Director 204,"Actor 482, Actor 752",India,2004-10-02,2003,R,76 min,Stand-Up Comedy,A gripping story that unfolds over time.,2004,October,76.0,,Stand-Up Comedy
s2432,TV Show,Wild Empire,Director 334,"Actor 418, Actor 485",United States,2006-07-12,2005,TV-G,5 Seasons,"Anime Series, Thrillers",A gripping story that unfolds over time.,2006,July,,5.0,Anime Series
s2433,Movie,Secret City,Director 348,"Actor 439, Actor 551",Japan,2010-08-04,2009,TV-PG,80 min,"Children & Family Movies, Horror Movies",A gripping story that unfolds over time.,2010,August,80.0,,Children & Family Movies
s2434,Movie,Last Journey,Director 90,"Actor 144, Actor 166",United States,2010-03-03,2007,TV-14,79 min,Children & Family Movies,A gripping story that unfolds over time.,2010,March,79.0,,Children & Family Movies
s2435,Movie,Lost Chronicles,Not Given,"Actor 507, Actor 275",United States,2023-09-11,2023,TV-MA,90 min,Thrillers,A gripping story that unfolds over time.,2023,September,90.0,,Thrillers
s2436,Movie,Lost Legacy,Director 92,"Actor 594, Actor 372",Japan,2008-12-20,2008,PG-13,70 min,"Anime Series, Kids' TV",A gripping story that unfolds over time.,2008,December,70.0,,Anime Series
s2437,Movie,Endless Horizon,Director 250,"Actor 192, Actor 558",United States,2009-08-24,2009,TV-PG,78 min,Anime Series,A gripping story that unfolds over time.,2009,August,78.0,,Anime Series
s2438,Movie,Rising Empire,Director 391,"Actor 649, Actor 278",United States,2013-11-04,2013,TV-PG,112 min,International Movies,A gripping story that unfolds over time.,2013,November,112.0,,International Movies
s2439,Movie,Last Signal,Not Given,"Actor 46, Actor 644",United Kingdom,2006-03-14,2004,PG-13,111 min,Crime TV Shows,A gripping story that unfolds over time.,2006,March,111.0,,Crime TV Shows
s2440,TV Show,Lost Empire,Director 292,"Actor 122, Actor 523",Germany,2026-05-03,2025,PG-13,8 Seasons,Documentaries,A gripping story that unfolds over time.,2026,May,,8.0,Documentaries
s2441,Movie,Forgotten Journey,Director 298,"Actor 425, Actor 761",United States,2013-10-17,2012,PG-13,89 min,Children & Family Movies,A gripping story that unfolds over time.,2013,October,89.0,,Children & Family Movies
s2442,Movie,Golden Chronicles,Director 461,"Actor 680, Actor 391",United States,2008-02-23,2005,TV-Y7,146 min,"Comedies, Children & Family Movies",A gripping story that unfolds over time.,2008,February,146.0,,Comedies
s2443,TV Show,Dark Shadows,Director 54,"Actor 476, Actor 972",Brazil,2023-10-26,2021,TV-MA,4 Seasons,Kids' TV,A gripping story that unfolds over time.,2023,October,,4.0,Kids' TV
s2444,Movie,Endless Legacy,Director 454,"Actor 340, Actor 726",United States,2016-02-02,2015,TV-G,118 min,"Children & Family Movies, Stand-Up Comedy",A gripping story that unfolds over time.,2016,February,118.0,,Children & Family Movies
s2445,Movie,Silent Heist,Director 177,"Actor 872, Actor 932",Canada,2012-09-07,2011,TV-PG,109 min,"Reality TV, Documentaries",A gripping story that unfolds over time.,2012,September,109.0,,Reality TV
s2446,Movie,Silent City,Not Given,"Actor 508, Actor 780",South Korea,2012-01-05,2009,TV-G,160 min,"Comedies, Stand-Up Comedy",A gripping story that unfolds over time.,2012,January,160.0,,Comedies
s2447,Movie,Forgotten City,Not Given,"Actor 482, Actor 472",United States,2026-02-23,2025,TV-Y7,143 min,"Sci-Fi & Fantasy, Romantic Movies",A gripping story that unfolds over time.,2026,February,143.0,,Sci-Fi & Fantasy
s2448,TV Show,Forgotten City,Director 358,"Actor 181, Actor 794",Brazil,2020-03-13,2018,TV-PG,5 Seasons,"Comedies, Documentaries",A gripping story that unfolds over time.,2020,March,,5.0,Comedies
s2449,TV Show,Dark Signal,Director 174,"Actor 401, Actor 87",Japan,2025-11-23,2023,TV-14,4 Seasons,Sci-Fi & Fantasy,A gripping story that unfolds over time.,2025,November,,4.0,Sci-Fi & Fantasy
s2450,TV Show,Golden Journey,Director 353,"Actor 703, Actor 99",United Kingdom,2017-07-16,2014,TV-Y7,7 Seasons,"Thrillers, Kids' TV",A gripping story that unfolds over time.,2017,July,,7.0,Thrillers
s2451,TV Show,Forgotten Kingdom,Not Given,"Actor 654, Actor 5",United States,2026-05-17,2025,PG,6 Seasons,Kids' TV,A gripping story that unfolds over time.,2026,May,,6.0,Kids' TV
s2452,Movie,Hidden Kingdom,Not Given,"Actor 792, Actor 241",Germany,2026-06-05,2023,R,120 min,"Sci-Fi & Fantasy, Anime Series",A gripping story that unfolds over time.,2026,June,120.0,,Sci-Fi & Fantasy
s2453,TV Show,Endless Empire,Director 71,"Actor 745, Actor 931",South Korea,2025-11-08,2025,PG-13,6 Seasons,"Comedies, Kids' TV",A gripping story that unfolds over time.,2025,November,,6.0,Comedies
s2454,TV Show,Dark Shadows,Director 55,"Actor 208, Actor 132",United States,2021-03-14,2020,TV-PG,1 Seasons,Thrillers,A gripping story that unfolds over time.,2021,March,,1.0,Thrillers
s2455,TV Show,Final Journey,Director 41,"Actor 944, Actor 796",United States,2026-12-04,2025,TV-G,4 Seasons,International Movies,A gripping story that unfolds over time.,2026,December,,4.0,International Movies
s2456,Movie,Endless Signal,Director 341,"Actor 539, Actor 917",United States,2014-09-22,2014,TV-14,70 min,"Children & Family Movies, Romantic Movies",A gripping story that unfolds over time.,2014,September,70.0,,Children & Family Movies
s2457,Movie,Final Signal,Director 34,"Actor 405, Actor 557",United States,2025-01-01,2022,TV-G,98 min,Anime Series,A gripping story that unfolds over time.,2025,January,98.0,,Anime Series
s2458,TV Show,Broken Heist,Not Given,"Actor 872, Actor 500",France,2024-10-14,2024,R,4 Seasons,Romantic Movies,A gripping story that unfolds over time.,2024,October,,4.0,Romantic Movies
s2459,TV Show,Wild Legacy,Not Given,"Actor 417, Actor 353",United States,2014-12-09,2014,R,5 Seasons,Kids' TV,A gripping story that unfolds over time.,2014,December,,5.0,Kids' TV
s2460,Movie,Secret Journey,Not Given,"Actor 42, Actor 165",Germany,2001-02-09,2000,TV-G,90 min,International Movies,A gripping story that unfolds over time.,2001,February,90.0,,International Movies
s2461,TV Show,Broken Shadows,Director 342,"Actor 267, Actor 887",France,2011-08-18,2008,TV-G,8 Seasons,Crime TV Shows,A gripping story that unfolds over time.,2011,August,,8.0,Crime TV Shows
s2462,Movie,Wild Empire,Not Given,"Actor 102, Actor 262",Spain,2019-05-24,2017,PG-13,147 min,Children & Family Movies,A gripping story that unfolds over time.,2019,May,147.0,,Children & Family Movies
s2463,Movie,Forgotten Horizon,Director 433,"Actor 507, Actor 346",United States,2025-03-22,2025,TV-G,80 min,"Thrillers, Dramas",A gripping story that unfolds over time.,2025,March,80.0,,Thrillers
s2464,Movie,Wild Signal,Director 469,"Actor 847, Actor 26",United Kingdom,2016-07-06,2013,TV-14,141 min,"Dramas, Anime Series",A gripping story that unfolds over time.,2016,July,141.0,,Dramas
s2465,Movie,Last Empire,Director 392,"Actor 227, Actor 915",United States,2019-03-16,2018,PG-13,139 min,Comedies,A gripping story that unfolds over time.,2019,March,139.0,,Comedies
s2466,TV Show,Rising Storm,Not Given,"Actor 598, Actor 431",United States,2017-08-25,2014,PG-13,2 Seasons,"Crime TV Shows, Anime Series",A gripping story that unfolds over time.,2017,August,,2.0,Crime TV Shows
s2467,Movie,Dark Shadows,Director 391,"Actor 555, Actor 607",Nigeria,2008-04-18,2008,TV-Y7,103 min,"Documentaries, Dramas",A gripping story that unfolds over time.,2008,April,103.0,,Documentaries
s2468,TV Show,Endless Journey,Director 149,"Actor 76, Actor 982",United States,2021-05-23,2021,TV-Y7,7 Seasons,Action & Adventure,A gripping story that unfolds over time.,2021,May,,7.0,Action & Adventure
s2469,Movie,Broken Storm,Not Given,"Actor 722, Actor 394",United Kingdom,2008-03-03,2006,PG,119 min,"Comedies, Action & Adventure",A gripping story that unfolds over time.,2008,March,119.0,,Comedies
s2470,TV Show,Lost Heist,Director 146,"Actor 515, Actor 796",Turkey,2014-12-02,2012,PG-13,8 Seasons,Comedies,A gripping story that unfolds over time.,2014,December,,8.0,Comedies
s2471,TV Show,Last Legacy,Not Given,"Actor 596, Actor 755",Italy,2026-02-23,2025,TV-14,6 Seasons,Kids' TV,A gripping story that unfolds over time.,2026,February,,6.0,Kids' TV
s2472,TV Show,Golden Shadows,Not Given,"Actor 637, Actor 675",Australia,2016-07-27,2014,TV-14,4 Seasons,"Documentaries, Crime TV Shows",A gripping story that unfolds over time.,2016,July,,4.0,Documentaries
s2473,Movie,Endless Storm,Director 418,"Actor 68, Actor 57",Italy,2011-04-22,2010,TV-Y7,94 min,Dramas,A gripping story that unfolds over time.,2011,April,94.0,,Dramas
s2474,Movie,Broken Chronicles,Director 110,"Actor 793, Actor 82",Japan,2020-08-11,2018,TV-G,166 min,"Horror Movies, Dramas",A gripping story that unfolds over time.,2020,August,166.0,,Horror Movies
s2475,Movie,Dark Signal,Not Given,"Actor 996, Actor 381",United States,2019-02-24,2018,TV-G,107 min,"Reality TV, Children & Family Movies",A gripping story that unfolds over time.,2019,February,107.0,,Reality TV
s2476,Movie,Last Storm,Director 176,"Actor 82, Actor 446",United States,2015-05-25,2015,TV-PG,72 min,"Thrillers, Documentaries",A gripping story that unfolds over time.,2015,May,72.0,,Thrillers
s2477,Movie,Broken Legacy,Not Given,"Actor 968, Actor 974",Canada,2014-04-01,2011,TV-PG,119 min,Comedies,A gripping story that unfolds over time.,2014,April,119.0,,Comedies
s2478,Movie,Final Horizon,Director 422,"Actor 279, Actor 135",South Korea,2008-03-06,2007,TV-G,125 min,Comedies,A gripping story that unfolds over time.,2008,March,125.0,,Comedies
s2479,Movie,Broken Journey,Director 486,"Actor 766, Actor 411",United States,2015-06-07,2015,R,138 min,Thrillers,A gripping story that unfolds over time.,2015,June,138.0,,Thrillers
s2480,TV Show,Hidden Chronicles,Not Given,"Actor 667, Actor 177",United States,2004-06-03,2001,TV-MA,2 Seasons,"Action & Adventure, Stand-Up Comedy",A gripping story that unfolds over time.,2004,June,,2.0,Action & Adventure
s2481,TV Show,Endless Heist,Director 415,"Actor 27, Actor 112",India,2011-11-12,2010,TV-14,5 Seasons,"Dramas, Sci-Fi & Fantasy",A gripping story that unfolds over time.,2011,November,,5.0,Dramas
s2482,TV Show,Hidden Heist,Director 198,"Actor 226, Actor 307",Japan,2005-01-25,2003,PG-13,6 Seasons,"Horror Movies, Action & Adventure",A gripping story that unfolds over time.,2005,January,,6.0,Horror Movies
s2483,Movie,Forgotten Kingdom,Director 56,"Actor 92, Actor 8",Turkey,2023-12-22,2023,TV-Y7,123 min,International Movies,A gripping story that unfolds over time.,2023,December,123.0,,International Movies
s2484,TV Show,Lost Heist,Director 427,"Actor 498, Actor 292",United States,2026-12-26,2024,TV-14,1 Seasons,"Comedies, Thrillers",A gripping story that unfolds over time.,2026,December,,1.0,Comedies
s2485,Movie,Golden Signal,Director 334,"Actor 491, Actor 607",Mexico,2004-10-08,2002,TV-Y7,93 min,Reality TV,A gripping story that unfolds over time.,2004,October,93.0,,Reality TV
s2486,Movie,Dark City,Director 498,"Actor 29, Actor 604",United States,2016-11-05,2016,TV-14,145 min,Anime Series,A gripping story that unfolds over time.,2016,November,145.0,,Anime Series
s2487,TV Show,Golden Storm,Not Given,"Actor 762, Actor 847",India,2019-11-04,2019,TV-G,8 Seasons,Children & Family Movies,A gripping story that unfolds over time.,2019,November,,8.0,Children & Family Movies
s2488,TV Show,Golden Storm,Director 310,"Actor 725, Actor 737",India,2007-10-10,2007,TV-PG,5 Seasons,Romantic Movies,A gripping story that unfolds over time.,2007,October,,5.0,Romantic Movies
s2489,TV Show,Dark Heist,Director 390,"Actor 675, Actor 928",Spain,2022-05-14,2019,TV-Y7,8 Seasons,"Reality TV, Crime TV Shows",A gripping story that unfolds over time.,2022,May,,8.0,Reality TV
s2490,Movie,Secret Journey,Not Given,"Actor 64, Actor 929",United Kingdom,2019-04-07,2018,TV-G,143 min,Comedies,A gripping story that unfolds over time.,2019,April,143.0,,Comedies
s2491,TV Show,Last Kingdom,Director 38,"Actor 335, Actor 50",United States,2018-12-11,2016,TV-MA,4 Seasons,Action & Adventure,A gripping story that unfolds over time.,2018,December,,4.0,Action & Adventure
s2492,Movie,Wild Kingdom,Director 145,"Actor 529, Actor 94",Spain,2012-02-18,2012,PG,140 min,"Reality TV, Children & Family Movies",A gripping story that unfolds over time.,2012,February,140.0,,Reality TV
s2493,Movie,Rising Shadows,Director 20,"Actor 230, Actor 388",United States,2012-09-25,2012,TV-Y7,139 min,Crime TV Shows,A gripping story that unfolds over time.,2012,September,139.0,,Crime TV Shows
s2494,Movie,Secret Legacy,Not Given,"Actor 975, Actor 223",United Kingdom,2019-04-10,2017,TV-G,87 min,Reality TV,A gripping story that unfolds over time.,2019,April,87.0,,Reality TV
s2495,Movie,Golden Heist,Not Given,"Actor 104, Actor 464",France,2026-02-16,2023,TV-G,121 min,"Comedies, Romantic Movies",A gripping story that unfolds over time.,2026,February,121.0,,Comedies
s2496,Movie,Final City,Director 483,"Actor 767, Actor 131",Spain,2020-03-05,2018,TV-14,106 min,Reality TV,A gripping story that unfolds over time.,2020,March,106.0,,Reality TV
s2497,TV Show,Golden Chronicles,Director 248,"Actor 519, Actor 20",United States,2026-03-24,2025,TV-G,4 Seasons,"Documentaries, Thrillers",A gripping story that unfolds over time.,2026,March,,4.0,Documentaries
s2498,TV Show,Wild Storm,Not Given,"Actor 653, Actor 182",United Kingdom,2002-03-02,2001,TV-14,2 Seasons,"Children & Family Movies, International Movies",A gripping story that unfolds over time.,2002,March,,2.0,Children & Family Movies
s2499,TV Show,Secret Empire,Not Given,"Actor 642, Actor 644",United Kingdom,2017-01-23,2014,TV-MA,2 Seasons,"Crime TV Shows, Kids' TV",A gripping story that unfolds over time.,2017,January,,2.0,Crime TV Shows
s2500,Movie,Rising Shadows,Not Given,"Actor 913, Actor 99",Germany,2014-08-21,2012,TV-PG,130 min,"Sci-Fi & Fantasy, Children & Family Movies",A gripping story that unfolds over time.,2014,August,130.0,,Sci-Fi & Fantasy
s2501,Movie,Rising Chronicles,Not Given,"Actor 159, Actor 509",Nigeria,2010-12-03,2009,TV-Y7,82 min,"Romantic Movies, Anime Series",A gripping story that unfolds over time.,2010,December,82.0,,Romantic Movies
s2502,Movie,Broken Kingdom,Director 435,"Actor 52, Actor 911",Mexico,2022-12-04,2019,TV-14,133 min,"Reality TV, Romantic Movies",A gripping story that unfolds over time.,2022,December,133.0,,Reality TV
s2503,Movie,Rising Heist,Not Given,"Actor 723, Actor 429",United States,2024-03-20,2021,TV-G,166 min,Kids' TV,A gripping story that unfolds over time.,2024,March,166.0,,Kids' TV
s2504,Movie,Final Storm,Director 45,"Actor 987, Actor 207",Nigeria,2026-09-06,2025,TV-PG,119 min,"Thrillers, Action & Adventure",A gripping story that unfolds over time.,2026,September,119.0,,Thrillers
s2505,Movie,Lost Signal,Not Given,"Actor 275, Actor 514",India,2000-06-22,2000,TV-MA,108 min,International Movies,A gripping story that unfolds over time.,2000,June,108.0,,International Movies
s2506,Movie,Wild Signal,Not Given,"Actor 224, Actor 224",United States,2018-07-27,2016,PG-13,139 min,"Documentaries, Crime TV Shows",A gripping story that unfolds over time.,2018,July,139.0,,Documentaries
s2507,Movie,Endless Journey,Director 395,"Actor 223, Actor 108",Germany,2018-07-14,2015,TV-Y7,146 min,International Movies,A gripping story that unfolds over time.,2018,July,146.0,,International Movies
s2508,Movie,Dark Dreams,Director 468,"Actor 823, Actor 873",Brazil,2025-06-16,2025,PG,151 min,Documentaries,A gripping story that unfolds over time.,2025,June,151.0,,Documentaries
s2509,Movie,Forgotten Heist,Director 491,"Actor 278, Actor 649",Japan,2019-08-15,2017,PG,111 min,Children & Family Movies,A gripping story that unfolds over time.,2019,August,111.0,,Children & Family Movies
s2510,TV Show,Silent Chronicles,Director 137,"Actor 595, Actor 902",United Kingdom,2007-02-12,2005,TV-G,2 Season,"Sci-Fi & Fantasy, Documentaries",A gripping story that unfolds over time.,2007,February,,2.0,Sci-Fi & Fantasy
s2511,Movie,Silent Journey,Director 83,"Actor 405, Actor 613",United States,2015-11-10,2015,PG,97 min,"Romantic Movies, Comedies",A gripping story that unfolds over time.,2015,November,97.0,,Romantic Movies
s2512,TV Show,Last City,Director 398,"Actor 714, Actor 797",United States,2022-01-22,2021,TV-G,2 Seasons,Children & Family Movies,A gripping story that unfolds over time.,2022,January,,2.0,Children & Family Movies
s2513,Movie,Lost Empire,Director 363,"Actor 415, Actor 714",Nigeria,2023-02-17,2020,TV-G,73 min,Stand-Up Comedy,A gripping story that unfolds over time.,2023,February,73.0,,Stand-Up Comedy
s2514,Movie,Rising Shadows,Not Given,"Actor 501, Actor 165",United Kingdom,2007-03-23,2006,PG-13,70 min,Dramas,A gripping story that unfolds over time.,2007,March,70.0,,Dramas
s2515,Movie,Forgotten Heist,Not Given,"Actor 741, Actor 764",Turkey,2003-01-08,2002,R,158 min,Action & Adventure,A gripping story that unfolds over time.,2003,January,158.0,,Action & Adventure
s2516,Movie,Hidden Kingdom,Director 365,"Actor 241, Actor 89",United States,2019-01-23,2019,TV-PG,94 min,Horror Movies,A gripping story that unfolds over time.,2019,January,94.0,,Horror Movies
s2517,Movie,Wild Empire,Director 450,"Actor 173, Actor 705",France,2014-12-05,2014,PG,131 min,Dramas,A gripping story that unfolds over time.,2014,December,131.0,,Dramas
s2518,Movie,Dark Dreams,Director 255,"Actor 191, Actor 995",Spain,2022-04-06,2019,PG-13,162 min,"Action & Adventure, Documentaries",A gripping story that unfolds over time.,2022,April,162.0,,Action & Adventure
s2519,Movie,Silent Chronicles,Director 209,"Actor 981, Actor 180",United States,2006-04-03,2003,TV-Y7,149 min,"Thrillers, Crime TV Shows",A gripping story that unfolds over time.,2006,April,149.0,,Thrillers
s2520,Movie,Wild Shadows,Not Given,"Actor 382, Actor 453",United States,2019-10-01,2018,R,155 min,"Crime TV Shows, Reality TV",A gripping story that unfolds over time.,2019,October,155.0,,Crime TV Shows
s2521,Movie,Dark Chronicles,Director 422,"Actor 147, Actor 621",Brazil,2024-06-22,2022,R,124 min,"Kids' TV, Children & Family Movies",A gripping story that unfolds over time.,2024,June,124.0,,Kids' TV
s2522,Movie,Wild Heist,Not Given,"Actor 866, Actor 15",India,2003-11-09,2001,TV-MA,101 min,Anime Series,A gripping story that unfolds over time.,2003,November,101.0,,Anime Series
s2523,Movie,Final Dreams,Director 458,"Actor 571, Actor 173",Japan,2016-08-26,2013,PG,143 min,"Reality TV, Children & Family Movies",A gripping story that unfolds over time.,2016,August,143.0,,Reality TV
s2524,TV Show,Secret Heist,Not Given,"Actor 306, Actor 172",United States,2004-01-14,2004,TV-PG,6 Seasons,"Reality TV, Documentaries",A gripping story that unfolds over time.,2004,January,,6.0,Reality TV
s2525,Movie,Dark Dreams,Director 425,"Actor 333, Actor 745",India,2003-05-15,2001,TV-MA,144 min,International Movies,A gripping story that unfolds over time.,2003,May,144.0,,International Movies
s2526,Movie,Silent Chronicles,Director 373,"Actor 834, Actor 929",United Kingdom,2021-12-09,2018,TV-G,167 min,"International Movies, Action & Adventure",A gripping story that unfolds over time.,2021,December,167.0,,International Movies
s2527,Movie,Broken Signal,Director 151,"Actor 548, Actor 140",United States,2022-01-23,2022,TV-Y7,137 min,"Crime TV Shows, Sci-Fi & Fantasy",A gripping story that unfolds over time.,2022,January,137.0,,Crime TV Shows
s2528,Movie,Golden Chronicles,Not Given,"Actor 909, Actor 390",Brazil,2011-07-14,2011,PG,73 min,Sci-Fi & Fantasy,A gripping story that unfolds over time.,2011,July,73.0,,Sci-Fi & Fantasy
s2529,Movie,Golden Journey,Director 127,"Actor 368, Actor 648",United States,2017-10-27,2017,PG,115 min,"Documentaries, Children & Family Movies",A gripping story that unfolds over time.,2017,October,115.0,,Documentaries
s2530,Movie,Hidden Signal,Not Given,"Actor 288, Actor 232",India,2026-12-03,2025,TV-Y7,135 min,International Movies,A gripping story that unfolds over time.,2026,December,135.0,,International Movies
s2531,Movie,Lost City,Not Given,"Actor 386, Actor 323",Australia,2024-07-10,2024,R,143 min,"Documentaries, Sci-Fi & Fantasy",A gripping story that unfolds over time.,2024,July,143.0,,Documentaries
s2532,TV Show,Final Journey,Not Given,"Actor 792, Actor 542",United States,2006-05-17,2003,TV-Y7,4 Seasons,Dramas,A gripping story that unfolds over time.,2006,May,,4.0,Dramas
s2533,TV Show,Final Signal,Director 402,"Actor 236, Actor 6",United States,2014-11-25,2011,PG-13,1 Season,"Horror Movies, Stand-Up Comedy",A gripping story that unfolds over time.,2014,November,,1.0,Horror Movies
s2534,TV Show,Forgotten Storm,Not Given,"Actor 306, Actor 763",United States,2026-08-27,2025,TV-PG,7 Seasons,"International Movies, Crime TV Shows",A gripping story that unfolds over time.,2026,August,,7.0,International Movies
s2535,Movie,Silent Chronicles,Director 404,"Actor 813, Actor 902",Mexico,2005-09-01,2005,TV-PG,168 min,Stand-Up Comedy,A gripping story that unfolds over time.,2005,September,168.0,,Stand-Up Comedy
s2536,Movie,Forgotten Storm,Not Given,"Actor 338, Actor 719",Spain,2024-02-16,2022,TV-MA,97 min,"Action & Adventure, Comedies",A gripping story that unfolds over time.,2024,February,97.0,,Action & Adventure
s2537,Movie,Final Heist,Director 208,"Actor 981, Actor 661",France,2023-03-01,2020,TV-PG,122 min,Anime Series,A gripping story that unfolds over time.,2023,March,122.0,,Anime Series
s2538,TV Show,Hidden Shadows,Director 70,"Actor 936, Actor 922",United States,2016-07-25,2013,TV-MA,8 Seasons,"Action & Adventure, Thrillers",A gripping story that unfolds over time.,2016,July,,8.0,Action & Adventure
s2539,TV Show,Final Dreams,Not Given,"Actor 163, Actor 481",Mexico,2012-05-12,2009,TV-G,6 Seasons,"Sci-Fi & Fantasy, Comedies",A gripping story that unfolds over time.,2012,May,,6.0,Sci-Fi & Fantasy
s2540,Movie,Dark Empire,Director 251,"Actor 694, Actor 466",Spain,2019-01-08,2017,TV-Y7,100 min,Comedies,A gripping story that unfolds over time.,2019,January,100.0,,Comedies
s2541,Movie,Lost Storm,Not Given,"Actor 946, Actor 990",United States,2018-09-14,2015,PG-13,93 min,Kids' TV,A gripping story that unfolds over time.,2018,September,93.0,,Kids' TV
s2542,Movie,Lost Horizon,Director 340,"Actor 270, Actor 872",South Korea,2023-03-06,2020,TV-G,157 min,"Stand-Up Comedy, Children & Family Movies",A gripping story that unfolds over time.,2023,March,157.0,,Stand-Up Comedy
s2543,TV Show,Endless Horizon,Director 215,"Actor 811, Actor 329",Spain,2003-08-04,2003,TV-G,4 Seasons,"Kids' TV, International Movies",A gripping story that unfolds over time.,2003,August,,4.0,Kids' TV
s2544,Movie,Lost Shadows,Director 179,"Actor 12, Actor 880",United States,2008-04-05,2006,PG-13,73 min,"Anime Series, Crime TV Shows",A gripping story that unfolds over time.,2008,April,73.0,,Anime Series
s2545,Movie,Endless Kingdom,Director 50,"Actor 661, Actor 412",Mexico,2008-06-23,2006,TV-PG,111 min,"Anime Series, Action & Adventure",A gripping story that unfolds over time.,2008,June,111.0,,Anime Series
s2546,TV Show,Hidden Shadows,Director 331,"Actor 359, Actor 252",Spain,2008-06-09,2005,R,5 Seasons,"Romantic Movies, Kids' TV",A gripping story that unfolds over time.,2008,June,,5.0,Romantic Movies
s2547,Movie,Forgotten Horizon,Director 69,"Actor 921, Actor 654",United States,2016-06-07,2013,TV-MA,101 min,"Kids' TV, Dramas",A gripping story that unfolds over time.,2016,June,101.0,,Kids' TV
s2548,Movie,Silent City,Not Given,"Actor 703, Actor 93",United States,2002-05-17,2001,TV-14,164 min,Dramas,A gripping story that unfolds over time.,2002,May,164.0,,Dramas
s2549,Movie,Lost Empire,Not Given,"Actor 934, Actor 796",United States,2013-10-26,2010,TV-14,154 min,Kids' TV,A gripping story that unfolds over time.,2013,October,154.0,,Kids' TV
s2550,TV Show,Broken Kingdom,Director 403,"Actor 226, Actor 838",Spain,2005-09-20,2003,R,6 Seasons,Comedies,A gripping story that unfolds over time.,2005,September,,6.0,Comedies
s2551,Movie,Hidden Storm,Director 110,"Actor 962, Actor 421",South Korea,2013-07-16,2013,PG-13,97 min,Anime Series,A gripping story that unfolds over time.,2013,July,97.0,,Anime Series
s2552,Movie,Lost Shadows,Not Given,"Actor 360, Actor 169",United States,2006-04-01,2006,R,163 min,"Reality TV, Kids' TV",A gripping story that unfolds over time.,2006,April,163.0,,Reality TV
s2553,TV Show,Golden Journey,Director 78,"Actor 411, Actor 210",France,2009-10-10,2006,R,1 Seasons,Children & Family Movies,A gripping story that unfolds over time.,2009,October,,1.0,Children & Family Movies
s2554,Movie,Last Legacy,Not Given,"Actor 37, Actor 330",India,2021-09-10,2020,PG,164 min,"Comedies, Children & Family Movies",A gripping story that unfolds over time.,2021,September,164.0,,Comedies
s2555,TV Show,Golden Kingdom,Director 209,"Actor 627, Actor 51",Australia,2018-11-08,2017,TV-PG,7 Season,"Dramas, Children & Family Movies",A gripping story that unfolds over time.,2018,November,,7.0,Dramas
s2556,Movie,Hidden Storm,Director 313,"Actor 505, Actor 523",United States,2006-10-20,2005,R,102 min,"Action & Adventure, Horror Movies",A gripping story that unfolds over time.,2006,October,102.0,,Action & Adventure
s2557,Movie,Hidden Signal,Director 351,"Actor 323, Actor 453",Mexico,2010-11-07,2010,TV-PG,104 min,Dramas,A gripping story that unfolds over time.,2010,November,104.0,,Dramas
s2558,Movie,Rising Heist,Director 321,"Actor 269, Actor 552",United States,2014-08-03,2014,TV-MA,133 min,Documentaries,A gripping story that unfolds over time.,2014,August,133.0,,Documentaries
s2559,Movie,Broken City,Director 80,"Actor 201, Actor 986",United States,2010-10-10,2007,TV-Y7,73 min,"Romantic Movies, Sci-Fi & Fantasy",A gripping story that unfolds over time.,2010,October,73.0,,Romantic Movies
s2560,Movie,Hidden Chronicles,Director 384,"Actor 475, Actor 594",Spain,2026-11-07,2023,TV-Y7,137 min,Dramas,A gripping story that unfolds over time.,2026,November,137.0,,Dramas
s2561,TV Show,Golden Empire,Director 190,"Actor 655, Actor 822",United States,2005-12-01,2002,R,7 Seasons,"Action & Adventure, Anime Series",A gripping story that unfolds over time.,2005,December,,7.0,Action & Adventure
s2562,Movie,Silent Kingdom,Director 141,"Actor 282, Actor 290",United States,2019-11-13,2019,PG,109 min,"International Movies, Stand-Up Comedy",A gripping story that unfolds over time.,2019,November,109.0,,International Movies
s2563,TV Show,Secret Legacy,Not Given,"Actor 251, Actor 274",United Kingdom,2019-03-17,2016,PG,3 Seasons,"Anime Series, Children & Family Movies",A gripping story that unfolds over time.,2019,March,,3.0,Anime Series
s2564,TV Show,Endless Signal,Not Given,"Actor 656, Actor 661",India,2004-01-12,2002,R,3 Seasons,Reality TV,A gripping story that unfolds over time.,2004,January,,3.0,Reality TV
s2565,TV Show,Golden City,Director 349,"Actor 672, Actor 839",United Kingdom,2022-08-06,2020,PG,7 Seasons,"Thrillers, Stand-Up Comedy",A gripping story that unfolds over time.,2022,August,,7.0,Thrillers
s2566,Movie,Broken Signal,Director 373,"Actor 786, Actor 710",France,2014-05-01,2011,PG-13,89 min,"Stand-Up Comedy, Crime TV Shows",A gripping story that unfolds over time.,2014,May,89.0,,Stand-Up Comedy
s2567,Movie,Final City,Director 354,"Actor 809, Actor 751",Germany,2010-03-22,2009,TV-Y7,155 min,Reality TV,A gripping story that unfolds over time.,2010,March,155.0,,Reality TV
s2568,Movie,Silent Signal,Director 198,"Actor 147, Actor 576",United States,2011-08-27,2011,TV-PG,161 min,Kids' TV,A gripping story that unfolds over time.,2011,August,161.0,,Kids' TV
s2569,TV Show,Golden Horizon,Not Given,"Actor 561, Actor 779",United States,2026-10-02,2025,PG,1 Seasons,"Horror Movies, Action & Adventure",A gripping story that unfolds over time.,2026,October,,1.0,Horror Movies
s2570,Movie,Wild Horizon,Director 145,"Actor 5, Actor 840",United States,2014-11-27,2013,PG,77 min,"Dramas, Comedies",A gripping story that unfolds over time.,2014,November,77.0,,Dramas
s2571,Movie,Wild Empire,Director 277,"Actor 1, Actor 144",United States,2017-09-26,2014,TV-PG,79 min,"Action & Adventure, Horror Movies",A gripping story that unfolds over time.,2017,September,79.0,,Action & Adventure
s2572,Movie,Final Heist,Director 359,"Actor 256, Actor 958",Spain,2011-10-18,2008,TV-PG,75 min,"Crime TV Shows, Kids' TV",A gripping story that unfolds over time.,2011,October,75.0,,Crime TV Shows
s2573,Movie,Broken City,Not Given,"Actor 416, Actor 635",United States,2018-09-05,2017,TV-14,110 min,"Horror Movies, Crime TV Shows",A gripping story that unfolds over time.,2018,September,110.0,,Horror Movies
s2574,Movie,Final Shadows,Not Given,"Actor 321, Actor 798",Canada,2010-02-05,2009,PG,163 min,"International Movies, Documentaries",A gripping story that unfolds over time.,2010,February,163.0,,International Movies
s2575,Movie,Golden Journey,Director 474,"Actor 354, Actor 97",India,2006-07-18,2004,PG-13,163 min,International Movies,A gripping story that unfolds over time.,2006,July,163.0,,International Movies
s2576,Movie,Broken Chronicles,Director 317,"Actor 892, Actor 645",United Kingdom,2006-04-01,2006,TV-G,97 min,"Kids' TV, Thrillers",A gripping story that unfolds over time.,2006,April,97.0,,Kids' TV
s2577,Movie,Final Dreams,Director 233,"Actor 832, Actor 710",United States,2021-05-03,2018,TV-Y7,114 min,"Romantic Movies, International Movies",A gripping story that unfolds over time.,2021,May,114.0,,Romantic Movies
s2578,Movie,Dark Heist,Not Given,"Actor 412, Actor 645",Japan,2001-04-22,2001,TV-G,96 min,"Children & Family Movies, Documentaries",A gripping story that unfolds over time.,2001,April,96.0,,Children & Family Movies
s2579,Movie,Rising Shadows,Director 428,"Actor 65, Actor 254",United States,2005-03-18,2005,PG,157 min,Sci-Fi & Fantasy,A gripping story that unfolds over time.,2005,March,157.0,,Sci-Fi & Fantasy
s2580,Movie,Dark Legacy,Director 214,"Actor 871, Actor 496",Mexico,2024-11-08,2024,TV-PG,93 min,Dramas,A gripping story that unfolds over time.,2024,November,93.0,,Dramas
s2581,Movie,Forgotten Dreams,Director 238,"Actor 544, Actor 203",United States,2006-01-13,2005,R,114 min,Horror Movies,A gripping story that unfolds over time.,2006,January,114.0,,Horror Movies
s2582,TV Show,Broken Horizon,Director 123,"Actor 287, Actor 53",India,2019-04-25,2016,PG,5 Seasons,"Kids' TV, Action & Adventure",A gripping story that unfolds over time.,2019,April,,5.0,Kids' TV
s2583,Movie,Rising Journey,Not Given,"Actor 38, Actor 605",France,2025-12-25,2022,PG-13,97 min,"Thrillers, Comedies",A gripping story that unfolds over time.,2025,December,97.0,,Thrillers
s2584,Movie,Silent Shadows,Director 60,"Actor 323, Actor 29",United States,2017-02-25,2016,TV-PG,163 min,Kids' TV,A gripping story that unfolds over time.,2017,February,163.0,,Kids' TV
s2585,TV Show,Forgotten Chronicles,Not Given,"Actor 999, Actor 739",Brazil,2017-05-03,2015,TV-PG,2 Seasons,Documentaries,A gripping story that unfolds over time.,2017,May,,2.0,Documentaries
s2586,TV Show,Golden Storm,Director 219,"Actor 728, Actor 962",Italy,2019-04-12,2016,TV-PG,1 Seasons,"Thrillers, Comedies",A gripping story that unfolds over time.,2019,April,,1.0,Thrillers
s2587,Movie,Broken Empire,Not Given,"Actor 108, Actor 771",Australia,2026-03-23,2025,R,102 min,"Action & Adventure, Reality TV",A gripping story that unfolds over time.,2026,March,102.0,,Action & Adventure
s2588,TV Show,Final City,Not Given,"Actor 209, Actor 861",Canada,2026-09-23,2024,PG,3 Seasons,Documentaries,A gripping story that unfolds over time.,2026,September,,3.0,Documentaries
s2589,Movie,Lost Legacy,Not Given,"Actor 300, Actor 407",United States,2016-06-16,2013,PG,143 min,Reality TV,A gripping story that unfolds over time.,2016,June,143.0,,Reality TV
s2590,Movie,Final Shadows,Director 34,"Actor 373, Actor 71",Germany,2012-09-15,2011,PG-13,83 min,"Action & Adventure, Thrillers",A gripping story that unfolds over time.,2012,September,83.0,,Action & Adventure
s2591,Movie,Lost Chronicles,Director 55,"Actor 229, Actor 224",India,2019-07-24,2019,TV-14,79 min,Crime TV Shows,A gripping story that unfolds over time.,2019,July,79.0,,Crime TV Shows
s2592,Movie,Last City,Director 340,"Actor 827, Actor 999",Japan,2025-11-27,2024,PG,75 min,"Action & Adventure, Sci-Fi & Fantasy",A gripping story that unfolds over time.,2025,November,75.0,,Action & Adventure
s2593,TV Show,Final Kingdom,Director 288,"Actor 16, Actor 368",Japan,2013-02-27,2011,PG-13,3 Seasons,Comedies,A gripping story that unfolds over time.,2013,February,,3.0,Comedies
s2594,Movie,Rising Empire,Director 102,"Actor 332, Actor 79",United States,2021-08-17,2021,PG-13,102 min,Children & Family Movies,A gripping story that unfolds over time.,2021,August,102.0,,Children & Family Movies
s2595,TV Show,Lost Horizon,Not Given,"Actor 921, Actor 939",United States,2019-11-26,2019,PG-13,2 Seasons,"Children & Family Movies, Kids' TV",A gripping story that unfolds over time.,2019,November,,2.0,Children & Family Movies
s2596,TV Show,Hidden Empire,Not Given,"Actor 724, Actor 388",France,2026-01-06,2025,TV-G,2 Seasons,"Stand-Up Comedy, Kids' TV",A gripping story that unfolds over time.,2026,January,,2.0,Stand-Up Comedy
s2597,TV Show,Dark Chronicles,Director 405,"Actor 181, Actor 838",Italy,2001-10-01,2000,PG-13,3 Seasons,Sci-Fi & Fantasy,A gripping story that unfolds over time.,2001,October,,3.0,Sci-Fi & Fantasy
s2598,Movie,Dark Storm,Director 97,"Actor 740, Actor 36",United Kingdom,2026-03-14,2024,TV-MA,116 min,Comedies,A gripping story that unfolds over time.,2026,March,116.0,,Comedies
s2599,TV Show,Broken Shadows,Director 78,"Actor 391, Actor 749",Canada,2024-07-24,2024,TV-G,4 Seasons,"Children & Family Movies, Anime Series",A gripping story that unfolds over time.,2024,July,,4.0,Children & Family Movies
s2600,TV Show,Dark Dreams,Director 339,"Actor 672, Actor 842",United Kingdom,2012-11-22,2011,TV-PG,3 Seasons,Thrillers,A gripping story that unfolds over time.,2012,November,,3.0,Thrillers
s2601,Movie,Golden Dreams,Director 313,"Actor 441, Actor 616",United States,2015-07-26,2015,TV-Y7,164 min,Documentaries,A gripping story that unfolds over time.,2015,July,164.0,,Documentaries
s2602,Movie,Silent Shadows,Director 271,"Actor 49, Actor 661",United States,2016-08-11,2014,PG,165 min,"Stand-Up Comedy, Kids' TV",A gripping story that unfolds over time.,2016,August,165.0,,Stand-Up Comedy
s2603,Movie,Lost City,Director 342,"Actor 952, Actor 252",Japan,2022-12-15,2020,R,94 min,Children & Family Movies,A gripping story that unfolds over time.,2022,December,94.0,,Children & Family Movies
s2604,Movie,Lost Dreams,Director 233,"Actor 660, Actor 124",United States,2006-01-27,2004,TV-14,163 min,"Children & Family Movies, Horror Movies",A gripping story that unfolds over time.,2006,January,163.0,,Children & Family Movies
s2605,Movie,Lost Legacy,Director 184,"Actor 287, Actor 212",India,2008-10-25,2007,TV-Y7,160 min,"Kids' TV, Action & Adventure",A gripping story that unfolds over time.,2008,October,160.0,,Kids' TV
s2606,Movie,Dark Storm,Director 162,"Actor 669, Actor 493",United States,2024-05-16,2024,R,107 min,"International Movies, Dramas",A gripping story that unfolds over time.,2024,May,107.0,,International Movies
s2607,Movie,Silent City,Not Given,"Actor 701, Actor 491",United States,2025-03-13,2023,TV-G,93 min,Action & Adventure,A gripping story that unfolds over time.,2025,March,93.0,,Action & Adventure
s2608,Movie,Last Dreams,Director 364,"Actor 692, Actor 829",Germany,2014-02-16,2014,TV-PG,75 min,"Dramas, Kids' TV",A gripping story that unfolds over time.,2014,February,75.0,,Dramas
s2609,Movie,Dark Kingdom,Not Given,"Actor 798, Actor 488",India,2015-01-08,2013,R,120 min,Comedies,A gripping story that unfolds over time.,2015,January,120.0,,Comedies
s2610,Movie,Final Shadows,Not Given,"Actor 805, Actor 681",Japan,2015-11-01,2015,TV-Y7,79 min,Comedies,A gripping story that unfolds over time.,2015,November,79.0,,Comedies
s2611,Movie,Dark Empire,Director 326,"Actor 536, Actor 218",Canada,2014-10-02,2013,PG,73 min,International Movies,A gripping story that unfolds over time.,2014,October,73.0,,International Movies
s2612,TV Show,Rising Journey,Not Given,"Actor 411, Actor 780",United States,2012-02-06,2012,TV-14,5 Seasons,"Anime Series, Horror Movies",A gripping story that unfolds over time.,2012,February,,5.0,Anime Series
s2613,Movie,Silent Horizon,Director 304,"Actor 296, Actor 290",India,2016-08-14,2015,TV-G,79 min,"Stand-Up Comedy, Reality TV",A gripping story that unfolds over time.,2016,August,79.0,,Stand-Up Comedy
s2614,TV Show,Dark Legacy,Director 199,"Actor 513, Actor 325",United Kingdom,2002-01-14,2000,PG,4 Seasons,International Movies,A gripping story that unfolds over time.,2002,January,,4.0,International Movies
s2615,Movie,Final Signal,Director 355,"Actor 355, Actor 310",Brazil,2023-07-16,2020,TV-MA,89 min,"Crime TV Shows, International Movies",A gripping story that unfolds over time.,2023,July,89.0,,Crime TV Shows
s2616,TV Show,Secret Storm,Director 3,"Actor 201, Actor 389",United Kingdom,2004-06-24,2003,PG-13,4 Seasons,Comedies,A gripping story that unfolds over time.,2004,June,,4.0,Comedies
s2617,TV Show,Golden Legacy,Director 19,"Actor 684, Actor 415",United States,2002-04-15,2001,TV-G,4 Seasons,Sci-Fi & Fantasy,A gripping story that unfolds over time.,2002,April,,4.0,Sci-Fi & Fantasy
s2618,Movie,Dark Signal,Not Given,"Actor 256, Actor 354",India,2011-04-09,2009,TV-MA,82 min,Romantic Movies,A gripping story that unfolds over time.,2011,April,82.0,,Romantic Movies
s2619,TV Show,Dark Dreams,Director 143,"Actor 255, Actor 96",India,2022-03-15,2020,R,1 Seasons,"Romantic Movies, Sci-Fi & Fantasy",A gripping story that unfolds over time.,2022,March,,1.0,Romantic Movies
s2620,Movie,Last Legacy,Director 18,"Actor 601, Actor 332",Spain,2019-04-21,2016,TV-PG,111 min,"International Movies, Thrillers",A gripping story that unfolds over time.,2019,April,111.0,,International Movies
s2621,Movie,Forgotten Storm,Not Given,"Actor 564, Actor 869",United States,2008-05-07,2007,PG,71 min,Crime TV Shows,A gripping story that unfolds over time.,2008,May,71.0,,Crime TV Shows
s2622,TV Show,Secret Horizon,Director 87,"Actor 187, Actor 612",United Kingdom,2012-10-25,2009,TV-G,5 Seasons,Thrillers,A gripping story that unfolds over time.,2012,October,,5.0,Thrillers
s2623,Movie,Silent Journey,Not Given,"Actor 705, Actor 985",United States,2012-02-19,2009,PG-13,140 min,"Thrillers, Comedies",A gripping story that unfolds over time.,2012,February,140.0,,Thrillers
s2624,TV Show,Final Kingdom,Director 114,"Actor 357, Actor 423",United States,2018-08-05,2016,PG-13,1 Seasons,Reality TV,A gripping story that unfolds over time.,2018,August,,1.0,Reality TV
s2625,Movie,Rising Empire,Director 220,"Actor 862, Actor 792",Canada,2006-03-04,2004,TV-14,110 min,Action & Adventure,A gripping story that unfolds over time.,2006,March,110.0,,Action & Adventure
s2626,Movie,Silent Legacy,Director 492,"Actor 185, Actor 621",United Kingdom,2020-11-20,2020,TV-Y7,154 min,Thrillers,A gripping story that unfolds over time.,2020,November,154.0,,Thrillers
s2627,Movie,Broken Heist,Director 191,"Actor 77, Actor 55",United Kingdom,2016-05-12,2014,TV-G,121 min,"International Movies, Stand-Up Comedy",A gripping story that unfolds over time.,2016,May,121.0,,International Movies
s2628,TV Show,Final City,Director 31,"Actor 360, Actor 324",India,2005-06-08,2005,TV-14,1 Seasons,"Dramas, Kids' TV",A gripping story that unfolds over time.,2005,June,,1.0,Dramas
s2629,TV Show,Hidden Legacy,Not Given,"Actor 491, Actor 674",Italy,2017-08-06,2014,R,4 Season,Action & Adventure,A gripping story that unfolds over time.,2017,August,,4.0,Action & Adventure
s2630,TV Show,Endless Journey,Director 2,"Actor 718, Actor 742",United States,2010-09-15,2010,TV-14,2 Seasons,International Movies,A gripping story that unfolds over time.,2010,September,,2.0,International Movies
s2631,TV Show,Golden Kingdom,Director 444,"Actor 522, Actor 621",Australia,2006-12-22,2003,PG,4 Seasons,Stand-Up Comedy,A gripping story that unfolds over time.,2006,December,,4.0,Stand-Up Comedy
s2632,TV Show,Dark Kingdom,Not Given,"Actor 377, Actor 144",Australia,2006-10-02,2004,TV-G,8 Seasons,"Sci-Fi & Fantasy, Stand-Up Comedy",A gripping story that unfolds over time.,2006,October,,8.0,Sci-Fi & Fantasy
s2633,Movie,Secret Kingdom,Director 301,"Actor 500, Actor 909",United Kingdom,2015-01-14,2014,TV-G,125 min,Children & Family Movies,A gripping story that unfolds over time.,2015,January,125.0,,Children & Family Movies
s2634,TV Show,Broken Chronicles,Director 498,"Actor 120, Actor 790",Italy,2014-01-25,2013,TV-14,4 Seasons,International Movies,A gripping story that unfolds over time.,2014,January,,4.0,International Movies
s2635,TV Show,Endless Journey,Director 208,"Actor 603, Actor 775",Mexico,2005-11-17,2003,TV-Y7,7 Seasons,"Action & Adventure, Documentaries",A gripping story that unfolds over time.,2005,November,,7.0,Action & Adventure
s2636,Movie,Wild Horizon,Director 371,"Actor 56, Actor 829",Canada,2003-04-07,2001,TV-MA,153 min,"Anime Series, Action & Adventure",A gripping story that unfolds over time.,2003,April,153.0,,Anime Series
s2637,Movie,Dark Empire,Director 180,"Actor 161, Actor 155",Spain,2011-02-11,2011,TV-14,116 min,Kids' TV,A gripping story that unfolds over time.,2011,February,116.0,,Kids' TV
s2638,TV Show,Silent Legacy,Director 498,"Actor 924, Actor 505",India,2015-12-06,2013,TV-MA,5 Season,Sci-Fi & Fantasy,A gripping story that unfolds over time.,2015,December,,5.0,Sci-Fi & Fantasy
s2639,TV Show,Endless Legacy,Director 447,"Actor 496, Actor 217",United States,2014-06-18,2013,TV-PG,6 Seasons,"Romantic Movies, Children & Family Movies",A gripping story that unfolds over time.,2014,June,,6.0,Romantic Movies
s2640,TV Show,Wild Legacy,Director 171,"Actor 754, Actor 463",Canada,2017-12-02,2017,PG-13,3 Seasons,"International Movies, Sci-Fi & Fantasy",A gripping story that unfolds over time.,2017,December,,3.0,International Movies
s2641,Movie,Silent Legacy,Not Given,"Actor 310, Actor 844",Japan,2007-01-12,2006,PG,164 min,Horror Movies,A gripping story that unfolds over time.,2007,January,164.0,,Horror Movies
s2642,TV Show,Secret Empire,Director 303,"Actor 204, Actor 890",Spain,2026-08-23,2025,PG,3 Seasons,"Sci-Fi & Fantasy, Stand-Up Comedy",A gripping story that unfolds over time.,2026,August,,3.0,Sci-Fi & Fantasy
s2643,Movie,Broken Dreams,Director 166,"Actor 896, Actor 598",Brazil,2012-03-17,2011,TV-G,169 min,"Thrillers, Horror Movies",A gripping story that unfolds over time.,2012,March,169.0,,Thrillers
s2644,Movie,Endless City,Director 70,"Actor 474, Actor 334",Mexico,2009-07-04,2007,TV-14,78 min,"International Movies, Horror Movies",A gripping story that unfolds over time.,2009,July,78.0,,International Movies
s2645,TV Show,Wild Legacy,Not Given,"Actor 248, Actor 105",Japan,2026-07-06,2024,TV-Y7,2 Seasons,"Action & Adventure, Crime TV Shows",A gripping story that unfolds over time.,2026,July,,2.0,Action & Adventure
s2646,Movie,Secret Horizon,Director 424,"Actor 787, Actor 660",United States,2024-06-21,2022,TV-PG,167 min,Horror Movies,A gripping story that unfolds over time.,2024,June,167.0,,Horror Movies
s2647,Movie,Broken Chronicles,Director 87,"Actor 405, Actor 245",Italy,2008-02-13,2005,TV-14,71 min,"Comedies, Stand-Up Comedy",A gripping story that unfolds over time.,2008,February,71.0,,Comedies
s2648,Movie,Golden Heist,Director 223,"Actor 744, Actor 873",Mexico,2008-01-18,2007,TV-G,165 min,"Kids' TV, Children & Family Movies",A gripping story that unfolds over time.,2008,January,165.0,,Kids' TV
s2649,TV Show,Dark Dreams,Not Given,"Actor 434, Actor 218",Spain,2025-03-02,2023,TV-MA,1 Seasons,"Documentaries, Anime Series",A gripping story that unfolds over time.,2025,March,,1.0,Documentaries
s2650,TV Show,Dark Heist,Director 409,"Actor 446, Actor 654",Spain,2026-08-15,2023,PG-13,3 Seasons,Dramas,A gripping story that unfolds over time.,2026,August,,3.0,Dramas
s2651,Movie,Secret Horizon,Not Given,"Actor 963, Actor 112",United States,2024-12-07,2022,TV-14,89 min,"Children & Family Movies, Kids' TV",A gripping story that unfolds over time.,2024,December,89.0,,Children & Family Movies
s2652,Movie,Secret Horizon,Director 389,"Actor 284, Actor 900",United States,2026-10-21,2025,TV-G,131 min,Anime Series,A gripping story that unfolds over time.,2026,October,131.0,,Anime Series
s2653,Movie,Silent Journey,Not Given,"Actor 417, Actor 380",United States,2007-01-18,2005,PG-13,73 min,Documentaries,A gripping story that unfolds over time.,2007,January,73.0,,Documentaries
s2654,Movie,Silent City,Not Given,"Actor 256, Actor 56",United Kingdom,2024-08-20,2024,PG-13,154 min,"Horror Movies, Kids' TV",A gripping story that unfolds over time.,2024,August,154.0,,Horror Movies
s2655,Movie,Endless Shadows,Not Given,"Actor 624, Actor 159",United Kingdom,2012-11-19,2011,TV-G,95 min,"Crime TV Shows, Horror Movies",A gripping story that unfolds over time.,2012,November,95.0,,Crime TV Shows
s2656,Movie,Dark Legacy,Director 450,"Actor 549, Actor 611",South Korea,2018-02-05,2018,PG,158 min,Romantic Movies,A gripping story that unfolds over time.,2018,February,158.0,,Romantic Movies
s2657,Movie,Rising Journey,Director 159,"Actor 237, Actor 397",Mexico,2025-10-27,2023,PG,135 min,Kids' TV,A gripping story that unfolds over time.,2025,October,135.0,,Kids' TV
s2658,Movie,Broken Legacy,Director 465,"Actor 678, Actor 676",Spain,2017-01-02,2015,TV-Y7,122 min,Children & Family Movies,A gripping story that unfolds over time.,2017,January,122.0,,Children & Family Movies
s2659,Movie,Last City,Director 381,"Actor 773, Actor 514",France,2011-10-15,2010,TV-G,147 min,Kids' TV,A gripping story that unfolds over time.,2011,October,147.0,,Kids' TV
s2660,TV Show,Lost Storm,Director 390,"Actor 161, Actor 896",United States,2024-06-18,2023,TV-MA,5 Seasons,Documentaries,A gripping story that unfolds over time.,2024,June,,5.0,Documentaries
s2661,Movie,Final Storm,Not Given,"Actor 872, Actor 479",United States,2026-08-01,2025,PG-13,167 min,"Children & Family Movies, Romantic Movies",A gripping story that unfolds over time.,2026,August,167.0,,Children & Family Movies
s2662,Movie,Final Journey,Director 121,"Actor 292, Actor 277",United States,2026-07-21,2025,TV-Y7,160 min,"Thrillers, Dramas",A gripping story that unfolds over time.,2026,July,160.0,,Thrillers
s2663,Movie,Forgotten City,Director 209,"Actor 488, Actor 247",Germany,2006-01-07,2003,TV-Y7,131 min,Anime Series,A gripping story that unfolds over time.,2006,January,131.0,,Anime Series
s2664,Movie,Wild Kingdom,Not Given,"Actor 21, Actor 195",Canada,2008-07-19,2008,TV-Y7,75 min,Kids' TV,A gripping story that unfolds over time.,2008,July,75.0,,Kids' TV
s2665,Movie,Forgotten Horizon,Director 194,"Actor 752, Actor 249",United States,2006-12-05,2003,R,122 min,International Movies,A gripping story that unfolds over time.,2006,December,122.0,,International Movies
s2666,TV Show,Secret Kingdom,Director 299,"Actor 790, Actor 859",United Kingdom,2026-03-06,2023,PG-13,3 Seasons,"Thrillers, Crime TV Shows",A gripping story that unfolds over time.,2026,March,,3.0,Thrillers
s2667,Movie,Last Dreams,Not Given,"Actor 527, Actor 149",United States,2016-02-21,2014,TV-Y7,134 min,"Action & Adventure, International Movies",A gripping story that unfolds over time.,2016,February,134.0,,Action & Adventure
s2668,Movie,Broken Shadows,Director 437,"Actor 955, Actor 708",Japan,2004-03-21,2001,TV-14,117 min,Reality TV,A gripping story that unfolds over time.,2004,March,117.0,,Reality TV
s2669,Movie,Dark Empire,Director 84,"Actor 676, Actor 599",Japan,2016-01-17,2014,TV-MA,155 min,"Reality TV, Crime TV Shows",A gripping story that unfolds over time.,2016,January,155.0,,Reality TV
s2670,TV Show,Dark Chronicles,Director 480,"Actor 918, Actor 952",India,2019-10-20,2019,TV-Y7,3 Seasons,Sci-Fi & Fantasy,A gripping story that unfolds over time.,2019,October,,3.0,Sci-Fi & Fantasy
s2671,Movie,Forgotten Journey,Director 2,"Actor 304, Actor 534",United States,2011-03-13,2011,PG,147 min,Thrillers,A gripping story that unfolds over time.,2011,March,147.0,,Thrillers
s2672,Movie,Silent Empire,Director 233,"Actor 627, Actor 225",Turkey,2008-10-13,2005,TV-G,143 min,Children & Family Movies,A gripping story that unfolds over time.,2008,October,143.0,,Children & Family Movies
s2673,Movie,Last Shadows,Director 450,"Actor 909, Actor 52",Japan,2021-05-20,2018,TV-Y7,120 min,"Romantic Movies, Kids' TV",A gripping story that unfolds over time.,2021,May,120.0,,Romantic Movies
s2674,Movie,Final Shadows,Not Given,"Actor 24, Actor 294",Canada,2014-03-06,2014,TV-Y7,98 min,Thrillers,A gripping story that unfolds over time.,2014,March,98.0,,Thrillers
s2675,Movie,Secret City,Director 127,"Actor 681, Actor 775",South Korea,2003-06-21,2002,R,109 min,"Anime Series, Dramas",A gripping story that unfolds over time.,2003,June,109.0,,Anime Series
s2676,Movie,Broken Empire,Not Given,"Actor 519, Actor 818",India,2026-03-21,2025,TV-MA,138 min,Dramas,A gripping story that unfolds over time.,2026,March,138.0,,Dramas
s2677,Movie,Secret Signal,Not Given,"Actor 437, Actor 704",Italy,2025-07-14,2022,TV-MA,108 min,Romantic Movies,A gripping story that unfolds over time.,2025,July,108.0,,Romantic Movies
s2678,TV Show,Forgotten Kingdom,Not Given,"Actor 921, Actor 824",United States,2010-12-15,2008,PG-13,5 Season,Comedies,A gripping story that unfolds over time.,2010,December,,5.0,Comedies
s2679,TV Show,Hidden Storm,Director 291,"Actor 787, Actor 45",Australia,2019-10-16,2019,TV-MA,1 Seasons,Horror Movies,A gripping story that unfolds over time.,2019,October,,1.0,Horror Movies
s2680,Movie,Hidden Heist,Director 193,"Actor 95, Actor 168",United States,2019-07-05,2018,TV-MA,95 min,"Kids' TV, Reality TV",A gripping story that unfolds over time.,2019,July,95.0,,Kids' TV
s2681,Movie,Last Shadows,Director 263,"Actor 986, Actor 880",Spain,2004-04-01,2003,R,118 min,"Comedies, Horror Movies",A gripping story that unfolds over time.,2004,April,118.0,,Comedies
s2682,Movie,Broken Empire,Director 34,"Actor 661, Actor 983",Japan,2020-09-09,2018,TV-14,105 min,Horror Movies,A gripping story that unfolds over time.,2020,September,105.0,,Horror Movies
s2683,Movie,Dark Shadows,Not Given,"Actor 230, Actor 706",South Korea,2020-09-02,2019,TV-PG,114 min,Stand-Up Comedy,A gripping story that unfolds over time.,2020,September,114.0,,Stand-Up Comedy
s2684,Movie,Secret Kingdom,Not Given,"Actor 236, Actor 35",United States,2020-12-12,2019,TV-14,95 min,Stand-Up Comedy,A gripping story that unfolds over time.,2020,December,95.0,,Stand-Up Comedy
s2685,Movie,Hidden Legacy,Director 426,"Actor 847, Actor 96",India,2014-06-12,2014,TV-PG,108 min,"Stand-Up Comedy, Action & Adventure",A gripping story that unfolds over time.,2014,June,108.0,,Stand-Up Comedy
s2686,TV Show,Dark Shadows,Director 233,"Actor 164, Actor 304",United States,2000-05-21,2000,R,1 Seasons,"Kids' TV, Sci-Fi & Fantasy",A gripping story that unfolds over time.,2000,May,,1.0,Kids' TV
s2687,Movie,Secret Dreams,Not Given,"Actor 933, Actor 701",Brazil,2014-03-18,2013,TV-Y7,123 min,"Kids' TV, International Movies",A gripping story that unfolds over time.,2014,March,123.0,,Kids' TV
s2688,Movie,Broken Storm,Not Given,"Actor 676, Actor 180",United Kingdom,2003-04-12,2000,TV-PG,146 min,Comedies,A gripping story that unfolds over time.,2003,April,146.0,,Comedies
s2689,TV Show,Last Heist,Not Given,"Actor 55, Actor 107",France,2008-09-23,2008,TV-MA,5 Seasons,"Documentaries, Dramas",A gripping story that unfolds over time.,2008,September,,5.0,Documentaries
s2690,TV Show,Broken Horizon,Director 71,"Actor 119, Actor 631",Canada,2021-07-11,2021,TV-14,3 Seasons,Reality TV,A gripping story that unfolds over time.,2021,July,,3.0,Reality TV
s2691,Movie,Lost Storm,Not Given,"Actor 240, Actor 342",Nigeria,2015-05-15,2015,PG,88 min,Crime TV Shows,A gripping story that unfolds over time.,2015,May,88.0,,Crime TV Shows
s2692,TV Show,Final Signal,Director 239,"Actor 970, Actor 565",Japan,2023-12-19,2022,PG-13,8 Seasons,"Dramas, Action & Adventure",A gripping story that unfolds over time.,2023,December,,8.0,Dramas
s2693,TV Show,Hidden Legacy,Director 326,"Actor 152, Actor 676",United States,2013-11-05,2013,R,8 Seasons,Kids' TV,A gripping story that unfolds over time.,2013,November,,8.0,Kids' TV
s2694,Movie,Golden Journey,Director 259,"Actor 827, Actor 230",India,2005-09-04,2002,TV-G,96 min,Horror Movies,A gripping story that unfolds over time.,2005,September,96.0,,Horror Movies
s2695,TV Show,Golden Shadows,Director 154,"Actor 717, Actor 268",Nigeria,2005-06-22,2002,PG-13,3 Seasons,"Horror Movies, Reality TV",A gripping story that unfolds over time.,2005,June,,3.0,Horror Movies
s2696,Movie,Forgotten Journey,Director 93,"Actor 614, Actor 360",Spain,2007-10-21,2006,PG,122 min,Children & Family Movies,A gripping story that unfolds over time.,2007,October,122.0,,Children & Family Movies
s2697,TV Show,Final Kingdom,Not Given,"Actor 816, Actor 82",Mexico,2023-05-20,2023,PG-13,5 Seasons,Children & Family Movies,A gripping story that unfolds over time.,2023,May,,5.0,Children & Family Movies
s2698,Movie,Dark Horizon,Not Given,"Actor 683, Actor 109",Brazil,2008-03-18,2008,TV-Y7,80 min,"Dramas, Kids' TV",A gripping story that unfolds over time.,2008,March,80.0,,Dramas
s2699,TV Show,Final Shadows,Director 292,"Actor 477, Actor 996",France,2017-07-27,2016,TV-Y7,1 Seasons,"Stand-Up Comedy, International Movies",A gripping story that unfolds over time.,2017,July,,1.0,Stand-Up Comedy
s2700,Movie,Wild City,Director 207,"Actor 182, Actor 500",United States,2002-05-26,2001,TV-Y7,77 min,"Crime TV Shows, Romantic Movies",A gripping story that unfolds over time.,2002,May,77.0,,Crime TV Shows
s2701,Movie,Secret City,Director 261,"Actor 836, Actor 14",Canada,2002-07-03,2000,TV-MA,80 min,Kids' TV,A gripping story that unfolds over time.,2002,July,80.0,,Kids' TV
s2702,Movie,Forgotten Journey,Director 162,"Actor 957, Actor 548",Brazil,2012-04-16,2010,TV-MA,164 min,"Comedies, Horror Movies",A gripping story that unfolds over time.,2012,April,164.0,,Comedies
s2703,Movie,Rising Journey,Director 90,"Actor 989, Actor 797",Brazil,2021-09-14,2021,R,81 min,"Thrillers, Crime TV Shows",A gripping story that unfolds over time.,2021,September,81.0,,Thrillers
s2704,TV Show,Last Signal,Not Given,"Actor 956, Actor 245",India,2012-11-11,2009,TV-Y7,6 Seasons,"Action & Adventure, Sci-Fi & Fantasy",A gripping story that unfolds over time.,2012,November,,6.0,Action & Adventure
s2705,TV Show,Forgotten Storm,Director 304,"Actor 211, Actor 499",India,2024-06-17,2021,TV-Y7,1 Seasons,"Action & Adventure, Kids' TV",A gripping story that unfolds over time.,2024,June,,1.0,Action & Adventure
s2706,Movie,Dark Dreams,Director 342,"Actor 563, Actor 983",India,2004-09-07,2004,TV-PG,113 min,Sci-Fi & Fantasy,A gripping story that unfolds over time.,2004,September,113.0,,Sci-Fi & Fantasy
s2707,TV Show,Lost Heist,Not Given,"Actor 383, Actor 210",India,2026-02-23,2024,TV-PG,5 Seasons,Children & Family Movies,A gripping story that unfolds over time.,2026,February,,5.0,Children & Family Movies
s2708,TV Show,Silent Legacy,Director 108,"Actor 812, Actor 52",India,2013-12-16,2013,TV-PG,3 Season,Reality TV,A gripping story that unfolds over time.,2013,December,,3.0,Reality TV
s2709,Movie,Forgotten Heist,Director 387,"Actor 179, Actor 490",Japan,2003-07-02,2002,TV-Y7,155 min,"Documentaries, Horror Movies",A gripping story that unfolds over time.,2003,July,155.0,,Documentaries
s2710,TV Show,Dark Chronicles,Director 465,"Actor 281, Actor 551",Germany,2022-12-17,2019,PG,4 Seasons,Comedies,A gripping story that unfolds over time.,2022,December,,4.0,Comedies
s2711,Movie,Dark Empire,Director 60,"Actor 345, Actor 78",Brazil,2003-03-23,2002,PG-13,118 min,"Horror Movies, Romantic Movies",A gripping story that unfolds over time.,2003,March,118.0,,Horror Movies
s2712,Movie,Rising Dreams,Director 348,"Actor 72, Actor 440",United Kingdom,2025-02-14,2023,PG-13,146 min,Horror Movies,A gripping story that unfolds over time.,2025,February,146.0,,Horror Movies
s2713,TV Show,Rising Shadows,Director 115,"Actor 226, Actor 600",United States,2005-12-19,2002,R,3 Season,"Crime TV Shows, Documentaries",A gripping story that unfolds over time.,2005,December,,3.0,Crime TV Shows
s2714,Movie,Endless Storm,Director 474,"Actor 21, Actor 10",Canada,2014-11-13,2014,TV-MA,89 min,"Thrillers, Comedies",A gripping story that unfolds over time.,2014,November,89.0,,Thrillers
s2715,Movie,Silent Legacy,Not Given,"Actor 731, Actor 744",Canada,2017-09-02,2017,PG-13,105 min,Thrillers,A gripping story that unfolds over time.,2017,September,105.0,,Thrillers
s2716,TV Show,Silent Chronicles,Director 480,"Actor 133, Actor 247",South Korea,2007-04-22,2005,PG-13,2 Seasons,"Children & Family Movies, Horror Movies",A gripping story that unfolds over time.,2007,April,,2.0,Children & Family Movies
s2717,Movie,Final Journey,Director 433,"Actor 312, Actor 501",United States,2018-06-08,2018,TV-Y7,73 min,"Stand-Up Comedy, Kids' TV",A gripping story that unfolds over time.,2018,June,73.0,,Stand-Up Comedy
s2718,Movie,Lost Horizon,Not Given,"Actor 926, Actor 278",India,2007-11-14,2004,PG-13,72 min,"Stand-Up Comedy, Documentaries",A gripping story that unfolds over time.,2007,November,72.0,,Stand-Up Comedy
s2719,Movie,Secret City,Director 365,"Actor 657, Actor 307",Turkey,2025-03-02,2025,TV-MA,109 min,Romantic Movies,A gripping story that unfolds over time.,2025,March,109.0,,Romantic Movies
s2720,TV Show,Hidden Dreams,Director 16,"Actor 297, Actor 449",United States,2026-12-11,2024,TV-PG,8 Seasons,Stand-Up Comedy,A gripping story that unfolds over time.,2026,December,,8.0,Stand-Up Comedy
s2721,Movie,Lost Heist,Director 112,"Actor 734, Actor 718",South Korea,2023-08-08,2020,TV-Y7,145 min,Dramas,A gripping story that unfolds over time.,2023,August,145.0,,Dramas
s2722,Movie,Dark Journey,Not Given,"Actor 978, Actor 59",United States,2012-08-16,2011,TV-14,126 min,"Romantic Movies, Dramas",A gripping story that unfolds over time.,2012,August,126.0,,Romantic Movies
s2723,TV Show,Last Legacy,Not Given,"Actor 162, Actor 404",United States,2023-12-03,2021,PG-13,4 Seasons,Stand-Up Comedy,A gripping story that unfolds over time.,2023,December,,4.0,Stand-Up Comedy
s2724,Movie,Broken Horizon,Director 339,"Actor 673, Actor 508",Australia,2015-02-26,2012,TV-14,167 min,"Action & Adventure, Comedies",A gripping story that unfolds over time.,2015,February,167.0,,Action & Adventure
s2725,Movie,Hidden Legacy,Director 414,"Actor 285, Actor 661",United States,2020-06-10,2017,PG-13,157 min,"Documentaries, Crime TV Shows",A gripping story that unfolds over time.,2020,June,157.0,,Documentaries
s2726,Movie,Secret Chronicles,Director 489,"Actor 194, Actor 489",Brazil,2014-03-13,2014,PG,164 min,Stand-Up Comedy,A gripping story that unfolds over time.,2014,March,164.0,,Stand-Up Comedy
s2727,Movie,Forgotten Legacy,Director 228,"Actor 430, Actor 145",France,2020-12-01,2018,TV-Y7,87 min,"Reality TV, Children & Family Movies",A gripping story that unfolds over time.,2020,December,87.0,,Reality TV
s2728,TV Show,Secret Kingdom,Director 456,"Actor 707, Actor 289",India,2024-06-04,2023,TV-Y7,7 Season,Crime TV Shows,A gripping story that unfolds over time.,2024,June,,7.0,Crime TV Shows
s2729,Movie,Final Legacy,Director 472,"Actor 884, Actor 715",France,2026-01-10,2024,R,153 min,"Dramas, Comedies",A gripping story that unfolds over time.,2026,January,153.0,,Dramas
s2730,TV Show,Secret Empire,Director 493,"Actor 25, Actor 965",India,2024-02-22,2024,PG,7 Seasons,"Sci-Fi & Fantasy, Action & Adventure",A gripping story that unfolds over time.,2024,February,,7.0,Sci-Fi & Fantasy
s2731,TV Show,Hidden Heist,Director 131,"Actor 401, Actor 123",Australia,2017-08-19,2016,TV-14,8 Season,Horror Movies,A gripping story that unfolds over time.,2017,August,,8.0,Horror Movies
s2732,Movie,Rising Storm,Director 282,"Actor 305, Actor 684",Australia,2025-10-15,2022,PG,162 min,"Children & Family Movies, Documentaries",A gripping story that unfolds over time.,2025,October,162.0,,Children & Family Movies
s2733,TV Show,Hidden Empire,Not Given,"Actor 563, Actor 84",Mexico,2010-01-22,2007,TV-G,2 Seasons,Dramas,A gripping story that unfolds over time.,2010,January,,2.0,Dramas
s2734,Movie,Last Shadows,Director 393,"Actor 716, Actor 586",Brazil,2026-04-24,2023,PG,111 min,"International Movies, Comedies",A gripping story that unfolds over time.,2026,April,111.0,,International Movies
s2735,Movie,Endless Dreams,Not Given,"Actor 233, Actor 63",Japan,2005-02-17,2005,PG,158 min,Horror Movies,A gripping story that unfolds over time.,2005,February,158.0,,Horror Movies
s2736,Movie,Lost Kingdom,Director 276,"Actor 403, Actor 261",Italy,2013-01-15,2010,TV-Y7,70 min,Documentaries,A gripping story that unfolds over time.,2013,January,70.0,,Documentaries
s2737,Movie,Rising Kingdom,Director 294,"Actor 989, Actor 919",Australia,2006-03-18,2004,TV-Y7,135 min,"Thrillers, Reality TV",A gripping story that unfolds over time.,2006,March,135.0,,Thrillers
s2738,Movie,Last Legacy,Director 241,"Actor 303, Actor 903",Mexico,2009-06-21,2006,R,113 min,"Sci-Fi & Fantasy, Romantic Movies",A gripping story that unfolds over time.,2009,June,113.0,,Sci-Fi & Fantasy
s2739,TV Show,Golden Shadows,Not Given,"Actor 41, Actor 855",United States,2008-10-06,2007,PG,4 Seasons,Documentaries,A gripping story that unfolds over time.,2008,October,,4.0,Documentaries
s2740,Movie,Lost Storm,Director 219,"Actor 512, Actor 178",Brazil,2012-01-17,2009,TV-Y7,71 min,Children & Family Movies,A gripping story that unfolds over time.,2012,January,71.0,,Children & Family Movies
s2741,TV Show,Forgotten City,Not Given,"Actor 90, Actor 2",India,2024-03-04,2024,TV-MA,3 Seasons,Documentaries,A gripping story that unfolds over time.,2024,March,,3.0,Documentaries
s2742,Movie,Rising Legacy,Director 175,"Actor 829, Actor 606",Germany,2021-09-04,2019,TV-G,167 min,Horror Movies,A gripping story that unfolds over time.,2021,September,167.0,,Horror Movies
s2743,TV Show,Wild Chronicles,Director 117,"Actor 456, Actor 360",Australia,2010-04-19,2007,PG-13,5 Seasons,"Kids' TV, Comedies",A gripping story that unfolds over time.,2010,April,,5.0,Kids' TV
s2744,TV Show,Endless Horizon,Director 362,"Actor 42, Actor 740",Turkey,2010-03-18,2007,PG,7 Seasons,Sci-Fi & Fantasy,A gripping story that unfolds over time.,2010,March,,7.0,Sci-Fi & Fantasy
s2745,Movie,Secret Heist,Director 79,"Actor 390, Actor 530",United States,2003-09-22,2002,R,157 min,Stand-Up Comedy,A gripping story that unfolds over time.,2003,September,157.0,,Stand-Up Comedy
s2746,Movie,Dark Horizon,Not Given,"Actor 24, Actor 993",Nigeria,2023-02-21,2021,TV-14,159 min,Horror Movies,A gripping story that unfolds over time.,2023,February,159.0,,Horror Movies
s2747,Movie,Dark Kingdom,Not Given,"Actor 865, Actor 164",United States,2011-05-18,2008,R,157 min,"International Movies, Children & Family Movies",A gripping story that unfolds over time.,2011,May,157.0,,International Movies
s2748,Movie,Hidden Horizon,Director 328,"Actor 989, Actor 375",United States,2018-09-10,2017,TV-Y7,94 min,Anime Series,A gripping story that unfolds over time.,2018,September,94.0,,Anime Series
s2749,Movie,Silent Shadows,Director 386,"Actor 530, Actor 60",South Korea,2007-08-20,2006,TV-PG,138 min,Stand-Up Comedy,A gripping story that unfolds over time.,2007,August,138.0,,Stand-Up Comedy
s2750,Movie,Golden Storm,Director 20,"Actor 109, Actor 199",United Kingdom,2011-03-25,2010,TV-MA,123 min,"Documentaries, Dramas",A gripping story that unfolds over time.,2011,March,123.0,,Documentaries
s2751,TV Show,Final Dreams,Director 358,"Actor 607, Actor 265",Japan,2019-01-02,2018,TV-Y7,1 Seasons,"Comedies, Stand-Up Comedy",A gripping story that unfolds over time.,2019,January,,1.0,Comedies
s2752,TV Show,Lost Horizon,Director 276,"Actor 907, Actor 329",United States,2018-02-15,2016,TV-Y7,2 Seasons,"Documentaries, Crime TV Shows",A gripping story that unfolds over time.,2018,February,,2.0,Documentaries
s2753,Movie,Dark Horizon,Director 384,"Actor 947, Actor 121",India,2003-09-14,2002,TV-PG,156 min,International Movies,A gripping story that unfolds over time.,2003,September,156.0,,International Movies
s2754,Movie,Silent Signal,Director 96,"Actor 570, Actor 120",United States,2000-09-11,2000,TV-G,139 min,Action & Adventure,A gripping story that unfolds over time.,2000,September,139.0,,Action & Adventure
s2755,TV Show,Broken Heist,Director 454,"Actor 900, Actor 257",United States,2014-09-06,2011,TV-MA,8 Season,Children & Family Movies,A gripping story that unfolds over time.,2014,September,,8.0,Children & Family Movies
s2756,Movie,Wild Storm,Director 85,"Actor 115, Actor 812",Canada,2014-08-01,2012,TV-Y7,112 min,Thrillers,A gripping story that unfolds over time.,2014,August,112.0,,Thrillers
s2757,Movie,Forgotten Chronicles,Director 321,"Actor 916, Actor 282",India,2010-10-19,2007,PG,98 min,"Anime Series, Romantic Movies",A gripping story that unfolds over time.,2010,October,98.0,,Anime Series
s2758,TV Show,Silent Kingdom,Director 52,"Actor 58, Actor 721",United States,2006-05-25,2004,PG-13,6 Season,"Crime TV Shows, Dramas",A gripping story that unfolds over time.,2006,May,,6.0,Crime TV Shows
s2759,Movie,Rising Signal,Director 82,"Actor 147, Actor 647",United States,2008-11-23,2006,R,125 min,"International Movies, Kids' TV",A gripping story that unfolds over time.,2008,November,125.0,,International Movies
s2760,Movie,Secret Legacy,Director 139,"Actor 656, Actor 478",Japan,2023-03-22,2020,TV-G,84 min,Anime Series,A gripping story that unfolds over time.,2023,March,84.0,,Anime Series
s2761,Movie,Last Kingdom,Director 79,"Actor 462, Actor 351",United States,2009-02-02,2006,TV-PG,161 min,Crime TV Shows,A gripping story that unfolds over time.,2009,February,161.0,,Crime TV Shows
s2762,Movie,Silent Chronicles,Not Given,"Actor 136, Actor 7",Canada,2009-12-04,2006,PG-13,101 min,"Comedies, International Movies",A gripping story that unfolds over time.,2009,December,101.0,,Comedies
s2763,Movie,Dark Dreams,Director 36,"Actor 634, Actor 273",United States,2020-12-22,2020,TV-MA,160 min,Comedies,A gripping story that unfolds over time.,2020,December,160.0,,Comedies
s2764,Movie,Secret City,Not Given,"Actor 657, Actor 9",United States,2005-06-26,2005,TV-Y7,156 min,"Action & Adventure, Children & Family Movies",A gripping story that unfolds over time.,2005,June,156.0,,Action & Adventure
s2765,TV Show,Endless Dreams,Director 487,"Actor 24, Actor 241",India,2023-02-08,2020,TV-14,7 Seasons,"International Movies, Children & Family Movies",A gripping story that unfolds over time.,2023,February,,7.0,International Movies
s2766,TV Show,Forgotten Dreams,Not Given,"Actor 147, Actor 279",Canada,2015-07-11,2013,PG-13,8 Season,"Horror Movies, Crime TV Shows",A gripping story that unfolds over time.,2015,July,,8.0,Horror Movies
s2767,Movie,Last Shadows,Director 278,"Actor 599, Actor 916",France,2018-03-13,2017,PG,80 min,Reality TV,A gripping story that unfolds over time.,2018,March,80.0,,Reality TV
s2768,Movie,Rising Kingdom,Director 199,"Actor 665, Actor 674",United States,2005-12-26,2003,TV-MA,159 min,Sci-Fi & Fantasy,A gripping story that unfolds over time.,2005,December,159.0,,Sci-Fi & Fantasy
s2769,Movie,Forgotten Chronicles,Director 375,"Actor 809, Actor 320",Australia,2017-11-19,2015,PG-13,115 min,Documentaries,A gripping story that unfolds over time.,2017,November,115.0,,Documentaries
s2770,Movie,Hidden Journey,Director 234,"Actor 633, Actor 980",United Kingdom,2025-08-23,2025,PG,72 min,Action & Adventure,A gripping story that unfolds over time.,2025,August,72.0,,Action & Adventure
s2771,TV Show,Endless Dreams,Director 396,"Actor 799, Actor 109",United Kingdom,2020-07-15,2019,PG,6 Seasons,Sci-Fi & Fantasy,A gripping story that unfolds over time.,2020,July,,6.0,Sci-Fi & Fantasy
s2772,Movie,Lost Journey,Director 46,"Actor 220, Actor 626",United States,2017-10-14,2014,TV-MA,111 min,"Reality TV, Children & Family Movies",A gripping story that unfolds over time.,2017,October,111.0,,Reality TV
s2773,Movie,Hidden Heist,Director 416,"Actor 89, Actor 522",India,2024-02-15,2024,PG,112 min,Romantic Movies,A gripping story that unfolds over time.,2024,February,112.0,,Romantic Movies
s2774,Movie,Broken Legacy,Not Given,"Actor 122, Actor 14",Canada,2022-10-03,2020,PG,144 min,Dramas,A gripping story that unfolds over time.,2022,October,144.0,,Dramas
s2775,Movie,Hidden Journey,Director 91,"Actor 228, Actor 996",Canada,2026-05-26,2025,TV-PG,77 min,Anime Series,A gripping story that unfolds over time.,2026,May,77.0,,Anime Series
s2776,Movie,Endless Legacy,Director 325,"Actor 517, Actor 319",Spain,2022-01-04,2021,TV-MA,101 min,Sci-Fi & Fantasy,A gripping story that unfolds over time.,2022,January,101.0,,Sci-Fi & Fantasy
s2777,TV Show,Wild Legacy,Director 338,"Actor 504, Actor 213",United States,2015-02-03,2015,TV-14,6 Seasons,"Reality TV, Dramas",A gripping story that unfolds over time.,2015,February,,6.0,Reality TV
s2778,Movie,Silent Shadows,Director 301,"Actor 161, Actor 107",United States,2023-08-12,2021,TV-PG,77 min,Crime TV Shows,A gripping story that unfolds over time.,2023,August,77.0,,Crime TV Shows
s2779,Movie,Silent Empire,Director 465,"Actor 434, Actor 330",United States,2007-06-15,2004,TV-Y7,145 min,Comedies,A gripping story that unfolds over time.,2007,June,145.0,,Comedies
s2780,Movie,Lost Kingdom,Director 96,"Actor 120, Actor 548",Mexico,2005-10-02,2005,TV-Y7,122 min,Documentaries,A gripping story that unfolds over time.,2005,October,122.0,,Documentaries
s2781,Movie,Final Dreams,Not Given,"Actor 359, Actor 498",United States,2009-11-10,2009,PG,163 min,Stand-Up Comedy,A gripping story that unfolds over time.,2009,November,163.0,,Stand-Up Comedy
s2782,Movie,Forgotten Empire,Not Given,"Actor 53, Actor 27",South Korea,2019-07-22,2019,TV-MA,127 min,"Horror Movies, Reality TV",A gripping story that unfolds over time.,2019,July,127.0,,Horror Movies
s2783,Movie,Last Horizon,Not Given,"Actor 877, Actor 492",India,2026-12-01,2025,TV-14,104 min,Crime TV Shows,A gripping story that unfolds over time.,2026,December,104.0,,Crime TV Shows
s2784,Movie,Broken Empire,Not Given,"Actor 525, Actor 979",United States,2023-06-03,2022,PG,111 min,"Kids' TV, Anime Series",A gripping story that unfolds over time.,2023,June,111.0,,Kids' TV
s2785,Movie,Endless Signal,Director 452,"Actor 934, Actor 470",France,2015-05-04,2012,TV-G,89 min,"International Movies, Children & Family Movies",A gripping story that unfolds over time.,2015,May,89.0,,International Movies
s2786,Movie,Dark City,Not Given,"Actor 422, Actor 854",Canada,2009-02-21,2007,PG-13,81 min,"Documentaries, Horror Movies",A gripping story that unfolds over time.,2009,February,81.0,,Documentaries
s2787,Movie,Final Legacy,Not Given,"Actor 712, Actor 346",Germany,2011-04-11,2008,PG,102 min,Romantic Movies,A gripping story that unfolds over time.,2011,April,102.0,,Romantic Movies
s2788,TV Show,Golden Empire,Director 89,"Actor 356, Actor 551",United States,2014-10-17,2012,TV-PG,8 Seasons,Kids' TV,A gripping story that unfolds over time.,2014,October,,8.0,Kids' TV
s2789,TV Show,Hidden Storm,Not Given,"Actor 501, Actor 633",United States,2016-04-01,2016,TV-14,8 Season,Action & Adventure,A gripping story that unfolds over time.,2016,April,,8.0,Action & Adventure
s2790,Movie,Rising Shadows,Director 274,"Actor 966, Actor 651",France,2020-02-14,2019,TV-Y7,138 min,Children & Family Movies,A gripping story that unfolds over time.,2020,February,138.0,,Children & Family Movies
s2791,Movie,Broken Chronicles,Not Given,"Actor 462, Actor 161",India,2013-01-26,2013,TV-G,77 min,Sci-Fi & Fantasy,A gripping story that unfolds over time.,2013,January,77.0,,Sci-Fi & Fantasy
s2792,Movie,Endless Chronicles,Director 345,"Actor 298, Actor 266",Nigeria,2021-01-26,2019,TV-MA,74 min,"Children & Family Movies, International Movies",A gripping story that unfolds over time.,2021,January,74.0,,Children & Family Movies
s2793,TV Show,Secret Storm,Director 289,"Actor 192, Actor 266",Turkey,2015-07-05,2012,TV-MA,5 Seasons,"Thrillers, International Movies",A gripping story that unfolds over time.,2015,July,,5.0,Thrillers
s2794,Movie,Wild Storm,Not Given,"Actor 741, Actor 68",United States,2026-09-14,2025,PG,113 min,Dramas,A gripping story that unfolds over time.,2026,September,113.0,,Dramas
s2795,Movie,Golden Kingdom,Director 327,"Actor 941, Actor 106",United States,2009-08-17,2006,TV-14,153 min,Thrillers,A gripping story that unfolds over time.,2009,August,153.0,,Thrillers
s2796,Movie,Wild Chronicles,Director 369,"Actor 385, Actor 571",United Kingdom,2010-02-04,2007,PG,143 min,"Children & Family Movies, Thrillers",A gripping story that unfolds over time.,2010,February,143.0,,Children & Family Movies
s2797,TV Show,Hidden Horizon,Not Given,"Actor 997, Actor 277",India,2015-08-12,2014,PG-13,5 Seasons,Stand-Up Comedy,A gripping story that unfolds over time.,2015,August,,5.0,Stand-Up Comedy
s2798,Movie,Endless Empire,Director 149,"Actor 102, Actor 358",United States,2018-04-14,2017,PG-13,131 min,"Documentaries, Dramas",A gripping story that unfolds over time.,2018,April,131.0,,Documentaries
s2799,TV Show,Lost Journey,Director 254,"Actor 815, Actor 944",United States,2012-12-10,2010,R,6 Season,Crime TV Shows,A gripping story that unfolds over time.,2012,December,,6.0,Crime TV Shows
s2800,Movie,Endless Heist,Director 173,"Actor 259, Actor 365",Brazil,2024-07-11,2023,TV-Y7,158 min,"Comedies, Action & Adventure",A gripping story that unfolds over time.,2024,July,158.0,,Comedies
s2801,Movie,Rising Storm,Director 336,"Actor 329, Actor 737",United States,2012-02-05,2010,PG,138 min,"Kids' TV, Sci-Fi & Fantasy",A gripping story that unfolds over time.,2012,February,138.0,,Kids' TV
s2802,Movie,Last Horizon,Director 480,"Actor 693, Actor 372",India,2001-09-10,2001,TV-PG,126 min,Horror Movies,A gripping story that unfolds over time.,2001,September,126.0,,Horror Movies
s2803,Movie,Last Legacy,Not Given,"Actor 83, Actor 83",United States,2025-09-26,2023,R,159 min,Thrillers,A gripping story that unfolds over time.,2025,September,159.0,,Thrillers
s2804,Movie,Dark City,Not Given,"Actor 671, Actor 47",Canada,2024-11-05,2023,TV-G,74 min,"Reality TV, Dramas",A gripping story that unfolds over time.,2024,November,74.0,,Reality TV
s2805,TV Show,Dark Signal,Director 330,"Actor 212, Actor 739",United States,2013-06-25,2013,TV-Y7,1 Seasons,"Reality TV, Children & Family Movies",A gripping story that unfolds over time.,2013,June,,1.0,Reality TV
s2806,TV Show,Golden Dreams,Director 212,"Actor 639, Actor 761",United Kingdom,2025-09-24,2024,TV-Y7,2 Season,"Kids' TV, Comedies",A gripping story that unfolds over time.,2025,September,,2.0,Kids' TV
s2807,TV Show,Final Chronicles,Director 183,"Actor 868, Actor 768",United States,2019-10-01,2018,PG-13,4 Seasons,"Crime TV Shows, Documentaries",A gripping story that unfolds over time.,2019,October,,4.0,Crime TV Shows
s2808,Movie,Secret Kingdom,Director 83,"Actor 861, Actor 783",Italy,2009-12-10,2008,TV-PG,156 min,"Dramas, Action & Adventure",A gripping story that unfolds over time.,2009,December,156.0,,Dramas
s2809,Movie,Last Storm,Director 312,"Actor 444, Actor 89",Turkey,2017-03-02,2015,PG,105 min,"Comedies, International Movies",A gripping story that unfolds over time.,2017,March,105.0,,Comedies
s2810,Movie,Endless Empire,Not Given,"Actor 265, Actor 8",Australia,2014-12-26,2014,TV-PG,138 min,Anime Series,A gripping story that unfolds over time.,2014,December,138.0,,Anime Series
s2811,Movie,Endless Empire,Director 356,"Actor 468, Actor 288",United States,2011-08-06,2011,PG,124 min,"Dramas, Sci-Fi & Fantasy",A gripping story that unfolds over time.,2011,August,124.0,,Dramas
s2812,Movie,Forgotten Shadows,Not Given,"Actor 276, Actor 422",Germany,2024-10-09,2024,R,117 min,Crime TV Shows,A gripping story that unfolds over time.,2024,October,117.0,,Crime TV Shows
s2813,Movie,Broken Kingdom,Director 69,"Actor 172, Actor 937",United States,2020-04-04,2018,TV-G,95 min,Comedies,A gripping story that unfolds over time.,2020,April,95.0,,Comedies
s2814,Movie,Lost Dreams,Not Given,"Actor 787, Actor 86",India,2025-11-15,2025,TV-MA,141 min,"Kids' TV, Reality TV",A gripping story that unfolds over time.,2025,November,141.0,,Kids' TV
s2815,Movie,Dark Dreams,Director 286,"Actor 128, Actor 207",United States,2002-07-21,2000,TV-Y7,99 min,Crime TV Shows,A gripping story that unfolds over time.,2002,July,99.0,,Crime TV Shows
s2816,TV Show,Silent Heist,Not Given,"Actor 258, Actor 849",France,2007-02-07,2004,TV-MA,2 Season,"Documentaries, Children & Family Movies",A gripping story that unfolds over time.,2007,February,,2.0,Documentaries
s2817,TV Show,Secret Heist,Not Given,"Actor 737, Actor 456",Australia,2018-11-16,2016,TV-Y7,5 Seasons,"Sci-Fi & Fantasy, Comedies",A gripping story that unfolds over time.,2018,November,,5.0,Sci-Fi & Fantasy
s2818,Movie,Secret Empire,Director 143,"Actor 585, Actor 426",United States,2004-12-18,2004,TV-Y7,127 min,Romantic Movies,A gripping story that unfolds over time.,2004,December,127.0,,Romantic Movies
s2819,TV Show,Secret City,Director 69,"Actor 290, Actor 229",Italy,2017-02-05,2016,R,7 Seasons,"Kids' TV, Romantic Movies",A gripping story that unfolds over time.,2017,February,,7.0,Kids' TV
s2820,Movie,Forgotten Shadows,Director 413,"Actor 982, Actor 718",Germany,2009-09-04,2008,TV-14,86 min,"Crime TV Shows, Thrillers",A gripping story that unfolds over time.,2009,September,86.0,,Crime TV Shows
s2821,TV Show,Forgotten Shadows,Not Given,"Actor 465, Actor 99",United Kingdom,2024-06-15,2022,R,6 Seasons,"Stand-Up Comedy, Romantic Movies",A gripping story that unfolds over time.,2024,June,,6.0,Stand-Up Comedy
s2822,Movie,Last Empire,Not Given,"Actor 86, Actor 161",India,2015-03-17,2015,TV-G,138 min,"Dramas, Action & Adventure",A gripping story that unfolds over time.,2015,March,138.0,,Dramas
s2823,Movie,Lost Chronicles,Director 256,"Actor 692, Actor 911",Japan,2016-06-17,2015,TV-Y7,100 min,Children & Family Movies,A gripping story that unfolds over time.,2016,June,100.0,,Children & Family Movies
s2824,Movie,Hidden Kingdom,Not Given,"Actor 113, Actor 168",Canada,2026-02-21,2024,TV-14,104 min,"Crime TV Shows, Romantic Movies",A gripping story that unfolds over time.,2026,February,104.0,,Crime TV Shows
s2825,Movie,Silent Shadows,Not Given,"Actor 538, Actor 572",Germany,2021-07-20,2019,PG,119 min,"Crime TV Shows, Sci-Fi & Fantasy",A gripping story that unfolds over time.,2021,July,119.0,,Crime TV Shows
s2826,Movie,Golden Shadows,Not Given,"Actor 832, Actor 495",Japan,2026-09-25,2025,TV-Y7,147 min,"Reality TV, Children & Family Movies",A gripping story that unfolds over time.,2026,September,147.0,,Reality TV
s2827,TV Show,Final City,Director 49,"Actor 952, Actor 360",Canada,2010-08-06,2008,R,3 Seasons,"Reality TV, Romantic Movies",A gripping story that unfolds over time.,2010,August,,3.0,Reality TV
s2828,Movie,Endless Heist,Director 92,"Actor 555, Actor 782",Japan,2017-12-02,2015,TV-MA,85 min,Dramas,A gripping story that unfolds over time.,2017,December,85.0,,Dramas
s2829,Movie,Golden Chronicles,Director 22,"Actor 784, Actor 681",Japan,2010-02-03,2007,TV-MA,105 min,"Horror Movies, Sci-Fi & Fantasy",A gripping story that unfolds over time.,2010,February,105.0,,Horror Movies
s2830,Movie,Lost Shadows,Director 158,"Actor 511, Actor 267",Canada,2025-06-06,2022,PG-13,149 min,Children & Family Movies,A gripping story that unfolds over time.,2025,June,149.0,,Children & Family Movies
s2831,Movie,Endless Legacy,Director 341,"Actor 577, Actor 635",United States,2025-03-14,2025,TV-14,166 min,"Dramas, Action & Adventure",A gripping story that unfolds over time.,2025,March,166.0,,Dramas
s2832,TV Show,Hidden Heist,Director 88,"Actor 983, Actor 480",Italy,2024-04-21,2022,TV-PG,7 Seasons,"Romantic Movies, Anime Series",A gripping story that unfolds over time.,2024,April,,7.0,Romantic Movies
s2833,Movie,Silent Heist,Director 399,"Actor 662, Actor 160",India,2001-10-11,2000,TV-14,128 min,"Children & Family Movies, Dramas",A gripping story that unfolds over time.,2001,October,128.0,,Children & Family Movies
s2834,Movie,Hidden Shadows,Director 333,"Actor 678, Actor 844",Brazil,2009-07-19,2007,TV-PG,75 min,Documentaries,A gripping story that unfolds over time.,2009,July,75.0,,Documentaries
s2835,Movie,Secret Dreams,Director 314,"Actor 719, Actor 693",United States,2019-04-03,2016,PG,91 min,Kids' TV,A gripping story that unfolds over time.,2019,April,91.0,,Kids' TV
s2836,Movie,Silent Storm,Director 69,"Actor 13, Actor 266",Spain,2005-08-24,2004,TV-G,92 min,"Children & Family Movies, Documentaries",A gripping story that unfolds over time.,2005,August,92.0,,Children & Family Movies
s2837,Movie,Wild Empire,Director 30,"Actor 578, Actor 775",Australia,2007-06-01,2007,PG,129 min,Crime TV Shows,A gripping story that unfolds over time.,2007,June,129.0,,Crime TV Shows
s2838,TV Show,Endless Kingdom,Not Given,"Actor 708, Actor 903",Canada,2024-03-07,2021,PG-13,2 Seasons,"Documentaries, Romantic Movies",A gripping story that unfolds over time.,2024,March,,2.0,Documentaries
s2839,TV Show,Secret Signal,Director 135,"Actor 512, Actor 401",United States,2015-10-06,2012,TV-PG,8 Seasons,Romantic Movies,A gripping story that unfolds over time.,2015,October,,8.0,Romantic Movies
s2840,Movie,Lost Storm,Director 2,"Actor 617, Actor 102",United States,2022-04-22,2022,TV-Y7,125 min,Anime Series,A gripping story that unfolds over time.,2022,April,125.0,,Anime Series
s2841,Movie,Hidden Journey,Not Given,"Actor 104, Actor 479",India,2026-04-16,2023,TV-G,83 min,Horror Movies,A gripping story that unfolds over time.,2026,April,83.0,,Horror Movies
s2842,Movie,Hidden Storm,Director 14,"Actor 3, Actor 737",Nigeria,2017-12-17,2017,PG,85 min,"International Movies, Horror Movies",A gripping story that unfolds over time.,2017,December,85.0,,International Movies
s2843,TV Show,Final Chronicles,Director 425,"Actor 96, Actor 571",United States,2026-04-04,2025,TV-PG,1 Seasons,Documentaries,A gripping story that unfolds over time.,2026,April,,1.0,Documentaries
s2844,Movie,Broken Chronicles,Not Given,"Actor 595, Actor 102",Brazil,2009-11-20,2008,TV-G,92 min,Anime Series,A gripping story that unfolds over time.,2009,November,92.0,,Anime Series
s2845,TV Show,Forgotten Journey,Director 473,"Actor 279, Actor 524",United States,2022-11-26,2019,PG,2 Seasons,Stand-Up Comedy,A gripping story that unfolds over time.,2022,November,,2.0,Stand-Up Comedy
s2846,Movie,Forgotten Heist,Not Given,"Actor 912, Actor 820",Brazil,2018-04-17,2016,TV-14,149 min,"Kids' TV, Thrillers",A gripping story that unfolds over time.,2018,April,149.0,,Kids' TV
s2847,Movie,Last Empire,Not Given,"Actor 408, Actor 495",Australia,2014-02-17,2014,R,87 min,"Documentaries, Dramas",A gripping story that unfolds over time.,2014,February,87.0,,Documentaries
s2848,Movie,Rising City,Director 114,"Actor 941, Actor 432",Nigeria,2019-09-22,2016,TV-G,97 min,"Anime Series, Sci-Fi & Fantasy",A gripping story that unfolds over time.,2019,September,97.0,,Anime Series
s2849,TV Show,Broken Horizon,Not Given,"Actor 250, Actor 189",Germany,2017-08-02,2017,TV-MA,4 Season,Sci-Fi & Fantasy,A gripping story that unfolds over time.,2017,August,,4.0,Sci-Fi & Fantasy
s2850,Movie,Dark Journey,Director 494,"Actor 191, Actor 321",United Kingdom,2007-01-08,2005,TV-Y7,82 min,International Movies,A gripping story that unfolds over time.,2007,January,82.0,,International Movies
s2851,TV Show,Endless Dreams,Not Given,"Actor 728, Actor 110",United States,2024-02-08,2024,TV-MA,4 Season,"Kids' TV, Reality TV",A gripping story that unfolds over time.,2024,February,,4.0,Kids' TV
s2852,TV Show,Wild Empire,Director 247,"Actor 939, Actor 138",India,2009-11-02,2009,TV-G,4 Season,"Sci-Fi & Fantasy, Comedies",A gripping story that unfolds over time.,2009,November,,4.0,Sci-Fi & Fantasy
s2853,TV Show,Lost Legacy,Director 213,"Actor 571, Actor 665",Japan,2015-09-09,2014,TV-PG,4 Season,Documentaries,A gripping story that unfolds over time.,2015,September,,4.0,Documentaries
s2854,TV Show,Endless Storm,Director 317,"Actor 867, Actor 293",India,2009-08-04,2008,PG-13,4 Seasons,Children & Family Movies,A gripping story that unfolds over time.,2009,August,,4.0,Children & Family Movies
s2855,Movie,Lost Dreams,Director 361,"Actor 983, Actor 174",Japan,2026-05-11,2025,TV-MA,84 min,Stand-Up Comedy,A gripping story that unfolds over time.,2026,May,84.0,,Stand-Up Comedy
s2856,Movie,Secret Kingdom,Director 429,"Actor 32, Actor 172",United States,2005-09-14,2005,TV-Y7,116 min,Thrillers,A gripping story that unfolds over time.,2005,September,116.0,,Thrillers
s2857,Movie,Endless Storm,Director 223,"Actor 236, Actor 864",United States,2014-04-21,2014,TV-G,85 min,Anime Series,A gripping story that unfolds over time.,2014,April,85.0,,Anime Series
s2858,Movie,Wild Shadows,Director 434,"Actor 215, Actor 364",United States,2009-10-19,2006,PG,150 min,Reality TV,A gripping story that unfolds over time.,2009,October,150.0,,Reality TV
s2859,Movie,Secret Signal,Director 131,"Actor 932, Actor 112",United States,2014-01-15,2013,TV-Y7,128 min,"Thrillers, Sci-Fi & Fantasy",A gripping story that unfolds over time.,2014,January,128.0,,Thrillers
s2860,Movie,Wild Dreams,Director 280,"Actor 404, Actor 456",Brazil,2022-04-08,2021,TV-PG,112 min,"Sci-Fi & Fantasy, International Movies",A gripping story that unfolds over time.,2022,April,112.0,,Sci-Fi & Fantasy
s2861,Movie,Final Legacy,Director 168,"Actor 388, Actor 412",Germany,2000-10-22,2000,TV-MA,102 min,Sci-Fi & Fantasy,A gripping story that unfolds over time.,2000,October,102.0,,Sci-Fi & Fantasy
s2862,TV Show,Last Shadows,Director 182,"Actor 2, Actor 456",United States,2012-06-25,2009,PG,7 Seasons,International Movies,A gripping story that unfolds over time.,2012,June,,7.0,International Movies
s2863,Movie,Silent Legacy,Not Given,"Actor 75, Actor 15",Canada,2009-12-20,2008,R,79 min,"Comedies, Reality TV",A gripping story that unfolds over time.,2009,December,79.0,,Comedies
s2864,Movie,Last Dreams,Director 406,"Actor 846, Actor 269",South Korea,2016-01-09,2015,PG,87 min,"Thrillers, Romantic Movies",A gripping story that unfolds over time.,2016,January,87.0,,Thrillers
s2865,TV Show,Dark Journey,Director 198,"Actor 665, Actor 388",Brazil,2017-09-05,2015,PG,7 Seasons,Kids' TV,A gripping story that unfolds over time.,2017,September,,7.0,Kids' TV
s2866,TV Show,Rising Signal,Not Given,"Actor 918, Actor 734",United Kingdom,2019-06-16,2019,PG,6 Season,"Comedies, Reality TV",A gripping story that unfolds over time.,2019,June,,6.0,Comedies
s2867,TV Show,Rising Dreams,Director 347,"Actor 77, Actor 733",Mexico,2007-12-23,2007,TV-14,8 Seasons,Action & Adventure,A gripping story that unfolds over time.,2007,December,,8.0,Action & Adventure
s2868,Movie,Hidden Storm,Director 205,"Actor 566, Actor 546",United States,2010-10-24,2008,TV-Y7,80 min,"Reality TV, Kids' TV",A gripping story that unfolds over time.,2010,October,80.0,,Reality TV
s2869,TV Show,Secret Dreams,Not Given,"Actor 204, Actor 984",United States,2013-04-24,2012,TV-14,3 Seasons,"Kids' TV, Crime TV Shows",A gripping story that unfolds over time.,2013,April,,3.0,Kids' TV
s2870,TV Show,Broken Dreams,Director 419,"Actor 592, Actor 541",Italy,2021-10-07,2020,TV-14,5 Seasons,"Documentaries, Anime Series",A gripping story that unfolds over time.,2021,October,,5.0,Documentaries
s2871,Movie,Final Horizon,Director 119,"Actor 77, Actor 792",United States,2014-05-07,2011,R,113 min,"Comedies, International Movies",A gripping story that unfolds over time.,2014,May,113.0,,Comedies
s2872,Movie,Endless Shadows,Not Given,"Actor 624, Actor 23",South Korea,2026-02-20,2025,TV-MA,116 min,Anime Series,A gripping story that unfolds over time.,2026,February,116.0,,Anime Series
s2873,Movie,Silent Storm,Director 81,"Actor 547, Actor 878",Australia,2008-05-21,2005,R,126 min,Reality TV,A gripping story that unfolds over time.,2008,May,126.0,,Reality TV
s2874,Movie,Endless Legacy,Director 153,"Actor 710, Actor 732",United States,2003-10-23,2003,TV-MA,74 min,"Stand-Up Comedy, Crime TV Shows",A gripping story that unfolds over time.,2003,October,74.0,,Stand-Up Comedy
s2875,TV Show,Dark Shadows,Director 435,"Actor 32, Actor 840",United States,2011-02-20,2011,TV-G,2 Seasons,"Romantic Movies, International Movies",A gripping story that unfolds over time.,2011,February,,2.0,Romantic Movies
s2876,TV Show,Last Legacy,Director 381,"Actor 321, Actor 219",Germany,2002-10-19,2000,TV-Y7,7 Seasons,Action & Adventure,A gripping story that unfolds over time.,2002,October,,7.0,Action & Adventure
s2877,Movie,Broken Storm,Director 241,"Actor 755, Actor 474",Brazil,2026-11-10,2024,R,80 min,"Children & Family Movies, Comedies",A gripping story that unfolds over time.,2026,November,80.0,,Children & Family Movies
s2878,Movie,Silent Heist,Director 260,"Actor 436, Actor 383",Turkey,2019-07-01,2016,TV-MA,156 min,Children & Family Movies,A gripping story that unfolds over time.,2019,July,156.0,,Children & Family Movies
s2879,TV Show,Golden City,Director 326,"Actor 652, Actor 130",Spain,2016-11-01,2013,TV-MA,6 Seasons,"Horror Movies, Documentaries",A gripping story that unfolds over time.,2016,November,,6.0,Horror Movies
s2880,Movie,Golden Dreams,Not Given,"Actor 281, Actor 6",Brazil,2021-11-08,2019,TV-14,104 min,"Action & Adventure, Children & Family Movies",A gripping story that unfolds over time.,2021,November,104.0,,Action & Adventure
s2881,TV Show,Wild City,Director 34,"Actor 852, Actor 623",Nigeria,2015-08-01,2015,TV-PG,5 Seasons,Reality TV,A gripping story that unfolds over time.,2015,August,,5.0,Reality TV
s2882,TV Show,Broken Shadows,Director 481,"Actor 29, Actor 203",Canada,2017-06-16,2017,PG-13,2 Seasons,"Action & Adventure, International Movies",A gripping story that unfolds over time.,2017,June,,2.0,Action & Adventure
s2883,TV Show,Broken Dreams,Director 349,"Actor 304, Actor 377",India,2022-09-23,2020,TV-PG,4 Seasons,Documentaries,A gripping story that unfolds over time.,2022,September,,4.0,Documentaries
s2884,Movie,Endless Dreams,Not Given,"Actor 95, Actor 131",Mexico,2014-03-07,2012,TV-Y7,106 min,"Anime Series, Stand-Up Comedy",A gripping story that unfolds over time.,2014,March,106.0,,Anime Series
s2885,Movie,Silent Chronicles,Director 486,"Actor 858, Actor 87",South Korea,2025-04-18,2025,PG-13,113 min,Horror Movies,A gripping story that unfolds over time.,2025,April,113.0,,Horror Movies
s2886,TV Show,Dark Storm,Director 156,"Actor 859, Actor 127",United States,2014-01-21,2014,PG,2 Seasons,"Stand-Up Comedy, Comedies",A gripping story that unfolds over time.,2014,January,,2.0,Stand-Up Comedy
s2887,Movie,Silent Horizon,Director 471,"Actor 780, Actor 19",United States,2024-10-27,2022,PG,167 min,Horror Movies,A gripping story that unfolds over time.,2024,October,167.0,,Horror Movies
s2888,TV Show,Wild Empire,Director 442,"Actor 707, Actor 940",Canada,2004-12-05,2003,TV-14,6 Seasons,Documentaries,A gripping story that unfolds over time.,2004,December,,6.0,Documentaries
s2889,Movie,Final Journey,Director 61,"Actor 931, Actor 672",United Kingdom,2019-11-19,2016,R,72 min,"Sci-Fi & Fantasy, Anime Series",A gripping story that unfolds over time.,2019,November,72.0,,Sci-Fi & Fantasy
s2890,Movie,Forgotten Kingdom,Director 250,"Actor 763, Actor 527",Canada,2003-10-11,2002,TV-MA,115 min,"Kids' TV, Thrillers",A gripping story that unfolds over time.,2003,October,115.0,,Kids' TV
s2891,Movie,Forgotten Kingdom,Director 65,"Actor 221, Actor 858",Brazil,2024-08-12,2024,PG,104 min,International Movies,A gripping story that unfolds over time.,2024,August,104.0,,International Movies
s2892,TV Show,Secret Horizon,Not Given,"Actor 776, Actor 603",United States,2018-01-02,2017,TV-G,1 Seasons,Romantic Movies,A gripping story that unfolds over time.,2018,January,,1.0,Romantic Movies
s2893,TV Show,Last Storm,Not Given,"Actor 541, Actor 237",Mexico,2019-04-08,2018,PG,1 Seasons,"Horror Movies, Stand-Up Comedy",A gripping story that unfolds over time.,2019,April,,1.0,Horror Movies
s2894,TV Show,Final Heist,Director 180,"Actor 116, Actor 28",United States,2017-06-19,2014,TV-Y7,8 Seasons,Stand-Up Comedy,A gripping story that unfolds over time.,2017,June,,8.0,Stand-Up Comedy
s2895,Movie,Final Journey,Not Given,"Actor 876, Actor 845",India,2003-10-16,2001,TV-G,132 min,"Documentaries, Action & Adventure",A gripping story that unfolds over time.,2003,October,132.0,,Documentaries
s2896,Movie,Silent Shadows,Director 189,"Actor 676, Actor 341",United States,2013-02-10,2011,PG-13,125 min,Anime Series,A gripping story that unfolds over time.,2013,February,125.0,,Anime Series
s2897,Movie,Golden Kingdom,Director 206,"Actor 226, Actor 438",Brazil,2004-12-17,2001,TV-Y7,94 min,Reality TV,A gripping story that unfolds over time.,2004,December,94.0,,Reality TV
s2898,Movie,Forgotten Signal,Director 1,"Actor 451, Actor 283",India,2022-07-13,2020,TV-MA,77 min,"Kids' TV, Children & Family Movies",A gripping story that unfolds over time.,2022,July,77.0,,Kids' TV
s2899,TV Show,Dark Dreams,Not Given,"Actor 60, Actor 747",Japan,2025-07-24,2022,TV-MA,3 Season,Sci-Fi & Fantasy,A gripping story that unfolds over time.,2025,July,,3.0,Sci-Fi & Fantasy
s2900,TV Show,Wild Storm,Not Given,"Actor 360, Actor 394",United States,2005-05-13,2002,PG,2 Seasons,"Action & Adventure, Dramas",A gripping story that unfolds over time.,2005,May,,2.0,Action & Adventure
s2901,Movie,Silent Kingdom,Director 57,"Actor 286, Actor 456",Canada,2022-02-19,2021,PG,86 min,"Kids' TV, Sci-Fi & Fantasy",A gripping story that unfolds over time.,2022,February,86.0,,Kids' TV
s2902,Movie,Secret Empire,Not Given,"Actor 339, Actor 326",Canada,2003-10-23,2003,TV-14,80 min,Documentaries,A gripping story that unfolds over time.,2003,October,80.0,,Documentaries
s2903,Movie,Final Chronicles,Director 388,"Actor 352, Actor 613",Brazil,2004-09-14,2002,TV-Y7,103 min,"Stand-Up Comedy, Romantic Movies",A gripping story that unfolds over time.,2004,September,103.0,,Stand-Up Comedy
s2904,TV Show,Wild Kingdom,Not Given,"Actor 360, Actor 432",Mexico,2018-02-16,2017,PG,3 Seasons,"Sci-Fi & Fantasy, Horror Movies",A gripping story that unfolds over time.,2018,February,,3.0,Sci-Fi & Fantasy
s2905,TV Show,Silent Journey,Director 45,"Actor 351, Actor 94",United Kingdom,2006-04-12,2004,TV-14,6 Seasons,"Reality TV, Anime Series",A gripping story that unfolds over time.,2006,April,,6.0,Reality TV
s2906,Movie,Final Legacy,Not Given,"Actor 961, Actor 655",United Kingdom,2013-12-17,2013,PG,74 min,Crime TV Shows,A gripping story that unfolds over time.,2013,December,74.0,,Crime TV Shows
s2907,TV Show,Silent Signal,Director 494,"Actor 445, Actor 852",United States,2021-11-05,2021,TV-14,6 Seasons,"Crime TV Shows, Dramas",A gripping story that unfolds over time.,2021,November,,6.0,Crime TV Shows
s2908,Movie,Secret Kingdom,Director 5,"Actor 772, Actor 570",India,2025-06-20,2022,TV-PG,105 min,Stand-Up Comedy,A gripping story that unfolds over time.,2025,June,105.0,,Stand-Up Comedy
s2909,TV Show,Last Dreams,Director 96,"Actor 25, Actor 352",Turkey,2014-10-09,2012,TV-MA,6 Season,"Thrillers, Horror Movies",A gripping story that unfolds over time.,2014,October,,6.0,Thrillers
s2910,Movie,Final Chronicles,Not Given,"Actor 206, Actor 210",Germany,2024-01-05,2022,R,120 min,"Kids' TV, Comedies",A gripping story that unfolds over time.,2024,January,120.0,,Kids' TV
s2911,Movie,Forgotten Dreams,Director 243,"Actor 743, Actor 738",United States,2010-07-22,2009,PG,114 min,Action & Adventure,A gripping story that unfolds over time.,2010,July,114.0,,Action & Adventure
s2912,TV Show,Last Shadows,Director 390,"Actor 324, Actor 588",United States,2026-09-23,2024,TV-PG,2 Seasons,"Crime TV Shows, Children & Family Movies",A gripping story that unfolds over time.,2026,September,,2.0,Crime TV Shows
s2913,TV Show,Wild Legacy,Director 33,"Actor 846, Actor 799",Japan,2015-02-16,2014,TV-MA,1 Seasons,"Children & Family Movies, Dramas",A gripping story that unfolds over time.,2015,February,,1.0,Children & Family Movies
s2914,Movie,Last Chronicles,Director 363,"Actor 472, Actor 265",United Kingdom,2013-06-08,2011,PG-13,81 min,"Action & Adventure, Documentaries",A gripping story that unfolds over time.,2013,June,81.0,,Action & Adventure
s2915,TV Show,Golden Empire,Director 418,"Actor 312, Actor 460",Spain,2021-10-18,2021,TV-PG,2 Seasons,"Thrillers, Action & Adventure",A gripping story that unfolds over time.,2021,October,,2.0,Thrillers
s2916,TV Show,Last Shadows,Director 25,"Actor 542, Actor 679",South Korea,2022-04-12,2020,TV-MA,6 Seasons,Sci-Fi & Fantasy,A gripping story that unfolds over time.,2022,April,,6.0,Sci-Fi & Fantasy
s2917,Movie,Secret Heist,Director 141,"Actor 597, Actor 811",United States,2009-09-23,2007,R,71 min,Horror Movies,A gripping story that unfolds over time.,2009,September,71.0,,Horror Movies
s2918,TV Show,Broken Signal,Director 94,"Actor 298, Actor 513",Nigeria,2026-09-22,2025,TV-14,1 Seasons,Sci-Fi & Fantasy,A gripping story that unfolds over time.,2026,September,,1.0,Sci-Fi & Fantasy
s2919,Movie,Forgotten Storm,Director 287,"Actor 733, Actor 704",United States,2002-01-10,2001,PG,153 min,"Crime TV Shows, Thrillers",A gripping story that unfolds over time.,2002,January,153.0,,Crime TV Shows
s2920,Movie,Broken Horizon,Director 424,"Actor 77, Actor 854",Canada,2019-11-25,2017,TV-MA,143 min,Kids' TV,A gripping story that unfolds over time.,2019,November,143.0,,Kids' TV
s2921,Movie,Broken Journey,Not Given,"Actor 117, Actor 75",India,2025-03-26,2024,PG,152 min,Kids' TV,A gripping story that unfolds over time.,2025,March,152.0,,Kids' TV
s2922,Movie,Broken Chronicles,Director 353,"Actor 746, Actor 414",Japan,2008-09-04,2007,TV-14,107 min,Anime Series,A gripping story that unfolds over time.,2008,September,107.0,,Anime Series
s2923,TV Show,Final Chronicles,Not Given,"Actor 616, Actor 622",Germany,2015-08-24,2015,TV-PG,2 Season,"Thrillers, Children & Family Movies",A gripping story that unfolds over time.,2015,August,,2.0,Thrillers
s2924,Movie,Lost Legacy,Not Given,"Actor 402, Actor 723",Japan,2020-06-17,2017,R,142 min,"Comedies, Sci-Fi & Fantasy",A gripping story that unfolds over time.,2020,June,142.0,,Comedies
s2925,TV Show,Golden Empire,Director 383,"Actor 195, Actor 207",Nigeria,2009-11-21,2008,TV-PG,6 Seasons,"Dramas, Action & Adventure",A gripping story that unfolds over time.,2009,November,,6.0,Dramas
s2926,Movie,Wild Chronicles,Director 245,"Actor 327, Actor 267",United States,2020-08-08,2019,TV-MA,141 min,Crime TV Shows,A gripping story that unfolds over time.,2020,August,141.0,,Crime TV Shows
s2927,TV Show,Lost Storm,Director 391,"Actor 750, Actor 7",Canada,2013-12-22,2011,PG-13,1 Season,International Movies,A gripping story that unfolds over time.,2013,December,,1.0,International Movies
s2928,Movie,Lost Shadows,Director 383,"Actor 641, Actor 508",Canada,2019-02-02,2018,TV-PG,119 min,"Romantic Movies, Comedies",A gripping story that unfolds over time.,2019,February,119.0,,Romantic Movies
s2929,TV Show,Wild Empire,Director 361,"Actor 366, Actor 453",United States,2023-03-16,2021,PG,2 Seasons,Sci-Fi & Fantasy,A gripping story that unfolds over time.,2023,March,,2.0,Sci-Fi & Fantasy
s2930,TV Show,Forgotten Empire,Not Given,"Actor 498, Actor 587",Spain,2023-04-14,2021,PG-13,3 Seasons,"Documentaries, Anime Series",A gripping story that unfolds over time.,2023,April,,3.0,Documentaries
s2931,TV Show,Endless Horizon,Director 166,"Actor 275, Actor 950",United States,2012-06-13,2011,PG,7 Seasons,Action & Adventure,A gripping story that unfolds over time.,2012,June,,7.0,Action & Adventure
s2932,Movie,Secret Storm,Director 370,"Actor 647, Actor 832",South Korea,2003-03-25,2003,PG-13,120 min,Kids' TV,A gripping story that unfolds over time.,2003,March,120.0,,Kids' TV
s2933,Movie,Hidden Chronicles,Director 446,"Actor 677, Actor 906",Mexico,2025-09-17,2022,PG,94 min,"International Movies, Dramas",A gripping story that unfolds over time.,2025,September,94.0,,International Movies
s2934,TV Show,Hidden Shadows,Director 204,"Actor 7, Actor 713",United States,2004-08-14,2001,TV-14,5 Seasons,Stand-Up Comedy,A gripping story that unfolds over time.,2004,August,,5.0,Stand-Up Comedy
s2935,Movie,Hidden Signal,Director 34,"Actor 660, Actor 118",United Kingdom,2008-09-24,2008,PG,130 min,"Stand-Up Comedy, International Movies",A gripping story that unfolds over time.,2008,September,130.0,,Stand-Up Comedy
s2936,TV Show,Lost Journey,Not Given,"Actor 103, Actor 985",United States,2003-06-25,2002,PG,6 Seasons,"Documentaries, Reality TV",A gripping story that unfolds over time.,2003,June,,6.0,Documentaries
s2937,TV Show,Golden Dreams,Not Given,"Actor 185, Actor 103",Australia,2008-11-25,2006,PG-13,7 Seasons,Horror Movies,A gripping story that unfolds over time.,2008,November,,7.0,Horror Movies
s2938,Movie,Wild Empire,Director 363,"Actor 443, Actor 435",Nigeria,2019-02-24,2017,TV-Y7,84 min,"Documentaries, Comedies",A gripping story that unfolds over time.,2019,February,84.0,,Documentaries
s2939,Movie,Dark Kingdom,Director 94,"Actor 917, Actor 773",United States,2026-12-22,2025,TV-PG,74 min,Action & Adventure,A gripping story that unfolds over time.,2026,December,74.0,,Action & Adventure
s2940,Movie,Hidden Heist,Director 19,"Actor 243, Actor 248",United States,2015-11-04,2014,TV-MA,113 min,Children & Family Movies,A gripping story that unfolds over time.,2015,November,113.0,,Children & Family Movies
s2941,Movie,Endless Legacy,Director 140,"Actor 755, Actor 49",Japan,2003-12-23,2002,TV-PG,104 min,"Reality TV, Crime TV Shows",A gripping story that unfolds over time.,2003,December,104.0,,Reality TV
s2942,Movie,Golden Shadows,Director 37,"Actor 480, Actor 776",France,2018-07-24,2016,TV-G,100 min,"Anime Series, Stand-Up Comedy",A gripping story that unfolds over time.,2018,July,100.0,,Anime Series
s2943,TV Show,Dark Horizon,Director 184,"Actor 998, Actor 464",United States,2005-09-02,2005,PG,8 Seasons,Reality TV,A gripping story that unfolds over time.,2005,September,,8.0,Reality TV
s2944,Movie,Secret Horizon,Director 289,"Actor 485, Actor 330",Spain,2014-04-14,2012,R,149 min,"Reality TV, Sci-Fi & Fantasy",A gripping story that unfolds over time.,2014,April,149.0,,Reality TV
s2945,Movie,Hidden Dreams,Director 384,"Actor 672, Actor 624",Canada,2001-01-03,2001,TV-MA,156 min,"Stand-Up Comedy, Romantic Movies",A gripping story that unfolds over time.,2001,January,156.0,,Stand-Up Comedy
s2946,TV Show,Silent Dreams,Not Given,"Actor 925, Actor 997",United States,2013-02-27,2011,TV-G,5 Seasons,Crime TV Shows,A gripping story that unfolds over time.,2013,February,,5.0,Crime TV Shows
s2947,Movie,Dark Legacy,Director 288,"Actor 563, Actor 643",Mexico,2014-03-26,2014,TV-G,166 min,Anime Series,A gripping story that unfolds over time.,2014,March,166.0,,Anime Series
s2948,TV Show,Final Horizon,Director 30,"Actor 435, Actor 172",United States,2026-12-26,2023,TV-MA,2 Seasons,"Dramas, Horror Movies",A gripping story that unfolds over time.,2026,December,,2.0,Dramas
s2949,Movie,Secret Dreams,Director 248,"Actor 248, Actor 51",United States,2018-10-21,2017,TV-Y7,138 min,"Thrillers, Kids' TV",A gripping story that unfolds over time.,2018,October,138.0,,Thrillers
s2950,Movie,Wild Storm,Director 340,"Actor 442, Actor 515",Japan,2013-12-26,2013,TV-MA,128 min,"Action & Adventure, Dramas",A gripping story that unfolds over time.,2013,December,128.0,,Action & Adventure
s2951,Movie,Wild Legacy,Not Given,"Actor 814, Actor 904",United Kingdom,2023-01-25,2020,TV-PG,111 min,Sci-Fi & Fantasy,A gripping story that unfolds over time.,2023,January,111.0,,Sci-Fi & Fantasy
s2952,TV Show,Endless Chronicles,Director 438,"Actor 908, Actor 208",India,2009-03-14,2009,TV-Y7,6 Seasons,"International Movies, Stand-Up Comedy",A gripping story that unfolds over time.,2009,March,,6.0,International Movies
s2953,Movie,Final Kingdom,Director 281,"Actor 709, Actor 390",United States,2024-12-23,2022,R,91 min,Children & Family Movies,A gripping story that unfolds over time.,2024,December,91.0,,Children & Family Movies
s2954,Movie,Final Horizon,Director 223,"Actor 836, Actor 428",Spain,2015-03-06,2014,PG-13,140 min,"Horror Movies, Romantic Movies",A gripping story that unfolds over time.,2015,March,140.0,,Horror Movies
s2955,Movie,Silent Journey,Director 220,"Actor 721, Actor 501",United States,2016-02-17,2013,TV-PG,145 min,Anime Series,A gripping story that unfolds over time.,2016,February,145.0,,Anime Series
s2956,TV Show,Last City,Not Given,"Actor 529, Actor 632",United States,2015-06-23,2013,TV-14,2 Seasons,Romantic Movies,A gripping story that unfolds over time.,2015,June,,2.0,Romantic Movies
s2957,Movie,Final Signal,Director 51,"Actor 750, Actor 907",United States,2007-12-06,2004,TV-Y7,148 min,Thrillers,A gripping story that unfolds over time.,2007,December,148.0,,Thrillers
s2958,TV Show,Lost Heist,Director 45,"Actor 57, Actor 386",United States,2019-08-05,2018,TV-14,5 Seasons,"Anime Series, Reality TV",A gripping story that unfolds over time.,2019,August,,5.0,Anime Series
s2959,Movie,Endless Chronicles,Not Given,"Actor 298, Actor 143",South Korea,2025-10-23,2025,PG-13,94 min,Thrillers,A gripping story that unfolds over time.,2025,October,94.0,,Thrillers
s2960,Movie,Last Empire,Director 59,"Actor 923, Actor 952",Spain,2009-12-27,2007,TV-MA,71 min,Action & Adventure,A gripping story that unfolds over time.,2009,December,71.0,,Action & Adventure
s2961,TV Show,Hidden Storm,Director 246,"Actor 206, Actor 628",South Korea,2002-11-01,2001,TV-G,3 Seasons,"Reality TV, Stand-Up Comedy",A gripping story that unfolds over time.,2002,November,,3.0,Reality TV
s2962,TV Show,Wild Chronicles,Director 158,"Actor 989, Actor 295",United States,2011-11-15,2011,TV-14,6 Seasons,"Romantic Movies, Horror Movies",A gripping story that unfolds over time.,2011,November,,6.0,Romantic Movies
s2963,Movie,Rising Legacy,Director 450,"Actor 602, Actor 516",United States,2004-01-16,2003,TV-14,126 min,"International Movies, Action & Adventure",A gripping story that unfolds over time.,2004,January,126.0,,International Movies
s2964,TV Show,Secret Empire,Director 205,"Actor 265, Actor 233",United Kingdom,2020-11-11,2017,TV-G,5 Seasons,Stand-Up Comedy,A gripping story that unfolds over time.,2020,November,,5.0,Stand-Up Comedy
s2965,TV Show,Final Shadows,Director 136,"Actor 653, Actor 172",United States,2023-09-25,2021,R,1 Seasons,Horror Movies,A gripping story that unfolds over time.,2023,September,,1.0,Horror Movies
s2966,TV Show,Secret Shadows,Director 433,"Actor 387, Actor 32",United States,2024-10-26,2022,TV-Y7,1 Seasons,Dramas,A gripping story that unfolds over time.,2024,October,,1.0,Dramas
s2967,TV Show,Last Journey,Director 14,"Actor 876, Actor 610",South Korea,2005-02-27,2002,TV-Y7,5 Seasons,"Sci-Fi & Fantasy, Thrillers",A gripping story that unfolds over time.,2005,February,,5.0,Sci-Fi & Fantasy
s2968,TV Show,Dark Storm,Not Given,"Actor 836, Actor 359",India,2009-08-24,2009,PG-13,4 Season,"Crime TV Shows, Reality TV",A gripping story that unfolds over time.,2009,August,,4.0,Crime TV Shows
s2969,TV Show,Rising City,Director 450,"Actor 783, Actor 740",Nigeria,2018-04-09,2016,R,5 Seasons,Horror Movies,A gripping story that unfolds over time.,2018,April,,5.0,Horror Movies
s2970,Movie,Rising Chronicles,Not Given,"Actor 349, Actor 289",India,2005-01-05,2003,PG-13,141 min,Romantic Movies,A gripping story that unfolds over time.,2005,January,141.0,,Romantic Movies
s2971,Movie,Last Storm,Director 9,"Actor 521, Actor 113",United States,2025-06-26,2025,TV-Y7,163 min,International Movies,A gripping story that unfolds over time.,2025,June,163.0,,International Movies
s2972,Movie,Forgotten Chronicles,Director 81,"Actor 588, Actor 281",United States,2026-02-10,2023,PG,123 min,Comedies,A gripping story that unfolds over time.,2026,February,123.0,,Comedies
s2973,TV Show,Golden Empire,Not Given,"Actor 457, Actor 761",United Kingdom,2022-11-08,2020,TV-Y7,2 Seasons,"Reality TV, Dramas",A gripping story that unfolds over time.,2022,November,,2.0,Reality TV
s2974,Movie,Wild Chronicles,Director 210,"Actor 824, Actor 58",Nigeria,2019-04-04,2017,TV-14,72 min,Horror Movies,A gripping story that unfolds over time.,2019,April,72.0,,Horror Movies
s2975,Movie,Dark City,Director 466,"Actor 225, Actor 242",Japan,2022-01-19,2019,TV-G,95 min,Horror Movies,A gripping story that unfolds over time.,2022,January,95.0,,Horror Movies
s2976,TV Show,Wild Legacy,Director 499,"Actor 172, Actor 857",United States,2007-12-07,2007,TV-MA,7 Seasons,Sci-Fi & Fantasy,A gripping story that unfolds over time.,2007,December,,7.0,Sci-Fi & Fantasy
s2977,Movie,Last Journey,Director 187,"Actor 197, Actor 767",Canada,2010-07-17,2010,TV-MA,74 min,"Thrillers, Sci-Fi & Fantasy",A gripping story that unfolds over time.,2010,July,74.0,,Thrillers
s2978,Movie,Dark City,Director 252,"Actor 692, Actor 33",Brazil,2022-02-24,2021,R,101 min,"Reality TV, Anime Series",A gripping story that unfolds over time.,2022,February,101.0,,Reality TV
s2979,TV Show,Forgotten Legacy,Director 465,"Actor 797, Actor 468",United States,2015-01-04,2015,TV-G,6 Seasons,"Horror Movies, Reality TV",A gripping story that unfolds over time.,2015,January,,6.0,Horror Movies
s2980,TV Show,Secret Empire,Director 261,"Actor 85, Actor 17",United States,2022-05-24,2019,TV-G,8 Season,International Movies,A gripping story that unfolds over time.,2022,May,,8.0,International Movies
s2981,Movie,Broken Legacy,Director 337,"Actor 580, Actor 787",Mexico,2020-06-25,2019,R,151 min,"Kids' TV, Action & Adventure",A gripping story that unfolds over time.,2020,June,151.0,,Kids' TV
s2982,Movie,Rising City,Director 246,"Actor 398, Actor 278",United Kingdom,2010-05-23,2007,TV-G,145 min,"Comedies, Horror Movies",A gripping story that unfolds over time.,2010,May,145.0,,Comedies
s2983,Movie,Silent Shadows,Not Given,"Actor 359, Actor 354",India,2009-06-17,2006,PG,106 min,Crime TV Shows,A gripping story that unfolds over time.,2009,June,106.0,,Crime TV Shows
s2984,Movie,Silent Dreams,Director 445,"Actor 656, Actor 883",Nigeria,2023-02-15,2023,TV-Y7,125 min,"Crime TV Shows, International Movies",A gripping story that unfolds over time.,2023,February,125.0,,Crime TV Shows
s2985,Movie,Broken Heist,Director 472,"Actor 167, Actor 10",Australia,2010-02-26,2010,TV-Y7,105 min,"International Movies, Kids' TV",A gripping story that unfolds over time.,2010,February,105.0,,International Movies
s2986,Movie,Rising Legacy,Director 300,"Actor 317, Actor 770",Canada,2007-10-19,2005,TV-MA,83 min,Thrillers,A gripping story that unfolds over time.,2007,October,83.0,,Thrillers
s2987,Movie,Silent Heist,Not Given,"Actor 225, Actor 282",United Kingdom,2005-11-11,2004,TV-PG,143 min,Thrillers,A gripping story that unfolds over time.,2005,November,143.0,,Thrillers
s2988,TV Show,Broken Horizon,Director 259,"Actor 165, Actor 612",Germany,2021-08-06,2019,TV-14,8 Seasons,"Stand-Up Comedy, Crime TV Shows",A gripping story that unfolds over time.,2021,August,,8.0,Stand-Up Comedy
s2989,Movie,Endless Horizon,Director 428,"Actor 355, Actor 666",South Korea,2020-10-20,2018,TV-PG,147 min,Kids' TV,A gripping story that unfolds over time.,2020,October,147.0,,Kids' TV
s2990,Movie,Hidden Heist,Director 138,"Actor 853, Actor 713",United States,2005-10-23,2004,TV-Y7,76 min,"Thrillers, Children & Family Movies",A gripping story that unfolds over time.,2005,October,76.0,,Thrillers
s2991,Movie,Final Empire,Not Given,"Actor 782, Actor 323",United Kingdom,2009-01-19,2009,R,134 min,Thrillers,A gripping story that unfolds over time.,2009,January,134.0,,Thrillers
s2992,Movie,Broken Empire,Director 396,"Actor 932, Actor 969",Spain,2014-02-01,2013,TV-G,127 min,"Action & Adventure, Crime TV Shows",A gripping story that unfolds over time.,2014,February,127.0,,Action & Adventure
s2993,Movie,Final Storm,Director 180,"Actor 18, Actor 664",United States,2009-04-22,2008,PG,159 min,"Sci-Fi & Fantasy, Crime TV Shows",A gripping story that unfolds over time.,2009,April,159.0,,Sci-Fi & Fantasy
s2994,Movie,Secret Storm,Director 158,"Actor 667, Actor 700",United States,2017-09-17,2015,PG,70 min,"Documentaries, Horror Movies",A gripping story that unfolds over time.,2017,September,70.0,,Documentaries
s2995,TV Show,Secret Signal,Director 372,"Actor 762, Actor 125",Germany,2024-05-20,2021,TV-PG,2 Seasons,Dramas,A gripping story that unfolds over time.,2024,May,,2.0,Dramas
s2996,TV Show,Last Journey,Director 4,"Actor 341, Actor 970",United States,2025-06-21,2022,TV-PG,3 Seasons,"Dramas, Horror Movies",A gripping story that unfolds over time.,2025,June,,3.0,Dramas
s2997,Movie,Secret Signal,Director 335,"Actor 687, Actor 431",Spain,2003-02-08,2001,TV-PG,94 min,Documentaries,A gripping story that unfolds over time.,2003,February,94.0,,Documentaries
s2998,TV Show,Wild Storm,Not Given,"Actor 514, Actor 342",Nigeria,2026-10-05,2025,PG-13,5 Seasons,"Action & Adventure, Crime TV Shows",A gripping story that unfolds over time.,2026,October,,5.0,Action & Adventure
s2999,TV Show,Forgotten Legacy,Director 74,"Actor 75, Actor 97",Australia,2026-10-17,2025,TV-G,8 Seasons,Horror Movies,A gripping story that unfolds over time.,2026,October,,8.0,Horror Movies
s3000,Movie,Last Empire,Director 98,"Actor 554, Actor 300",United States,2023-07-05,2022,PG,124 min,"Action & Adventure, Dramas",A gripping story that unfolds over time.,2023,July,124.0,,Action & Adventure
s3001,Movie,Hidden Horizon,Director 475,"Actor 486, Actor 153",United Kingdom,2020-04-10,2018,TV-Y7,80 min,Documentaries,A gripping story that unfolds over time.,2020,April,80.0,,Documentaries
s3002,TV Show,Secret Journey,Director 14,"Actor 893, Actor 404",France,2006-09-14,2006,PG,6 Seasons,Action & Adventure,A gripping story that unfolds over time.,2006,September,,6.0,Action & Adventure
s3003,Movie,Broken Heist,Director 167,"Actor 631, Actor 797",United States,2005-07-12,2003,TV-G,140 min,Reality TV,A gripping story that unfolds over time.,2005,July,140.0,,Reality TV
s3004,TV Show,Dark Signal,Not Given,"Actor 631, Actor 642",United States,2026-07-25,2025,TV-14,8 Seasons,"Horror Movies, Children & Family Movies",A gripping story that unfolds over time.,2026,July,,8.0,Horror Movies
s3005,Movie,Golden Storm,Director 384,"Actor 872, Actor 172",Canada,2015-07-26,2013,R,138 min,"International Movies, Action & Adventure",A gripping story that unfolds over time.,2015,July,138.0,,International Movies
s3006,TV Show,Silent Kingdom,Director 189,"Actor 490, Actor 50",India,2004-09-16,2004,TV-G,4 Seasons,Comedies,A gripping story that unfolds over time.,2004,September,,4.0,Comedies
s3007,TV Show,Lost Shadows,Not Given,"Actor 431, Actor 514",Turkey,2002-06-11,2000,TV-PG,3 Seasons,"Comedies, Anime Series",A gripping story that unfolds over time.,2002,June,,3.0,Comedies
s3008,Movie,Silent Empire,Director 439,"Actor 76, Actor 321",South Korea,2013-11-02,2011,TV-14,134 min,"Thrillers, Reality TV",A gripping story that unfolds over time.,2013,November,134.0,,Thrillers
s3009,TV Show,Rising Journey,Director 101,"Actor 740, Actor 990",Brazil,2016-10-13,2016,TV-G,1 Seasons,Crime TV Shows,A gripping story that unfolds over time.,2016,October,,1.0,Crime TV Shows
s3010,TV Show,Golden Shadows,Director 181,"Actor 57, Actor 422",Germany,2018-01-09,2016,TV-PG,1 Seasons,Crime TV Shows,A gripping story that unfolds over time.,2018,January,,1.0,Crime TV Shows
s3011,Movie,Forgotten City,Director 492,"Actor 91, Actor 396",France,2022-07-15,2019,TV-14,91 min,"Action & Adventure, Horror Movies",A gripping story that unfolds over time.,2022,July,91.0,,Action & Adventure
s3012,Movie,Secret Journey,Not Given,"Actor 17, Actor 7",Mexico,2012-09-27,2011,R,102 min,Thrillers,A gripping story that unfolds over time.,2012,September,102.0,,Thrillers
s3013,TV Show,Rising City,Director 32,"Actor 15, Actor 859",Australia,2008-06-27,2006,TV-G,3 Season,Romantic Movies,A gripping story that unfolds over time.,2008,June,,3.0,Romantic Movies
s3014,Movie,Secret Empire,Director 171,"Actor 884, Actor 512",Canada,2004-05-16,2002,PG,126 min,"Sci-Fi & Fantasy, Kids' TV",A gripping story that unfolds over time.,2004,May,126.0,,Sci-Fi & Fantasy
s3015,Movie,Forgotten Legacy,Director 455,"Actor 248, Actor 12",India,2008-09-23,2005,TV-14,121 min,Kids' TV,A gripping story that unfolds over time.,2008,September,121.0,,Kids' TV
s3016,TV Show,Rising Horizon,Director 473,"Actor 111, Actor 881",Spain,2008-10-05,2005,TV-PG,5 Seasons,Sci-Fi & Fantasy,A gripping story that unfolds over time.,2008,October,,5.0,Sci-Fi & Fantasy
s3017,TV Show,Final Legacy,Director 324,"Actor 313, Actor 664",Nigeria,2009-07-01,2007,PG,6 Seasons,"Dramas, Stand-Up Comedy",A gripping story that unfolds over time.,2009,July,,6.0,Dramas
s3018,TV Show,Endless Legacy,Director 478,"Actor 925, Actor 810",India,2016-10-06,2013,TV-14,5 Seasons,"Crime TV Shows, Dramas",A gripping story that unfolds over time.,2016,October,,5.0,Crime TV Shows
s3019,Movie,Wild Storm,Director 474,"Actor 123, Actor 537",France,2007-12-16,2007,PG-13,155 min,"Crime TV Shows, Action & Adventure",A gripping story that unfolds over time.,2007,December,155.0,,Crime TV Shows
s3020,TV Show,Wild Horizon,Director 226,"Actor 501, Actor 709",India,2011-10-27,2010,TV-14,7 Seasons,"Action & Adventure, Romantic Movies",A gripping story that unfolds over time.,2011,October,,7.0,Action & Adventure
s3021,TV Show,Forgotten Empire,Director 490,"Actor 974, Actor 103",South Korea,2013-05-18,2011,R,3 Seasons,"Sci-Fi & Fantasy, Comedies",A gripping story that unfolds over time.,2013,May,,3.0,Sci-Fi & Fantasy
s3022,Movie,Final Heist,Not Given,"Actor 406, Actor 677",France,2011-12-10,2010,TV-Y7,169 min,"Romantic Movies, Reality TV",A gripping story that unfolds over time.,2011,December,169.0,,Romantic Movies
s3023,Movie,Forgotten Storm,Director 318,"Actor 695, Actor 35",Germany,2024-12-11,2023,TV-G,157 min,"Documentaries, Anime Series",A gripping story that unfolds over time.,2024,December,157.0,,Documentaries
s3024,Movie,Broken Horizon,Director 121,"Actor 434, Actor 416",Canada,2017-04-19,2017,TV-G,133 min,"Action & Adventure, Children & Family Movies",A gripping story that unfolds over time.,2017,April,133.0,,Action & Adventure
s3025,Movie,Wild Storm,Director 50,"Actor 298, Actor 707",Australia,2015-08-21,2012,TV-14,98 min,"Children & Family Movies, Documentaries",A gripping story that unfolds over time.,2015,August,98.0,,Children & Family Movies
s3026,TV Show,Hidden City,Not Given,"Actor 396, Actor 835",United States,2004-06-25,2003,TV-G,4 Seasons,Action & Adventure,A gripping story that unfolds over time.,2004,June,,4.0,Action & Adventure
s3027,TV Show,Lost Signal,Not Given,"Actor 187, Actor 405",United States,2010-09-25,2010,TV-PG,8 Seasons,"Kids' TV, Anime Series",A gripping story that unfolds over time.,2010,September,,8.0,Kids' TV
s3028,Movie,Wild Empire,Director 56,"Actor 581, Actor 474",Canada,2012-09-18,2010,R,111 min,"Action & Adventure, Romantic Movies",A gripping story that unfolds over time.,2012,September,111.0,,Action & Adventure
s3029,Movie,Golden Empire,Not Given,"Actor 694, Actor 747",France,2018-10-07,2015,TV-G,79 min,"Thrillers, Comedies",A gripping story that unfolds over time.,2018,October,79.0,,Thrillers
s3030,Movie,Broken Horizon,Not Given,"Actor 89, Actor 443",United States,2010-03-10,2009,TV-G,95 min,Reality TV,A gripping story that unfolds over time.,2010,March,95.0,,Reality TV
s3031,Movie,Final Dreams,Not Given,"Actor 873, Actor 137",Brazil,2010-02-13,2007,PG-13,148 min,Children & Family Movies,A gripping story that unfolds over time.,2010,February,148.0,,Children & Family Movies
s3032,Movie,Final City,Director 410,"Actor 727, Actor 161",Brazil,2021-09-01,2021,TV-14,89 min,Reality TV,A gripping story that unfolds over time.,2021,September,89.0,,Reality TV
s3033,TV Show,Hidden Empire,Not Given,"Actor 674, Actor 737",India,2009-01-04,2007,TV-Y7,4 Seasons,"Sci-Fi & Fantasy, Documentaries",A gripping story that unfolds over time.,2009,January,,4.0,Sci-Fi & Fantasy
s3034,Movie,Hidden Kingdom,Director 239,"Actor 257, Actor 928",Japan,2004-07-20,2001,R,167 min,Action & Adventure,A gripping story that unfolds over time.,2004,July,167.0,,Action & Adventure
s3035,Movie,Broken Heist,Director 235,"Actor 844, Actor 747",United States,2011-07-18,2008,R,101 min,Action & Adventure,A gripping story that unfolds over time.,2011,July,101.0,,Action & Adventure
s3036,TV Show,Golden Chronicles,Not Given,"Actor 759, Actor 48",United States,2011-02-14,2008,PG,7 Seasons,"Anime Series, Reality TV",A gripping story that unfolds over time.,2011,February,,7.0,Anime Series
s3037,TV Show,Lost City,Director 192,"Actor 194, Actor 178",India,2020-07-08,2018,TV-14,4 Seasons,"Thrillers, Comedies",A gripping story that unfolds over time.,2020,July,,4.0,Thrillers
s3038,Movie,Wild Heist,Not Given,"Actor 274, Actor 353",South Korea,2013-12-07,2013,PG-13,155 min,"Sci-Fi & Fantasy, Comedies",A gripping story that unfolds over time.,2013,December,155.0,,Sci-Fi & Fantasy
s3039,Movie,Silent Journey,Director 72,"Actor 799, Actor 597",France,2004-07-21,2002,PG-13,135 min,Comedies,A gripping story that unfolds over time.,2004,July,135.0,,Comedies
s3040,Movie,Endless Chronicles,Director 250,"Actor 319, Actor 725",Japan,2009-12-17,2006,TV-G,120 min,Horror Movies,A gripping story that unfolds over time.,2009,December,120.0,,Horror Movies
s3041,TV Show,Hidden Legacy,Director 350,"Actor 519, Actor 758",United States,2008-02-18,2008,TV-PG,3 Seasons,Dramas,A gripping story that unfolds over time.,2008,February,,3.0,Dramas
s3042,Movie,Dark Dreams,Director 180,"Actor 977, Actor 696",India,2026-01-27,2025,TV-14,73 min,Stand-Up Comedy,A gripping story that unfolds over time.,2026,January,73.0,,Stand-Up Comedy
s3043,TV Show,Hidden Dreams,Director 218,"Actor 553, Actor 877",United States,2022-06-10,2021,TV-G,2 Season,"Horror Movies, Stand-Up Comedy",A gripping story that unfolds over time.,2022,June,,2.0,Horror Movies
s3044,TV Show,Rising City,Director 368,"Actor 137, Actor 484",South Korea,2009-09-18,2009,TV-G,6 Seasons,"Anime Series, Action & Adventure",A gripping story that unfolds over time.,2009,September,,6.0,Anime Series
s3045,Movie,Last Journey,Director 263,"Actor 124, Actor 762",Mexico,2023-12-07,2021,PG-13,119 min,Horror Movies,A gripping story that unfolds over time.,2023,December,119.0,,Horror Movies
s3046,TV Show,Dark Heist,Director 276,"Actor 745, Actor 418",United States,2024-09-01,2024,TV-G,7 Seasons,Children & Family Movies,A gripping story that unfolds over time.,2024,September,,7.0,Children & Family Movies
s3047,Movie,Broken Empire,Director 114,"Actor 198, Actor 764",Australia,2005-11-09,2005,TV-PG,134 min,"Comedies, Crime TV Shows",A gripping story that unfolds over time.,2005,November,134.0,,Comedies
s3048,Movie,Endless Dreams,Director 205,"Actor 884, Actor 661",Spain,2012-05-12,2011,TV-G,122 min,Thrillers,A gripping story that unfolds over time.,2012,May,122.0,,Thrillers
s3049,Movie,Final Empire,Not Given,"Actor 640, Actor 360",United States,2025-07-20,2025,TV-G,92 min,"Horror Movies, Dramas",A gripping story that unfolds over time.,2025,July,92.0,,Horror Movies
s3050,TV Show,Silent Empire,Not Given,"Actor 834, Actor 710",United States,2018-10-27,2018,R,5 Seasons,Romantic Movies,A gripping story that unfolds over time.,2018,October,,5.0,Romantic Movies
s3051,Movie,Broken Dreams,Director 388,"Actor 538, Actor 876",United Kingdom,2026-06-08,2024,TV-MA,96 min,Kids' TV,A gripping story that unfolds over time.,2026,June,96.0,,Kids' TV
s3052,Movie,Final Dreams,Director 393,"Actor 532, Actor 399",United States,2016-08-13,2013,TV-G,165 min,Sci-Fi & Fantasy,A gripping story that unfolds over time.,2016,August,165.0,,Sci-Fi & Fantasy
s3053,Movie,Secret Heist,Director 460,"Actor 835, Actor 739",Japan,2000-03-13,2000,PG-13,85 min,"Comedies, Dramas",A gripping story that unfolds over time.,2000,March,85.0,,Comedies
s3054,Movie,Last Horizon,Director 176,"Actor 835, Actor 314",Spain,2008-07-14,2008,TV-G,103 min,Horror Movies,A gripping story that unfolds over time.,2008,July,103.0,,Horror Movies
s3055,TV Show,Dark Kingdom,Not Given,"Actor 339, Actor 777",United Kingdom,2008-09-11,2008,TV-14,3 Seasons,"International Movies, Documentaries",A gripping story that unfolds over time.,2008,September,,3.0,International Movies
s3056,Movie,Lost Journey,Director 40,"Actor 396, Actor 605",Mexico,2005-04-01,2005,R,154 min,Documentaries,A gripping story that unfolds over time.,2005,April,154.0,,Documentaries
s3057,TV Show,Secret Empire,Director 196,"Actor 160, Actor 506",Mexico,2011-02-13,2008,TV-G,2 Seasons,Romantic Movies,A gripping story that unfolds over time.,2011,February,,2.0,Romantic Movies
s3058,Movie,Final Shadows,Director 466,"Actor 385, Actor 681",India,2013-07-26,2013,TV-14,88 min,Comedies,A gripping story that unfolds over time.,2013,July,88.0,,Comedies
s3059,Movie,Wild Empire,Not Given,"Actor 35, Actor 576",Spain,2022-08-10,2019,R,144 min,"International Movies, Comedies",A gripping story that unfolds over time.,2022,August,144.0,,International Movies
s3060,Movie,Wild Signal,Director 472,"Actor 971, Actor 861",United Kingdom,2012-11-16,2012,TV-PG,126 min,International Movies,A gripping story that unfolds over time.,2012,November,126.0,,International Movies
s3061,TV Show,Secret Empire,Director 71,"Actor 428, Actor 286",Canada,2023-11-23,2021,PG,5 Seasons,Children & Family Movies,A gripping story that unfolds over time.,2023,November,,5.0,Children & Family Movies
s3062,TV Show,Wild Dreams,Director 451,"Actor 918, Actor 736",United States,2001-03-12,2001,TV-Y7,2 Seasons,"Reality TV, Romantic Movies",A gripping story that unfolds over time.,2001,March,,2.0,Reality TV
s3063,Movie,Endless Dreams,Not Given,"Actor 830, Actor 279",United Kingdom,2023-09-24,2022,PG-13,154 min,Children & Family Movies,A gripping story that unfolds over time.,2023,September,154.0,,Children & Family Movies
s3064,Movie,Last Signal,Director 181,"Actor 471, Actor 679",India,2015-08-05,2013,R,94 min,Romantic Movies,A gripping story that unfolds over time.,2015,August,94.0,,Romantic Movies
s3065,Movie,Dark Shadows,Director 469,"Actor 208, Actor 199",United States,2005-06-09,2004,PG,105 min,"Action & Adventure, Anime Series",A gripping story that unfolds over time.,2005,June,105.0,,Action & Adventure
s3066,TV Show,Forgotten Chronicles,Director 280,"Actor 374, Actor 865",Italy,2011-01-27,2008,PG-13,3 Seasons,Action & Adventure,A gripping story that unfolds over time.,2011,January,,3.0,Action & Adventure
s3067,Movie,Last City,Director 10,"Actor 936, Actor 692",United States,2017-03-24,2016,TV-G,158 min,Romantic Movies,A gripping story that unfolds over time.,2017,March,158.0,,Romantic Movies
s3068,Movie,Secret Kingdom,Not Given,"Actor 471, Actor 673",United States,2010-05-11,2008,TV-Y7,158 min,Thrillers,A gripping story that unfolds over time.,2010,May,158.0,,Thrillers
s3069,TV Show,Rising Signal,Not Given,"Actor 822, Actor 236",United States,2010-03-19,2010,R,1 Seasons,Romantic Movies,A gripping story that unfolds over time.,2010,March,,1.0,Romantic Movies
s3070,Movie,Rising Kingdom,Director 199,"Actor 212, Actor 525",United Kingdom,2016-07-04,2015,TV-MA,135 min,"Action & Adventure, Dramas",A gripping story that unfolds over time.,2016,July,135.0,,Action & Adventure
s3071,Movie,Wild City,Not Given,"Actor 299, Actor 951",Brazil,2023-06-26,2022,TV-14,133 min,Stand-Up Comedy,A gripping story that unfolds over time.,2023,June,133.0,,Stand-Up Comedy
s3072,Movie,Silent Empire,Director 147,"Actor 755, Actor 583",United States,2019-01-08,2018,R,71 min,Romantic Movies,A gripping story that unfolds over time.,2019,January,71.0,,Romantic Movies
s3073,Movie,Endless Storm,Director 167,"Actor 976, Actor 823",United States,2002-11-11,2002,TV-PG,118 min,"Horror Movies, Crime TV Shows",A gripping story that unfolds over time.,2002,November,118.0,,Horror Movies
s3074,Movie,Hidden Chronicles,Director 153,"Actor 152, Actor 97",United States,2025-09-09,2022,R,99 min,"Dramas, Kids' TV",A gripping story that unfolds over time.,2025,September,99.0,,Dramas
s3075,Movie,Final Journey,Director 162,"Actor 615, Actor 643",France,2025-06-24,2022,PG-13,82 min,Kids' TV,A gripping story that unfolds over time.,2025,June,82.0,,Kids' TV
s3076,TV Show,Endless Journey,Director 340,"Actor 842, Actor 562",United States,2023-10-05,2022,TV-14,8 Seasons,Horror Movies,A gripping story that unfolds over time.,2023,October,,8.0,Horror Movies
s3077,Movie,Golden Empire,Director 55,"Actor 137, Actor 288",Germany,2025-06-23,2023,TV-14,159 min,"Documentaries, Comedies",A gripping story that unfolds over time.,2025,June,159.0,,Documentaries
s3078,Movie,Rising Journey,Director 164,"Actor 231, Actor 752",Canada,2023-01-27,2021,TV-MA,144 min,Kids' TV,A gripping story that unfolds over time.,2023,January,144.0,,Kids' TV
s3079,Movie,Wild Signal,Director 37,"Actor 746, Actor 634",Japan,2020-11-11,2020,PG,152 min,"Comedies, International Movies",A gripping story that unfolds over time.,2020,November,152.0,,Comedies
s3080,TV Show,Secret Dreams,Not Given,"Actor 480, Actor 788",Nigeria,2016-12-24,2016,TV-G,4 Seasons,"Horror Movies, Documentaries",A gripping story that unfolds over time.,2016,December,,4.0,Horror Movies
s3081,Movie,Endless Dreams,Director 30,"Actor 214, Actor 416",Brazil,2015-06-01,2012,PG-13,167 min,"Action & Adventure, Sci-Fi & Fantasy",A gripping story that unfolds over time.,2015,June,167.0,,Action & Adventure
s3082,TV Show,Forgotten Empire,Not Given,"Actor 671, Actor 610",Brazil,2008-12-07,2005,TV-PG,5 Seasons,"Horror Movies, Anime Series",A gripping story that unfolds over time.,2008,December,,5.0,Horror Movies
s3083,Movie,Broken Chronicles,Director 207,"Actor 509, Actor 185",South Korea,2011-06-26,2009,TV-MA,144 min,International Movies,A gripping story that unfolds over time.,2011,June,144.0,,International Movies
s3084,Movie,Forgotten Chronicles,Director 140,"Actor 952, Actor 752",France,2004-11-20,2001,TV-G,108 min,"International Movies, Reality TV",A gripping story that unfolds over time.,2004,November,108.0,,International Movies
s3085,Movie,Rising Legacy,Director 467,"Actor 583, Actor 241",Canada,2005-07-04,2003,TV-PG,148 min,Reality TV,A gripping story that unfolds over time.,2005,July,148.0,,Reality TV
s3086,Movie,Last Journey,Director 391,"Actor 83, Actor 25",Brazil,2017-01-05,2017,TV-G,165 min,Dramas,A gripping story that unfolds over time.,2017,January,165.0,,Dramas
s3087,TV Show,Endless Signal,Not Given,"Actor 422, Actor 38",France,2024-07-21,2023,TV-14,6 Seasons,"Horror Movies, Romantic Movies",A gripping story that unfolds over time.,2024,July,,6.0,Horror Movies
s3088,TV Show,Forgotten Legacy,Director 483,"Actor 230, Actor 999",Japan,2011-06-04,2009,TV-MA,4 Season,"Stand-Up Comedy, Anime Series",A gripping story that unfolds over time.,2011,June,,4.0,Stand-Up Comedy
s3089,TV Show,Broken Journey,Not Given,"Actor 751, Actor 703",India,2006-02-20,2005,PG,3 Seasons,Dramas,A gripping story that unfolds over time.,2006,February,,3.0,Dramas
s3090,Movie,Endless Horizon,Director 12,"Actor 245, Actor 486",France,2023-05-20,2021,TV-Y7,102 min,Documentaries,A gripping story that unfolds over time.,2023,May,102.0,,Documentaries
s3091,Movie,Secret Empire,Not Given,"Actor 761, Actor 212",Spain,2020-09-08,2020,PG-13,162 min,"Action & Adventure, Anime Series",A gripping story that unfolds over time.,2020,September,162.0,,Action & Adventure
s3092,Movie,Broken Kingdom,Director 210,"Actor 394, Actor 20",Spain,2023-12-08,2021,R,91 min,Romantic Movies,A gripping story that unfolds over time.,2023,December,91.0,,Romantic Movies
s3093,Movie,Hidden Kingdom,Not Given,"Actor 416, Actor 619",United Kingdom,2010-11-06,2010,TV-Y7,123 min,"Sci-Fi & Fantasy, Romantic Movies",A gripping story that unfolds over time.,2010,November,123.0,,Sci-Fi & Fantasy
s3094,Movie,Golden Empire,Director 492,"Actor 128, Actor 902",Spain,2021-03-01,2018,R,151 min,Stand-Up Comedy,A gripping story that unfolds over time.,2021,March,151.0,,Stand-Up Comedy
s3095,Movie,Endless Heist,Director 308,"Actor 405, Actor 636",United States,2026-09-15,2025,TV-14,123 min,"Stand-Up Comedy, Documentaries",A gripping story that unfolds over time.,2026,September,123.0,,Stand-Up Comedy
s3096,TV Show,Lost Legacy,Director 466,"Actor 424, Actor 613",Australia,2011-11-14,2009,PG,7 Seasons,Crime TV Shows,A gripping story that unfolds over time.,2011,November,,7.0,Crime TV Shows
s3097,Movie,Hidden Empire,Director 300,"Actor 219, Actor 390",India,2012-01-17,2012,TV-PG,113 min,Crime TV Shows,A gripping story that unfolds over time.,2012,January,113.0,,Crime TV Shows
s3098,Movie,Final Journey,Director 344,"Actor 58, Actor 220",Brazil,2011-02-18,2009,PG,160 min,"Crime TV Shows, Children & Family Movies",A gripping story that unfolds over time.,2011,February,160.0,,Crime TV Shows
s3099,Movie,Hidden Legacy,Director 276,"Actor 771, Actor 771",United States,2013-02-04,2010,TV-PG,165 min,Documentaries,A gripping story that unfolds over time.,2013,February,165.0,,Documentaries
s3100,Movie,Wild Empire,Not Given,"Actor 342, Actor 107",United States,2022-06-25,2019,TV-G,114 min,"Stand-Up Comedy, Comedies",A gripping story that unfolds over time.,2022,June,114.0,,Stand-Up Comedy
s3101,Movie,Last Legacy,Not Given,"Actor 887, Actor 73",Japan,2023-04-12,2021,TV-Y7,75 min,"International Movies, Sci-Fi & Fantasy",A gripping story that unfolds over time.,2023,April,75.0,,International Movies
s3102,Movie,Silent Signal,Not Given,"Actor 262, Actor 75",United Kingdom,2009-07-14,2008,PG-13,75 min,Romantic Movies,A gripping story that unfolds over time.,2009,July,75.0,,Romantic Movies
s3103,TV Show,Wild Storm,Director 399,"Actor 746, Actor 582",South Korea,2020-11-16,2020,TV-Y7,4 Season,"Documentaries, Crime TV Shows",A gripping story that unfolds over time.,2020,November,,4.0,Documentaries
s3104,TV Show,Endless Shadows,Director 128,"Actor 399, Actor 994",United Kingdom,2020-10-24,2020,TV-MA,3 Season,Crime TV Shows,A gripping story that unfolds over time.,2020,October,,3.0,Crime TV Shows
s3105,TV Show,Secret Shadows,Director 102,"Actor 151, Actor 837",India,2017-09-20,2014,TV-MA,4 Seasons,Romantic Movies,A gripping story that unfolds over time.,2017,September,,4.0,Romantic Movies
s3106,TV Show,Broken City,Director 191,"Actor 476, Actor 166",Canada,2012-01-08,2012,R,2 Season,Reality TV,A gripping story that unfolds over time.,2012,January,,2.0,Reality TV
s3107,Movie,Secret Empire,Not Given,"Actor 964, Actor 6",United States,2003-05-03,2002,PG,93 min,Reality TV,A gripping story that unfolds over time.,2003,May,93.0,,Reality TV
s3108,TV Show,Forgotten City,Director 362,"Actor 994, Actor 286",Nigeria,2021-05-27,2020,TV-G,1 Seasons,"Kids' TV, Dramas",A gripping story that unfolds over time.,2021,May,,1.0,Kids' TV
s3109,TV Show,Wild Dreams,Director 300,"Actor 383, Actor 775",United States,2001-06-06,2001,TV-14,4 Seasons,Stand-Up Comedy,A gripping story that unfolds over time.,2001,June,,4.0,Stand-Up Comedy
s3110,Movie,Rising Journey,Director 242,"Actor 94, Actor 694",South Korea,2003-06-07,2001,TV-14,138 min,"Dramas, Anime Series",A gripping story that unfolds over time.,2003,June,138.0,,Dramas
s3111,Movie,Endless Storm,Director 209,"Actor 394, Actor 741",United States,2015-03-05,2012,PG,102 min,"Horror Movies, Anime Series",A gripping story that unfolds over time.,2015,March,102.0,,Horror Movies
s3112,Movie,Forgotten Empire,Not Given,"Actor 276, Actor 222",India,2013-07-25,2011,TV-MA,152 min,Anime Series,A gripping story that unfolds over time.,2013,July,152.0,,Anime Series
s3113,Movie,Wild Signal,Director 221,"Actor 783, Actor 721",Japan,2015-03-24,2014,PG-13,80 min,"Children & Family Movies, Romantic Movies",A gripping story that unfolds over time.,2015,March,80.0,,Children & Family Movies
s3114,TV Show,Hidden Shadows,Not Given,"Actor 57, Actor 380",Brazil,2008-04-18,2006,TV-14,4 Seasons,"Horror Movies, Sci-Fi & Fantasy",A gripping story that unfolds over time.,2008,April,,4.0,Horror Movies
s3115,TV Show,Broken Chronicles,Director 163,"Actor 279, Actor 351",United Kingdom,2020-03-20,2018,TV-14,6 Seasons,"Sci-Fi & Fantasy, Anime Series",A gripping story that unfolds over time.,2020,March,,6.0,Sci-Fi & Fantasy
s3116,TV Show,Secret Horizon,Director 77,"Actor 456, Actor 78",United States,2025-01-18,2025,TV-MA,6 Seasons,Thrillers,A gripping story that unfolds over time.,2025,January,,6.0,Thrillers
s3117,Movie,Forgotten City,Not Given,"Actor 634, Actor 634",France,2003-12-09,2003,TV-Y7,139 min,"Sci-Fi & Fantasy, Children & Family Movies",A gripping story that unfolds over time.,2003,December,139.0,,Sci-Fi & Fantasy
s3118,TV Show,Hidden Dreams,Director 108,"Actor 904, Actor 105",Nigeria,2024-12-11,2023,PG-13,7 Season,"Thrillers, Comedies",A gripping story that unfolds over time.,2024,December,,7.0,Thrillers
s3119,Movie,Dark Chronicles,Director 141,"Actor 391, Actor 890",Brazil,2013-02-22,2012,TV-Y7,98 min,"Dramas, Kids' TV",A gripping story that unfolds over time.,2013,February,98.0,,Dramas
s3120,Movie,Hidden Storm,Not Given,"Actor 856, Actor 992",Spain,2010-03-25,2009,TV-G,110 min,"Anime Series, Action & Adventure",A gripping story that unfolds over time.,2010,March,110.0,,Anime Series
s3121,Movie,Golden City,Director 165,"Actor 747, Actor 466",Brazil,2022-07-10,2022,TV-PG,73 min,Children & Family Movies,A gripping story that unfolds over time.,2022,July,73.0,,Children & Family Movies
s3122,Movie,Forgotten Kingdom,Director 17,"Actor 715, Actor 490",United States,2015-07-15,2014,TV-14,83 min,"Romantic Movies, International Movies",A gripping story that unfolds over time.,2015,July,83.0,,Romantic Movies
s3123,Movie,Last Empire,Not Given,"Actor 207, Actor 543",Mexico,2025-11-11,2022,TV-14,158 min,Sci-Fi & Fantasy,A gripping story that unfolds over time.,2025,November,158.0,,Sci-Fi & Fantasy
s3124,Movie,Hidden Signal,Director 199,"Actor 116, Actor 544",United States,2007-12-14,2007,PG-13,149 min,Action & Adventure,A gripping story that unfolds over time.,2007,December,149.0,,Action & Adventure
s3125,Movie,Lost Horizon,Director 432,"Actor 562, Actor 639",United States,2019-02-05,2016,TV-14,144 min,"International Movies, Horror Movies",A gripping story that unfolds over time.,2019,February,144.0,,International Movies
s3126,Movie,Endless Kingdom,Director 115,"Actor 562, Actor 285",India,2013-06-18,2012,TV-14,160 min,Reality TV,A gripping story that unfolds over time.,2013,June,160.0,,Reality TV
s3127,Movie,Secret Legacy,Director 351,"Actor 597, Actor 50",United States,2025-11-25,2025,TV-G,146 min,Sci-Fi & Fantasy,A gripping story that unfolds over time.,2025,November,146.0,,Sci-Fi & Fantasy
s3128,Movie,Forgotten Journey,Director 20,"Actor 270, Actor 246",United States,2019-02-21,2017,TV-14,103 min,"Sci-Fi & Fantasy, Comedies",A gripping story that unfolds over time.,2019,February,103.0,,Sci-Fi & Fantasy
s3129,Movie,Secret Heist,Director 126,"Actor 374, Actor 180",United Kingdom,2026-01-11,2025,PG,117 min,"Dramas, Children & Family Movies",A gripping story that unfolds over time.,2026,January,117.0,,Dramas
s3130,Movie,Final Storm,Director 440,"Actor 836, Actor 926",India,2008-03-23,2005,TV-PG,124 min,Children & Family Movies,A gripping story that unfolds over time.,2008,March,124.0,,Children & Family Movies
s3131,Movie,Forgotten Empire,Director 397,"Actor 869, Actor 724",India,2024-06-22,2021,R,158 min,"Reality TV, Kids' TV",A gripping story that unfolds over time.,2024,June,158.0,,Reality TV
s3132,Movie,Wild Chronicles,Director 42,"Actor 699, Actor 597",Canada,2025-04-04,2024,TV-G,110 min,"Kids' TV, Romantic Movies",A gripping story that unfolds over time.,2025,April,110.0,,Kids' TV
s3133,Movie,Secret City,Director 272,"Actor 399, Actor 406",Germany,2016-01-18,2014,TV-Y7,161 min,"Horror Movies, Sci-Fi & Fantasy",A gripping story that unfolds over time.,2016,January,161.0,,Horror Movies
s3134,Movie,Dark Storm,Not Given,"Actor 133, Actor 904",Canada,2006-01-08,2004,TV-14,126 min,Comedies,A gripping story that unfolds over time.,2006,January,126.0,,Comedies
s3135,TV Show,Silent Signal,Not Given,"Actor 44, Actor 316",Canada,2017-02-26,2014,R,7 Seasons,Comedies,A gripping story that unfolds over time.,2017,February,,7.0,Comedies
s3136,TV Show,Hidden Dreams,Director 328,"Actor 109, Actor 836",United States,2020-05-25,2019,PG-13,8 Seasons,Documentaries,A gripping story that unfolds over time.,2020,May,,8.0,Documentaries
s3137,Movie,Last Signal,Director 364,"Actor 809, Actor 122",United Kingdom,2014-05-07,2012,TV-14,160 min,Crime TV Shows,A gripping story that unfolds over time.,2014,May,160.0,,Crime TV Shows
s3138,Movie,Final Dreams,Not Given,"Actor 826, Actor 168",France,2019-03-21,2018,TV-Y7,97 min,"Documentaries, Dramas",A gripping story that unfolds over time.,2019,March,97.0,,Documentaries
s3139,Movie,Last City,Director 275,"Actor 265, Actor 135",India,2001-10-14,2000,TV-PG,116 min,"Thrillers, Crime TV Shows",A gripping story that unfolds over time.,2001,October,116.0,,Thrillers
s3140,Movie,Broken Horizon,Director 148,"Actor 501, Actor 387",Brazil,2015-10-06,2012,PG,116 min,"Crime TV Shows, Anime Series",A gripping story that unfolds over time.,2015,October,116.0,,Crime TV Shows
s3141,TV Show,Forgotten Empire,Not Given,"Actor 985, Actor 687",United States,2025-04-23,2022,TV-G,1 Seasons,International Movies,A gripping story that unfolds over time.,2025,April,,1.0,International Movies
s3142,Movie,Forgotten Kingdom,Not Given,"Actor 228, Actor 248",United States,2009-05-12,2009,R,116 min,Stand-Up Comedy,A gripping story that unfolds over time.,2009,May,116.0,,Stand-Up Comedy
s3143,Movie,Endless Journey,Director 438,"Actor 278, Actor 191",France,2014-05-24,2012,R,133 min,"Documentaries, Sci-Fi & Fantasy",A gripping story that unfolds over time.,2014,May,133.0,,Documentaries
s3144,TV Show,Final Chronicles,Not Given,"Actor 568, Actor 612",United States,2017-12-07,2017,TV-14,1 Seasons,Anime Series,A gripping story that unfolds over time.,2017,December,,1.0,Anime Series
s3145,Movie,Golden Empire,Director 491,"Actor 383, Actor 235",United States,2019-10-26,2017,R,86 min,Sci-Fi & Fantasy,A gripping story that unfolds over time.,2019,October,86.0,,Sci-Fi & Fantasy
s3146,Movie,Secret Shadows,Director 121,"Actor 187, Actor 781",India,2021-01-22,2018,PG-13,123 min,International Movies,A gripping story that unfolds over time.,2021,January,123.0,,International Movies
s3147,TV Show,Dark Heist,Director 232,"Actor 410, Actor 222",United States,2012-12-20,2011,PG,8 Seasons,"Romantic Movies, Kids' TV",A gripping story that unfolds over time.,2012,December,,8.0,Romantic Movies
s3148,Movie,Wild Legacy,Director 476,"Actor 413, Actor 50",India,2008-06-09,2006,TV-MA,115 min,"Horror Movies, Thrillers",A gripping story that unfolds over time.,2008,June,115.0,,Horror Movies
s3149,Movie,Forgotten Kingdom,Director 46,"Actor 177, Actor 420",United States,2004-06-14,2003,TV-Y7,123 min,"Thrillers, Children & Family Movies",A gripping story that unfolds over time.,2004,June,123.0,,Thrillers
s3150,Movie,Secret Heist,Not Given,"Actor 315, Actor 170",Brazil,2009-06-21,2008,TV-G,126 min,Documentaries,A gripping story that unfolds over time.,2009,June,126.0,,Documentaries
s3151,TV Show,Rising City,Director 414,"Actor 726, Actor 518",Canada,2017-12-08,2014,TV-14,7 Seasons,Romantic Movies,A gripping story that unfolds over time.,2017,December,,7.0,Romantic Movies
s3152,TV Show,Silent Journey,Not Given,"Actor 520, Actor 432",Japan,2018-05-03,2015,PG-13,5 Seasons,Stand-Up Comedy,A gripping story that unfolds over time.,2018,May,,5.0,Stand-Up Comedy
s3153,Movie,Last Storm,Director 496,"Actor 974, Actor 580",South Korea,2008-08-08,2008,TV-PG,77 min,"Thrillers, Anime Series",A gripping story that unfolds over time.,2008,August,77.0,,Thrillers
s3154,Movie,Broken Shadows,Director 411,"Actor 679, Actor 213",United States,2012-08-21,2010,TV-Y7,95 min,"Documentaries, Stand-Up Comedy",A gripping story that unfolds over time.,2012,August,95.0,,Documentaries
s3155,Movie,Secret Chronicles,Director 65,"Actor 415, Actor 801",Japan,2012-11-23,2010,PG,126 min,"Children & Family Movies, Sci-Fi & Fantasy",A gripping story that unfolds over time.,2012,November,126.0,,Children & Family Movies
s3156,Movie,Secret Horizon,Not Given,"Actor 639, Actor 20",United Kingdom,2019-04-02,2016,TV-PG,106 min,Sci-Fi & Fantasy,A gripping story that unfolds over time.,2019,April,106.0,,Sci-Fi & Fantasy
s3157,Movie,Silent Kingdom,Not Given,"Actor 726, Actor 148",Japan,2014-09-16,2012,TV-14,161 min,Kids' TV,A gripping story that unfolds over time.,2014,September,161.0,,Kids' TV
s3158,Movie,Golden Dreams,Director 96,"Actor 991, Actor 458",Japan,2025-04-18,2025,TV-MA,87 min,"Thrillers, Anime Series",A gripping story that unfolds over time.,2025,April,87.0,,Thrillers
s3159,Movie,Lost Empire,Director 66,"Actor 959, Actor 754",Brazil,2026-06-19,2025,TV-14,159 min,Action & Adventure,A gripping story that unfolds over time.,2026,June,159.0,,Action & Adventure
s3160,TV Show,Golden Kingdom,Director 119,"Actor 818, Actor 283",Canada,2001-06-05,2001,TV-MA,8 Seasons,Horror Movies,A gripping story that unfolds over time.,2001,June,,8.0,Horror Movies
s3161,Movie,Wild Kingdom,Director 316,"Actor 617, Actor 467",United Kingdom,2009-02-14,2007,TV-G,76 min,"Action & Adventure, Children & Family Movies",A gripping story that unfolds over time.,2009,February,76.0,,Action & Adventure
s3162,Movie,Broken Journey,Director 482,"Actor 423, Actor 575",South Korea,2016-08-15,2015,TV-MA,106 min,"Romantic Movies, Kids' TV",A gripping story that unfolds over time.,2016,August,106.0,,Romantic Movies
s3163,Movie,Lost Horizon,Director 242,"Actor 627, Actor 152",Brazil,2004-10-03,2004,R,95 min,Anime Series,A gripping story that unfolds over time.,2004,October,95.0,,Anime Series
s3164,Movie,Forgotten Chronicles,Director 177,"Actor 751, Actor 679",France,2013-09-23,2012,TV-PG,91 min,"Documentaries, Anime Series",A gripping story that unfolds over time.,2013,September,91.0,,Documentaries
s3165,TV Show,Forgotten City,Director 307,"Actor 395, Actor 790",United States,2019-01-02,2018,PG-13,4 Seasons,Documentaries,A gripping story that unfolds over time.,2019,January,,4.0,Documentaries
s3166,Movie,Dark Chronicles,Not Given,"Actor 872, Actor 322",United States,2009-10-12,2009,TV-Y7,96 min,Horror Movies,A gripping story that unfolds over time.,2009,October,96.0,,Horror Movies
s3167,Movie,Golden Empire,Director 172,"Actor 294, Actor 456",India,2009-09-22,2009,PG-13,139 min,"Reality TV, Comedies",A gripping story that unfolds over time.,2009,September,139.0,,Reality TV
s3168,Movie,Broken Horizon,Director 424,"Actor 247, Actor 146",United States,2026-09-18,2023,R,157 min,Stand-Up Comedy,A gripping story that unfolds over time.,2026,September,157.0,,Stand-Up Comedy
s3169,TV Show,Secret Shadows,Director 38,"Actor 531, Actor 915",United States,2017-07-02,2014,PG,5 Season,Action & Adventure,A gripping story that unfolds over time.,2017,July,,5.0,Action & Adventure
s3170,Movie,Last Empire,Director 95,"Actor 993, Actor 588",Italy,2016-10-25,2014,TV-Y7,124 min,"Action & Adventure, Documentaries",A gripping story that unfolds over time.,2016,October,124.0,,Action & Adventure
s3171,Movie,Dark Chronicles,Director 408,"Actor 619, Actor 40",India,2024-12-09,2021,TV-14,145 min,"Kids' TV, Sci-Fi & Fantasy",A gripping story that unfolds over time.,2024,December,145.0,,Kids' TV
s3172,Movie,Broken Shadows,Director 73,"Actor 783, Actor 512",Australia,2003-05-27,2000,PG,129 min,International Movies,A gripping story that unfolds over time.,2003,May,129.0,,International Movies
s3173,Movie,Rising Journey,Director 81,"Actor 847, Actor 791",Mexico,2010-10-27,2008,PG,92 min,Documentaries,A gripping story that unfolds over time.,2010,October,92.0,,Documentaries
s3174,Movie,Hidden Heist,Director 206,"Actor 528, Actor 572",United Kingdom,2008-09-14,2005,TV-PG,163 min,Crime TV Shows,A gripping story that unfolds over time.,2008,September,163.0,,Crime TV Shows
s3175,Movie,Silent City,Director 64,"Actor 983, Actor 887",United Kingdom,2026-08-24,2025,PG,81 min,"Horror Movies, Sci-Fi & Fantasy",A gripping story that unfolds over time.,2026,August,81.0,,Horror Movies
s3176,TV Show,Endless City,Not Given,"Actor 442, Actor 56",India,2025-04-04,2025,R,7 Seasons,Action & Adventure,A gripping story that unfolds over time.,2025,April,,7.0,Action & Adventure
s3177,TV Show,Golden Journey,Director 38,"Actor 676, Actor 550",Mexico,2015-09-23,2015,TV-Y7,1 Seasons,"Reality TV, Documentaries",A gripping story that unfolds over time.,2015,September,,1.0,Reality TV
s3178,Movie,Broken City,Not Given,"Actor 413, Actor 286",United States,2026-11-22,2025,PG-13,80 min,Stand-Up Comedy,A gripping story that unfolds over time.,2026,November,80.0,,Stand-Up Comedy
s3179,Movie,Broken Storm,Director 270,"Actor 489, Actor 240",United States,2002-11-22,2001,PG-13,167 min,"Sci-Fi & Fantasy, Dramas",A gripping story that unfolds over time.,2002,November,167.0,,Sci-Fi & Fantasy
s3180,Movie,Rising Dreams,Director 24,"Actor 382, Actor 360",United States,2010-05-10,2009,TV-PG,74 min,"Romantic Movies, Comedies",A gripping story that unfolds over time.,2010,May,74.0,,Romantic Movies
s3181,TV Show,Lost Kingdom,Director 177,"Actor 971, Actor 82",India,2011-04-24,2010,TV-14,3 Seasons,Anime Series,A gripping story that unfolds over time.,2011,April,,3.0,Anime Series
s3182,Movie,Broken Legacy,Not Given,"Actor 472, Actor 670",Brazil,2020-04-23,2018,TV-MA,145 min,Children & Family Movies,A gripping story that unfolds over time.,2020,April,145.0,,Children & Family Movies
s3183,TV Show,Wild Dreams,Director 332,"Actor 540, Actor 105",Australia,2016-02-12,2016,TV-G,8 Season,Dramas,A gripping story that unfolds over time.,2016,February,,8.0,Dramas
s3184,TV Show,Last Kingdom,Director 107,"Actor 857, Actor 129",South Korea,2023-10-25,2022,TV-14,2 Seasons,"Horror Movies, Children & Family Movies",A gripping story that unfolds over time.,2023,October,,2.0,Horror Movies
s3185,Movie,Last Journey,Director 260,"Actor 199, Actor 634",United Kingdom,2013-10-04,2010,TV-PG,138 min,Comedies,A gripping story that unfolds over time.,2013,October,138.0,,Comedies
s3186,Movie,Hidden Shadows,Director 5,"Actor 865, Actor 357",Spain,2009-11-04,2006,TV-MA,153 min,International Movies,A gripping story that unfolds over time.,2009,November,153.0,,International Movies
s3187,Movie,Silent Signal,Not Given,"Actor 823, Actor 904",United States,2011-05-26,2008,TV-14,110 min,Anime Series,A gripping story that unfolds over time.,2011,May,110.0,,Anime Series
s3188,Movie,Lost Heist,Not Given,"Actor 925, Actor 70",France,2024-07-19,2024,PG-13,79 min,"Anime Series, Crime TV Shows",A gripping story that unfolds over time.,2024,July,79.0,,Anime Series
s3189,TV Show,Final Horizon,Director 323,"Actor 260, Actor 601",Nigeria,2026-09-25,2024,R,7 Seasons,"Stand-Up Comedy, Sci-Fi & Fantasy",A gripping story that unfolds over time.,2026,September,,7.0,Stand-Up Comedy
s3190,Movie,Golden Journey,Director 12,"Actor 487, Actor 555",United States,2026-03-08,2023,PG-13,163 min,"Children & Family Movies, Romantic Movies",A gripping story that unfolds over time.,2026,March,163.0,,Children & Family Movies
s3191,Movie,Golden Journey,Director 354,"Actor 76, Actor 779",Australia,2026-09-04,2023,PG,96 min,Crime TV Shows,A gripping story that unfolds over time.,2026,September,96.0,,Crime TV Shows
s3192,Movie,Dark Signal,Not Given,"Actor 572, Actor 256",United Kingdom,2020-12-24,2019,TV-PG,87 min,Stand-Up Comedy,A gripping story that unfolds over time.,2020,December,87.0,,Stand-Up Comedy
s3193,Movie,Endless Heist,Director 142,"Actor 675, Actor 354",Spain,2025-11-08,2023,TV-PG,81 min,Documentaries,A gripping story that unfolds over time.,2025,November,81.0,,Documentaries
s3194,TV Show,Secret Storm,Not Given,"Actor 120, Actor 69",India,2015-02-16,2014,TV-MA,5 Seasons,"Documentaries, Thrillers",A gripping story that unfolds over time.,2015,February,,5.0,Documentaries
s3195,Movie,Hidden Dreams,Director 356,"Actor 914, Actor 756",South Korea,2014-02-18,2012,TV-PG,91 min,"Reality TV, International Movies",A gripping story that unfolds over time.,2014,February,91.0,,Reality TV
s3196,TV Show,Lost Signal,Director 363,"Actor 528, Actor 318",United States,2025-09-08,2023,TV-Y7,3 Seasons,"Documentaries, Anime Series",A gripping story that unfolds over time.,2025,September,,3.0,Documentaries
s3197,Movie,Dark Heist,Director 247,"Actor 663, Actor 366",Canada,2026-02-01,2025,PG-13,161 min,"International Movies, Horror Movies",A gripping story that unfolds over time.,2026,February,161.0,,International Movies
s3198,TV Show,Broken Signal,Not Given,"Actor 579, Actor 982",Brazil,2003-03-20,2000,TV-14,5 Seasons,Children & Family Movies,A gripping story that unfolds over time.,2003,March,,5.0,Children & Family Movies
s3199,Movie,Broken Shadows,Director 122,"Actor 154, Actor 512",United States,2021-07-18,2021,PG,150 min,Action & Adventure,A gripping story that unfolds over time.,2021,July,150.0,,Action & Adventure
s3200,Movie,Hidden Dreams,Director 141,"Actor 727, Actor 349",United Kingdom,2022-01-01,2021,PG-13,73 min,Stand-Up Comedy,A gripping story that unfolds over time.,2022,January,73.0,,Stand-Up Comedy
s3201,Movie,Lost Horizon,Not Given,"Actor 869, Actor 645",Canada,2018-12-09,2016,TV-14,117 min,"Comedies, Stand-Up Comedy",A gripping story that unfolds over time.,2018,December,117.0,,Comedies
s3202,Movie,Dark Shadows,Not Given,"Actor 228, Actor 744",South Korea,2010-11-11,2009,PG-13,169 min,Romantic Movies,A gripping story that unfolds over time.,2010,November,169.0,,Romantic Movies
s3203,Movie,Secret City,Director 234,"Actor 813, Actor 243",United States,2007-02-17,2004,PG,113 min,Children & Family Movies,A gripping story that unfolds over time.,2007,February,113.0,,Children & Family Movies
s3204,TV Show,Silent Chronicles,Director 406,"Actor 690, Actor 533",Spain,2009-11-02,2007,TV-G,8 Season,"Dramas, Documentaries",A gripping story that unfolds over time.,2009,November,,8.0,Dramas
s3205,TV Show,Golden Empire,Director 328,"Actor 956, Actor 248",Brazil,2018-01-16,2015,PG,6 Season,International Movies,A gripping story that unfolds over time.,2018,January,,6.0,International Movies
s3206,TV Show,Dark Shadows,Director 116,"Actor 983, Actor 926",United States,2008-02-14,2006,TV-MA,3 Seasons,Sci-Fi & Fantasy,A gripping story that unfolds over time.,2008,February,,3.0,Sci-Fi & Fantasy
s3207,TV Show,Golden City,Director 14,"Actor 536, Actor 365",United Kingdom,2005-12-12,2004,TV-G,1 Seasons,Action & Adventure,A gripping story that unfolds over time.,2005,December,,1.0,Action & Adventure
s3208,TV Show,Final Horizon,Not Given,"Actor 376, Actor 673",Germany,2004-05-24,2004,TV-G,1 Seasons,"Crime TV Shows, Stand-Up Comedy",A gripping story that unfolds over time.,2004,May,,1.0,Crime TV Shows
s3209,Movie,Last Horizon,Not Given,"Actor 871, Actor 456",Australia,2007-08-04,2006,TV-Y7,130 min,"Sci-Fi & Fantasy, Reality TV",A gripping story that unfolds over time.,2007,August,130.0,,Sci-Fi & Fantasy
s3210,Movie,Forgotten Heist,Director 198,"Actor 790, Actor 878",United States,2012-06-07,2011,TV-PG,90 min,International Movies,A gripping story that unfolds over time.,2012,June,90.0,,International Movies
s3211,Movie,Lost Horizon,Not Given,"Actor 389, Actor 393",United States,2022-04-03,2019,TV-Y7,150 min,Action & Adventure,A gripping story that unfolds over time.,2022,April,150.0,,Action & Adventure
s3212,TV Show,Endless Legacy,Director 264,"Actor 713, Actor 284",India,2017-09-22,2016,TV-PG,2 Seasons,Kids' TV,A gripping story that unfolds over time.,2017,September,,2.0,Kids' TV
s3213,Movie,Silent Legacy,Not Given,"Actor 121, Actor 256",France,2004-05-12,2004,PG,87 min,Stand-Up Comedy,A gripping story that unfolds over time.,2004,May,87.0,,Stand-Up Comedy
s3214,Movie,Secret Storm,Director 7,"Actor 452, Actor 567",Italy,2007-12-03,2007,TV-MA,98 min,"Children & Family Movies, Dramas",A gripping story that unfolds over time.,2007,December,98.0,,Children & Family Movies
s3215,TV Show,Wild Storm,Director 42,"Actor 676, Actor 616",Nigeria,2005-12-17,2002,TV-Y7,4 Seasons,Horror Movies,A gripping story that unfolds over time.,2005,December,,4.0,Horror Movies
s3216,Movie,Forgotten Shadows,Not Given,"Actor 644, Actor 92",Nigeria,2021-03-10,2021,TV-PG,72 min,"Documentaries, Crime TV Shows",A gripping story that unfolds over time.,2021,March,72.0,,Documentaries
s3217,Movie,Wild Journey,Director 431,"Actor 416, Actor 918",United States,2008-06-10,2007,PG-13,142 min,Crime TV Shows,A gripping story that unfolds over time.,2008,June,142.0,,Crime TV Shows
s3218,Movie,Last Horizon,Director 233,"Actor 787, Actor 671",Italy,2010-09-19,2009,PG,81 min,"Action & Adventure, Documentaries",A gripping story that unfolds over time.,2010,September,81.0,,Action & Adventure
s3219,Movie,Silent Chronicles,Director 169,"Actor 620, Actor 462",India,2012-07-26,2011,R,127 min,"Thrillers, Dramas",A gripping story that unfolds over time.,2012,July,127.0,,Thrillers
s3220,Movie,Forgotten City,Not Given,"Actor 43, Actor 632",Nigeria,2016-06-18,2016,TV-MA,80 min,"Children & Family Movies, Romantic Movies",A gripping story that unfolds over time.,2016,June,80.0,,Children & Family Movies
s3221,TV Show,Wild Legacy,Director 157,"Actor 433, Actor 193",Spain,2025-07-01,2024,PG,7 Seasons,Comedies,A gripping story that unfolds over time.,2025,July,,7.0,Comedies
s3222,Movie,Endless Signal,Director 464,"Actor 204, Actor 753",Japan,2003-05-17,2000,PG-13,126 min,"Kids' TV, Documentaries",A gripping story that unfolds over time.,2003,May,126.0,,Kids' TV
s3223,Movie,Wild Dreams,Not Given,"Actor 229, Actor 794",France,2004-04-06,2001,TV-G,131 min,Documentaries,A gripping story that unfolds over time.,2004,April,131.0,,Documentaries
s3224,Movie,Forgotten Signal,Director 202,"Actor 300, Actor 160",Spain,2010-02-08,2008,PG-13,131 min,"Children & Family Movies, Documentaries",A gripping story that unfolds over time.,2010,February,131.0,,Children & Family Movies
s3225,Movie,Forgotten Empire,Director 308,"Actor 12, Actor 46",United States,2023-04-09,2022,TV-14,153 min,Documentaries,A gripping story that unfolds over time.,2023,April,153.0,,Documentaries
s3226,Movie,Final Signal,Director 380,"Actor 590, Actor 114",United States,2008-02-04,2005,TV-MA,75 min,Action & Adventure,A gripping story that unfolds over time.,2008,February,75.0,,Action & Adventure
s3227,Movie,Final Horizon,Director 123,"Actor 604, Actor 943",Australia,2010-01-16,2009,PG,87 min,"Reality TV, Crime TV Shows",A gripping story that unfolds over time.,2010,January,87.0,,Reality TV
s3228,Movie,Rising Chronicles,Director 349,"Actor 222, Actor 951",United States,2015-06-26,2012,TV-Y7,103 min,Thrillers,A gripping story that unfolds over time.,2015,June,103.0,,Thrillers
s3229,Movie,Last Horizon,Director 11,"Actor 190, Actor 883",United Kingdom,2014-08-04,2011,TV-Y7,117 min,"Action & Adventure, Kids' TV",A gripping story that unfolds over time.,2014,August,117.0,,Action & Adventure
s3230,Movie,Dark Dreams,Director 344,"Actor 954, Actor 29",Spain,2004-03-19,2003,PG,163 min,"International Movies, Children & Family Movies",A gripping story that unfolds over time.,2004,March,163.0,,International Movies
s3231,Movie,Final Shadows,Not Given,"Actor 66, Actor 245",Brazil,2014-06-14,2014,TV-14,110 min,Crime TV Shows,A gripping story that unfolds over time.,2014,June,110.0,,Crime TV Shows
s3232,Movie,Wild Horizon,Not Given,"Actor 532, Actor 442",India,2021-11-12,2021,PG,108 min,"Children & Family Movies, Documentaries",A gripping story that unfolds over time.,2021,November,108.0,,Children & Family Movies
s3233,Movie,Broken Signal,Director 127,"Actor 804, Actor 897",Mexico,2001-02-11,2000,TV-14,106 min,Documentaries,A gripping story that unfolds over time.,2001,February,106.0,,Documentaries
s3234,Movie,Secret City,Director 100,"Actor 96, Actor 790",India,2021-11-23,2021,R,124 min,Reality TV,A gripping story that unfolds over time.,2021,November,124.0,,Reality TV
s3235,Movie,Final Heist,Not Given,"Actor 870, Actor 982",United States,2025-12-20,2024,TV-PG,88 min,Horror Movies,A gripping story that unfolds over time.,2025,December,88.0,,Horror Movies
s3236,Movie,Hidden Chronicles,Director 294,"Actor 250, Actor 667",Turkey,2019-02-17,2016,TV-PG,151 min,"Horror Movies, Crime TV Shows",A gripping story that unfolds over time.,2019,February,151.0,,Horror Movies
s3237,Movie,Lost Horizon,Director 272,"Actor 373, Actor 878",Spain,2019-12-24,2016,TV-G,77 min,Dramas,A gripping story that unfolds over time.,2019,December,77.0,,Dramas
s3238,Movie,Final Chronicles,Director 65,"Actor 160, Actor 616",India,2007-09-16,2006,TV-MA,153 min,Crime TV Shows,A gripping story that unfolds over time.,2007,September,153.0,,Crime TV Shows
s3239,Movie,Silent Journey,Not Given,"Actor 130, Actor 973",South Korea,2023-09-01,2023,TV-G,166 min,Kids' TV,A gripping story that unfolds over time.,2023,September,166.0,,Kids' TV
s3240,Movie,Lost Legacy,Director 328,"Actor 116, Actor 238",Germany,2026-03-24,2024,TV-PG,153 min,"Reality TV, Kids' TV",A gripping story that unfolds over time.,2026,March,153.0,,Reality TV
s3241,TV Show,Broken Storm,Not Given,"Actor 596, Actor 835",Mexico,2017-08-12,2017,TV-MA,6 Seasons,"Sci-Fi & Fantasy, Dramas",A gripping story that unfolds over time.,2017,August,,6.0,Sci-Fi & Fantasy
s3242,TV Show,Hidden Chronicles,Director 96,"Actor 681, Actor 835",United States,2013-06-24,2012,TV-PG,3 Seasons,Crime TV Shows,A gripping story that unfolds over time.,2013,June,,3.0,Crime TV Shows
s3243,Movie,Broken Chronicles,Director 400,"Actor 745, Actor 453",United States,2020-01-24,2020,TV-14,134 min,"Crime TV Shows, Thrillers",A gripping story that unfolds over time.,2020,January,134.0,,Crime TV Shows
s3244,Movie,Dark Signal,Not Given,"Actor 975, Actor 268",United Kingdom,2024-11-10,2023,TV-Y7,96 min,"Sci-Fi & Fantasy, Romantic Movies",A gripping story that unfolds over time.,2024,November,96.0,,Sci-Fi & Fantasy
s3245,TV Show,Final Legacy,Not Given,"Actor 901, Actor 454",Japan,2005-06-01,2003,TV-G,1 Seasons,"International Movies, Horror Movies",A gripping story that unfolds over time.,2005,June,,1.0,International Movies
s3246,Movie,Secret Signal,Director 263,"Actor 417, Actor 66",United States,2026-09-18,2025,TV-PG,78 min,"Documentaries, Horror Movies",A gripping story that unfolds over time.,2026,September,78.0,,Documentaries
s3247,Movie,Final Storm,Director 112,"Actor 655, Actor 957",United Kingdom,2014-01-11,2012,PG-13,107 min,"Children & Family Movies, Horror Movies",A gripping story that unfolds over time.,2014,January,107.0,,Children & Family Movies
s3248,Movie,Broken Signal,Director 307,"Actor 410, Actor 597",Brazil,2023-03-05,2020,R,148 min,Anime Series,A gripping story that unfolds over time.,2023,March,148.0,,Anime Series
s3249,Movie,Broken Shadows,Director 407,"Actor 87, Actor 35",United States,2024-09-05,2023,TV-Y7,113 min,"Anime Series, Kids' TV",A gripping story that unfolds over time.,2024,September,113.0,,Anime Series
s3250,TV Show,Endless Signal,Not Given,"Actor 414, Actor 206",United States,2016-03-22,2015,TV-G,3 Seasons,Action & Adventure,A gripping story that unfolds over time.,2016,March,,3.0,Action & Adventure
s3251,Movie,Hidden Journey,Director 334,"Actor 559, Actor 627",Mexico,2005-09-24,2005,TV-G,163 min,Romantic Movies,A gripping story that unfolds over time.,2005,September,163.0,,Romantic Movies
s3252,Movie,Silent Storm,Director 135,"Actor 942, Actor 747",United States,2002-07-03,2001,TV-MA,114 min,Thrillers,A gripping story that unfolds over time.,2002,July,114.0,,Thrillers
s3253,Movie,Rising Heist,Director 61,"Actor 721, Actor 992",United States,2019-12-19,2017,TV-14,106 min,Documentaries,A gripping story that unfolds over time.,2019,December,106.0,,Documentaries
s3254,TV Show,Wild Chronicles,Director 141,"Actor 833, Actor 670",Germany,2024-01-09,2023,TV-MA,6 Season,"Crime TV Shows, Reality TV",A gripping story that unfolds over time.,2024,January,,6.0,Crime TV Shows
s3255,TV Show,Final Dreams,Director 315,"Actor 394, Actor 801",Germany,2004-07-19,2002,TV-Y7,6 Seasons,"Action & Adventure, Stand-Up Comedy",A gripping story that unfolds over time.,2004,July,,6.0,Action & Adventure
s3256,Movie,Endless Kingdom,Director 310,"Actor 924, Actor 105",Australia,2024-04-08,2023,TV-G,163 min,"Stand-Up Comedy, Action & Adventure",A gripping story that unfolds over time.,2024,April,163.0,,Stand-Up Comedy
s3257,Movie,Hidden Chronicles,Director 479,"Actor 714, Actor 908",United States,2005-06-02,2002,PG-13,76 min,Sci-Fi & Fantasy,A gripping story that unfolds over time.,2005,June,76.0,,Sci-Fi & Fantasy
s3258,Movie,Last Empire,Not Given,"Actor 985, Actor 947",India,2002-11-16,2000,TV-MA,165 min,Kids' TV,A gripping story that unfolds over time.,2002,November,165.0,,Kids' TV
s3259,Movie,Broken Dreams,Director 173,"Actor 639, Actor 505",South Korea,2023-12-04,2023,TV-G,103 min,"Anime Series, Horror Movies",A gripping story that unfolds over time.,2023,December,103.0,,Anime Series
s3260,Movie,Lost Shadows,Director 102,"Actor 726, Actor 378",France,2016-01-22,2016,PG-13,149 min,Stand-Up Comedy,A gripping story that unfolds over time.,2016,January,149.0,,Stand-Up Comedy
s3261,TV Show,Golden City,Director 133,"Actor 485, Actor 492",United States,2015-01-07,2012,PG-13,5 Seasons,Romantic Movies,A gripping story that unfolds over time.,2015,January,,5.0,Romantic Movies
s3262,TV Show,Final Signal,Director 192,"Actor 547, Actor 420",Canada,2020-04-06,2020,PG-13,6 Seasons,"Action & Adventure, Reality TV",A gripping story that unfolds over time.,2020,April,,6.0,Action & Adventure
s3263,TV Show,Rising Horizon,Director 172,"Actor 593, Actor 156",United Kingdom,2026-09-13,2024,TV-Y7,8 Season,"Reality TV, Stand-Up Comedy",A gripping story that unfolds over time.,2026,September,,8.0,Reality TV
s3264,Movie,Silent Empire,Director 255,"Actor 86, Actor 95",Germany,2007-02-14,2005,PG,79 min,"Comedies, Dramas",A gripping story that unfolds over time.,2007,February,79.0,,Comedies
s3265,Movie,Broken Legacy,Not Given,"Actor 579, Actor 285",India,2007-12-21,2007,TV-Y7,88 min,Reality TV,A gripping story that unfolds over time.,2007,December,88.0,,Reality TV
s3266,TV Show,Last Heist,Director 170,"Actor 95, Actor 219",Spain,2010-11-13,2008,TV-G,1 Season,"International Movies, Reality TV",A gripping story that unfolds over time.,2010,November,,1.0,International Movies
s3267,TV Show,Wild City,Not Given,"Actor 401, Actor 769",India,2007-11-14,2004,R,1 Seasons,Action & Adventure,A gripping story that unfolds over time.,2007,November,,1.0,Action & Adventure
s3268,TV Show,Last City,Not Given,"Actor 749, Actor 918",Italy,2025-03-08,2025,TV-G,6 Seasons,"Anime Series, Dramas",A gripping story that unfolds over time.,2025,March,,6.0,Anime Series
s3269,TV Show,Golden Heist,Director 85,"Actor 738, Actor 997",Japan,2024-11-17,2023,TV-14,3 Seasons,"Comedies, Kids' TV",A gripping story that unfolds over time.,2024,November,,3.0,Comedies
s3270,Movie,Wild Horizon,Director 436,"Actor 578, Actor 268",France,2026-06-15,2025,PG,114 min,"Thrillers, Children & Family Movies",A gripping story that unfolds over time.,2026,June,114.0,,Thrillers
s3271,TV Show,Lost Journey,Director 53,"Actor 481, Actor 621",South Korea,2026-11-06,2024,PG,8 Seasons,"Crime TV Shows, Horror Movies",A gripping story that unfolds over time.,2026,November,,8.0,Crime TV Shows
s3272,Movie,Dark Empire,Not Given,"Actor 217, Actor 417",Spain,2024-09-10,2023,PG,99 min,Sci-Fi & Fantasy,A gripping story that unfolds over time.,2024,September,99.0,,Sci-Fi & Fantasy
s3273,Movie,Final Dreams,Director 27,"Actor 84, Actor 216",United States,2026-08-27,2025,TV-14,133 min,"Reality TV, Action & Adventure",A gripping story that unfolds over time.,2026,August,133.0,,Reality TV
s3274,Movie,Last City,Director 70,"Actor 518, Actor 534",Mexico,2009-09-25,2007,TV-14,133 min,"Documentaries, Anime Series",A gripping story that unfolds over time.,2009,September,133.0,,Documentaries
s3275,TV Show,Rising Heist,Director 213,"Actor 180, Actor 797",France,2006-05-20,2005,TV-MA,6 Seasons,"Documentaries, Action & Adventure",A gripping story that unfolds over time.,2006,May,,6.0,Documentaries
s3276,Movie,Dark Horizon,Not Given,"Actor 9, Actor 132",India,2025-01-07,2025,TV-G,154 min,"Crime TV Shows, Documentaries",A gripping story that unfolds over time.,2025,January,154.0,,Crime TV Shows
s3277,TV Show,Last Heist,Director 75,"Actor 984, Actor 939",Germany,2002-04-14,2000,TV-MA,3 Seasons,Horror Movies,A gripping story that unfolds over time.,2002,April,,3.0,Horror Movies
s3278,TV Show,Secret Storm,Not Given,"Actor 981, Actor 108",Germany,2008-06-12,2006,R,5 Seasons,"Documentaries, Crime TV Shows",A gripping story that unfolds over time.,2008,June,,5.0,Documentaries
s3279,TV Show,Wild Horizon,Director 202,"Actor 862, Actor 47",Spain,2011-05-03,2010,TV-14,5 Seasons,"Children & Family Movies, Stand-Up Comedy",A gripping story that unfolds over time.,2011,May,,5.0,Children & Family Movies
s3280,Movie,Golden Legacy,Director 290,"Actor 469, Actor 381",India,2007-04-06,2006,R,169 min,Horror Movies,A gripping story that unfolds over time.,2007,April,169.0,,Horror Movies
s3281,Movie,Secret Chronicles,Not Given,"Actor 251, Actor 533",United States,2016-03-04,2014,PG-13,150 min,Documentaries,A gripping story that unfolds over time.,2016,March,150.0,,Documentaries
s3282,Movie,Hidden Signal,Director 191,"Actor 870, Actor 613",United States,2020-01-03,2017,TV-PG,112 min,Action & Adventure,A gripping story that unfolds over time.,2020,January,112.0,,Action & Adventure
s3283,TV Show,Broken Journey,Director 12,"Actor 188, Actor 17",United States,2015-07-18,2013,TV-MA,4 Seasons,"Reality TV, Documentaries",A gripping story that unfolds over time.,2015,July,,4.0,Reality TV
s3284,TV Show,Broken Shadows,Director 448,"Actor 790, Actor 661",United Kingdom,2009-03-01,2009,R,1 Seasons,Thrillers,A gripping story that unfolds over time.,2009,March,,1.0,Thrillers
s3285,TV Show,Broken Empire,Director 214,"Actor 158, Actor 787",United States,2022-12-05,2022,TV-G,1 Seasons,Comedies,A gripping story that unfolds over time.,2022,December,,1.0,Comedies
s3286,Movie,Rising Legacy,Director 137,"Actor 779, Actor 992",United States,2018-03-11,2017,R,110 min,"Children & Family Movies, Action & Adventure",A gripping story that unfolds over time.,2018,March,110.0,,Children & Family Movies
s3287,Movie,Final Storm,Director 79,"Actor 999, Actor 540",Japan,2023-02-22,2023,R,107 min,"Crime TV Shows, Anime Series",A gripping story that unfolds over time.,2023,February,107.0,,Crime TV Shows
s3288,Movie,Last Heist,Director 386,"Actor 999, Actor 291",Italy,2026-09-15,2025,TV-G,79 min,Crime TV Shows,A gripping story that unfolds over time.,2026,September,79.0,,Crime TV Shows
s3289,Movie,Forgotten Legacy,Director 329,"Actor 663, Actor 296",Canada,2022-11-06,2019,R,169 min,Action & Adventure,A gripping story that unfolds over time.,2022,November,169.0,,Action & Adventure
s3290,TV Show,Wild Storm,Not Given,"Actor 768, Actor 914",Australia,2014-11-04,2013,R,7 Seasons,Dramas,A gripping story that unfolds over time.,2014,November,,7.0,Dramas
s3291,TV Show,Rising Kingdom,Director 157,"Actor 641, Actor 981",United States,2003-07-27,2002,PG,5 Season,Thrillers,A gripping story that unfolds over time.,2003,July,,5.0,Thrillers
s3292,Movie,Dark Horizon,Director 21,"Actor 572, Actor 405",Spain,2020-06-11,2017,R,82 min,Dramas,A gripping story that unfolds over time.,2020,June,82.0,,Dramas
s3293,Movie,Wild Legacy,Director 465,"Actor 728, Actor 862",India,2016-04-05,2016,TV-PG,95 min,"Anime Series, Action & Adventure",A gripping story that unfolds over time.,2016,April,95.0,,Anime Series
s3294,Movie,Endless Chronicles,Director 176,"Actor 551, Actor 652",United States,2016-03-12,2014,TV-MA,133 min,Stand-Up Comedy,A gripping story that unfolds over time.,2016,March,133.0,,Stand-Up Comedy
s3295,TV Show,Forgotten Horizon,Director 187,"Actor 256, Actor 72",Australia,2017-05-21,2014,TV-MA,6 Seasons,"Dramas, Documentaries",A gripping story that unfolds over time.,2017,May,,6.0,Dramas
s3296,Movie,Wild Signal,Director 250,"Actor 80, Actor 319",United Kingdom,2024-06-21,2023,TV-MA,161 min,"Kids' TV, Dramas",A gripping story that unfolds over time.,2024,June,161.0,,Kids' TV
s3297,TV Show,Golden Signal,Director 8,"Actor 973, Actor 959",Turkey,2015-06-19,2014,TV-MA,4 Season,"Romantic Movies, Kids' TV",A gripping story that unfolds over time.,2015,June,,4.0,Romantic Movies
s3298,TV Show,Rising Journey,Director 48,"Actor 347, Actor 856",Australia,2020-02-03,2018,TV-Y7,4 Seasons,"Sci-Fi & Fantasy, Thrillers",A gripping story that unfolds over time.,2020,February,,4.0,Sci-Fi & Fantasy
s3299,TV Show,Golden Legacy,Not Given,"Actor 132, Actor 236",France,2025-08-03,2025,TV-MA,7 Seasons,"Romantic Movies, Kids' TV",A gripping story that unfolds over time.,2025,August,,7.0,Romantic Movies
s3300,Movie,Endless Dreams,Director 221,"Actor 717, Actor 626",United States,2019-06-18,2018,R,154 min,"Action & Adventure, Romantic Movies",A gripping story that unfolds over time.,2019,June,154.0,,Action & Adventure
s3301,Movie,Dark Horizon,Director 13,"Actor 461, Actor 179",United States,2014-06-22,2012,PG-13,160 min,Reality TV,A gripping story that unfolds over time.,2014,June,160.0,,Reality TV
s3302,TV Show,Hidden Empire,Director 250,"Actor 121, Actor 15",United States,2016-08-19,2016,TV-G,6 Seasons,International Movies,A gripping story that unfolds over time.,2016,August,,6.0,International Movies
s3303,TV Show,Hidden Heist,Director 295,"Actor 825, Actor 637",United Kingdom,2025-05-13,2023,TV-G,2 Seasons,"Action & Adventure, Reality TV",A gripping story that unfolds over time.,2025,May,,2.0,Action & Adventure
s3304,TV Show,Dark Journey,Director 189,"Actor 560, Actor 574",Canada,2018-12-17,2018,TV-G,1 Seasons,"Dramas, Thrillers",A gripping story that unfolds over time.,2018,December,,1.0,Dramas
s3305,TV Show,Final Chronicles,Director 135,"Actor 614, Actor 64",United Kingdom,2000-04-16,2000,TV-G,6 Seasons,Action & Adventure,A gripping story that unfolds over time.,2000,April,,6.0,Action & Adventure
s3306,Movie,Final Dreams,Director 265,"Actor 82, Actor 737",Australia,2013-01-23,2013,TV-Y7,106 min,"Thrillers, Horror Movies",A gripping story that unfolds over time.,2013,January,106.0,,Thrillers
s3307,TV Show,Wild Signal,Director 133,"Actor 283, Actor 167",United States,2024-04-21,2021,PG,5 Seasons,Horror Movies,A gripping story that unfolds over time.,2024,April,,5.0,Horror Movies
s3308,Movie,Dark Legacy,Director 163,"Actor 954, Actor 266",South Korea,2018-07-06,2017,TV-Y7,140 min,Action & Adventure,A gripping story that unfolds over time.,2018,July,140.0,,Action & Adventure
s3309,TV Show,Rising Storm,Director 491,"Actor 280, Actor 27",Spain,2020-08-03,2017,TV-PG,1 Season,Kids' TV,A gripping story that unfolds over time.,2020,August,,1.0,Kids' TV
s3310,TV Show,Final Horizon,Director 393,"Actor 663, Actor 653",United States,2024-12-01,2021,TV-G,8 Seasons,"Sci-Fi & Fantasy, Children & Family Movies",A gripping story that unfolds over time.,2024,December,,8.0,Sci-Fi & Fantasy
s3311,TV Show,Dark City,Director 325,"Actor 143, Actor 306",India,2016-06-16,2013,PG-13,4 Seasons,Thrillers,A gripping story that unfolds over time.,2016,June,,4.0,Thrillers
s3312,Movie,Last City,Director 145,"Actor 504, Actor 492",Japan,2016-03-02,2013,PG,75 min,"Stand-Up Comedy, Dramas",A gripping story that unfolds over time.,2016,March,75.0,,Stand-Up Comedy
s3313,TV Show,Last Heist,Not Given,"Actor 480, Actor 466",Australia,2004-12-13,2001,TV-Y7,4 Seasons,Kids' TV,A gripping story that unfolds over time.,2004,December,,4.0,Kids' TV
s3314,TV Show,Rising Signal,Director 4,"Actor 751, Actor 114",United States,2024-11-03,2023,TV-Y7,6 Seasons,"Stand-Up Comedy, Action & Adventure",A gripping story that unfolds over time.,2024,November,,6.0,Stand-Up Comedy
s3315,Movie,Lost Horizon,Director 390,"Actor 972, Actor 750",United States,2006-08-21,2005,R,145 min,Kids' TV,A gripping story that unfolds over time.,2006,August,145.0,,Kids' TV
s3316,Movie,Hidden Horizon,Not Given,"Actor 228, Actor 267",India,2015-11-03,2014,TV-14,141 min,"Children & Family Movies, Anime Series",A gripping story that unfolds over time.,2015,November,141.0,,Children & Family Movies
s3317,TV Show,Endless Heist,Director 445,"Actor 976, Actor 308",Brazil,2019-03-11,2019,PG-13,8 Seasons,"Children & Family Movies, Comedies",A gripping story that unfolds over time.,2019,March,,8.0,Children & Family Movies
s3318,Movie,Silent Chronicles,Not Given,"Actor 713, Actor 722",Japan,2010-12-23,2009,TV-Y7,165 min,Kids' TV,A gripping story that unfolds over time.,2010,December,165.0,,Kids' TV
s3319,Movie,Forgotten Chronicles,Director 452,"Actor 50, Actor 612",United States,2014-04-16,2012,PG,156 min,Crime TV Shows,A gripping story that unfolds over time.,2014,April,156.0,,Crime TV Shows
s3320,TV Show,Last Dreams,Director 414,"Actor 117, Actor 847",United States,2022-04-14,2020,R,7 Seasons,"Reality TV, Horror Movies",A gripping story that unfolds over time.,2022,April,,7.0,Reality TV
s3321,TV Show,Silent Empire,Director 121,"Actor 562, Actor 553",United States,2013-01-10,2012,TV-14,5 Seasons,Action & Adventure,A gripping story that unfolds over time.,2013,January,,5.0,Action & Adventure
s3322,TV Show,Hidden Signal,Not Given,"Actor 283, Actor 596",United States,2025-07-19,2023,TV-PG,7 Seasons,Kids' TV,A gripping story that unfolds over time.,2025,July,,7.0,Kids' TV
s3323,Movie,Broken Heist,Director 218,"Actor 329, Actor 179",Canada,2014-05-12,2011,PG,121 min,"Romantic Movies, Sci-Fi & Fantasy",A gripping story that unfolds over time.,2014,May,121.0,,Romantic Movies
s3324,Movie,Rising Shadows,Not Given,"Actor 113, Actor 169",India,2014-11-13,2012,TV-MA,153 min,"Comedies, Sci-Fi & Fantasy",A gripping story that unfolds over time.,2014,November,153.0,,Comedies
s3325,Movie,Endless Kingdom,Director 166,"Actor 538, Actor 197",United Kingdom,2015-11-04,2014,PG,139 min,"Thrillers, Crime TV Shows",A gripping story that unfolds over time.,2015,November,139.0,,Thrillers
s3326,Movie,Rising Legacy,Director 467,"Actor 891, Actor 465",United States,2019-06-12,2018,TV-PG,107 min,Children & Family Movies,A gripping story that unfolds over time.,2019,June,107.0,,Children & Family Movies
s3327,Movie,Final Signal,Director 227,"Actor 604, Actor 350",Brazil,2022-11-19,2019,TV-PG,80 min,"Kids' TV, Anime Series",A gripping story that unfolds over time.,2022,November,80.0,,Kids' TV
s3328,TV Show,Rising Kingdom,Not Given,"Actor 804, Actor 753",Spain,2022-07-08,2022,TV-G,2 Seasons,Action & Adventure,A gripping story that unfolds over time.,2022,July,,2.0,Action & Adventure
s3329,Movie,Secret Horizon,Director 317,"Actor 542, Actor 999",Germany,2013-02-21,2013,PG-13,102 min,Action & Adventure,A gripping story that unfolds over time.,2013,February,102.0,,Action & Adventure
s3330,Movie,Wild Empire,Director 318,"Actor 192, Actor 425",Japan,2006-06-17,2004,TV-14,72 min,"Comedies, Stand-Up Comedy",A gripping story that unfolds over time.,2006,June,72.0,,Comedies
s3331,Movie,Last Journey,Director 306,"Actor 548, Actor 838",United Kingdom,2016-12-09,2015,PG-13,135 min,Children & Family Movies,A gripping story that unfolds over time.,2016,December,135.0,,Children & Family Movies
s3332,Movie,Wild Horizon,Director 225,"Actor 189, Actor 773",United States,2025-12-05,2024,PG,134 min,Documentaries,A gripping story that unfolds over time.,2025,December,134.0,,Documentaries
s3333,Movie,Forgotten Dreams,Director 201,"Actor 810, Actor 411",United States,2020-12-02,2018,PG,117 min,"Anime Series, Thrillers",A gripping story that unfolds over time.,2020,December,117.0,,Anime Series
s3334,TV Show,Rising Journey,Director 66,"Actor 134, Actor 213",Germany,2020-10-03,2018,TV-G,1 Seasons,Thrillers,A gripping story that unfolds over time.,2020,October,,1.0,Thrillers
s3335,TV Show,Hidden Storm,Director 393,"Actor 769, Actor 812",France,2019-05-03,2018,TV-G,7 Season,"Thrillers, International Movies",A gripping story that unfolds over time.,2019,May,,7.0,Thrillers
s3336,TV Show,Rising Heist,Director 44,"Actor 777, Actor 661",France,2005-05-22,2005,TV-Y7,2 Seasons,"Crime TV Shows, Reality TV",A gripping story that unfolds over time.,2005,May,,2.0,Crime TV Shows
s3337,Movie,Endless Storm,Director 125,"Actor 886, Actor 953",United States,2005-04-12,2005,TV-G,87 min,Comedies,A gripping story that unfolds over time.,2005,April,87.0,,Comedies
s3338,Movie,Wild Dreams,Not Given,"Actor 814, Actor 455",United Kingdom,2021-05-09,2021,TV-MA,106 min,"Stand-Up Comedy, Documentaries",A gripping story that unfolds over time.,2021,May,106.0,,Stand-Up Comedy
s3339,Movie,Wild Chronicles,Director 420,"Actor 93, Actor 104",Japan,2024-04-13,2024,TV-PG,116 min,Documentaries,A gripping story that unfolds over time.,2024,April,116.0,,Documentaries
s3340,Movie,Wild Chronicles,Director 57,"Actor 170, Actor 780",India,2011-04-18,2010,TV-PG,149 min,"Anime Series, Horror Movies",A gripping story that unfolds over time.,2011,April,149.0,,Anime Series
s3341,Movie,Dark Legacy,Director 35,"Actor 169, Actor 394",Turkey,2008-07-12,2007,TV-MA,145 min,"Comedies, International Movies",A gripping story that unfolds over time.,2008,July,145.0,,Comedies
s3342,TV Show,Last Dreams,Not Given,"Actor 815, Actor 800",South Korea,2013-06-25,2013,TV-PG,3 Seasons,"Stand-Up Comedy, Action & Adventure",A gripping story that unfolds over time.,2013,June,,3.0,Stand-Up Comedy
s3343,TV Show,Hidden Shadows,Not Given,"Actor 119, Actor 875",United Kingdom,2026-06-20,2025,TV-Y7,2 Seasons,Stand-Up Comedy,A gripping story that unfolds over time.,2026,June,,2.0,Stand-Up Comedy
s3344,Movie,Lost Shadows,Director 25,"Actor 61, Actor 906",United States,2015-01-16,2012,TV-G,96 min,Children & Family Movies,A gripping story that unfolds over time.,2015,January,96.0,,Children & Family Movies
s3345,TV Show,Golden Empire,Not Given,"Actor 796, Actor 933",United States,2002-08-27,2002,TV-MA,1 Seasons,"Thrillers, Stand-Up Comedy",A gripping story that unfolds over time.,2002,August,,1.0,Thrillers
s3346,TV Show,Rising Empire,Not Given,"Actor 772, Actor 623",United States,2006-05-09,2005,TV-G,1 Seasons,Stand-Up Comedy,A gripping story that unfolds over time.,2006,May,,1.0,Stand-Up Comedy
s3347,TV Show,Endless Shadows,Not Given,"Actor 927, Actor 730",Japan,2008-10-04,2005,TV-Y7,5 Seasons,"Reality TV, Comedies",A gripping story that unfolds over time.,2008,October,,5.0,Reality TV
s3348,Movie,Rising Dreams,Not Given,"Actor 737, Actor 781",United Kingdom,2024-03-13,2024,TV-MA,85 min,Stand-Up Comedy,A gripping story that unfolds over time.,2024,March,85.0,,Stand-Up Comedy
s3349,TV Show,Silent Empire,Not Given,"Actor 192, Actor 646",Australia,2023-07-12,2022,TV-MA,1 Seasons,Kids' TV,A gripping story that unfolds over time.,2023,July,,1.0,Kids' TV
s3350,Movie,Secret Signal,Not Given,"Actor 415, Actor 499",United States,2024-02-20,2024,TV-14,105 min,Reality TV,A gripping story that unfolds over time.,2024,February,105.0,,Reality TV
s3351,TV Show,Rising Heist,Not Given,"Actor 263, Actor 123",Brazil,2024-09-26,2023,TV-Y7,4 Seasons,"Children & Family Movies, Sci-Fi & Fantasy",A gripping story that unfolds over time.,2024,September,,4.0,Children & Family Movies
s3352,Movie,Dark Horizon,Not Given,"Actor 850, Actor 44",United States,2010-01-13,2008,TV-Y7,85 min,"Reality TV, Sci-Fi & Fantasy",A gripping story that unfolds over time.,2010,January,85.0,,Reality TV
s3353,Movie,Wild Storm,Not Given,"Actor 240, Actor 372",France,2026-02-05,2025,TV-PG,148 min,"Documentaries, Horror Movies",A gripping story that unfolds over time.,2026,February,148.0,,Documentaries
s3354,Movie,Final Horizon,Director 237,"Actor 346, Actor 245",Japan,2003-05-02,2001,TV-MA,163 min,"Sci-Fi & Fantasy, Action & Adventure",A gripping story that unfolds over time.,2003,May,163.0,,Sci-Fi & Fantasy
s3355,Movie,Last Signal,Director 456,"Actor 996, Actor 224",Turkey,2010-06-07,2010,PG,124 min,Comedies,A gripping story that unfolds over time.,2010,June,124.0,,Comedies
s3356,TV Show,Hidden Signal,Director 437,"Actor 505, Actor 401",South Korea,2013-04-07,2012,PG-13,4 Seasons,Crime TV Shows,A gripping story that unfolds over time.,2013,April,,4.0,Crime TV Shows
s3357,TV Show,Lost Journey,Director 162,"Actor 900, Actor 61",India,2003-01-15,2000,TV-14,8 Seasons,"Action & Adventure, Thrillers",A gripping story that unfolds over time.,2003,January,,8.0,Action & Adventure
s3358,Movie,Last City,Not Given,"Actor 224, Actor 925",United States,2010-12-01,2009,TV-MA,100 min,"Crime TV Shows, Stand-Up Comedy",A gripping story that unfolds over time.,2010,December,100.0,,Crime TV Shows
s3359,Movie,Hidden Dreams,Not Given,"Actor 228, Actor 277",France,2017-05-19,2017,PG-13,104 min,"Comedies, Crime TV Shows",A gripping story that unfolds over time.,2017,May,104.0,,Comedies
s3360,Movie,Forgotten Dreams,Not Given,"Actor 102, Actor 705",United Kingdom,2016-10-09,2016,TV-G,162 min,Dramas,A gripping story that unfolds over time.,2016,October,162.0,,Dramas
s3361,TV Show,Last Shadows,Director 304,"Actor 83, Actor 560",Mexico,2016-05-12,2013,TV-MA,3 Seasons,Romantic Movies,A gripping story that unfolds over time.,2016,May,,3.0,Romantic Movies
s3362,Movie,Final City,Director 316,"Actor 332, Actor 167",United States,2001-06-03,2001,TV-G,84 min,"International Movies, Horror Movies",A gripping story that unfolds over time.,2001,June,84.0,,International Movies
s3363,Movie,Endless Dreams,Director 259,"Actor 156, Actor 12",India,2014-04-23,2013,PG,169 min,Anime Series,A gripping story that unfolds over time.,2014,April,169.0,,Anime Series
s3364,Movie,Rising Legacy,Not Given,"Actor 618, Actor 984",France,2020-05-18,2018,R,111 min,"Crime TV Shows, Action & Adventure",A gripping story that unfolds over time.,2020,May,111.0,,Crime TV Shows
s3365,Movie,Endless Dreams,Not Given,"Actor 439, Actor 900",United States,2016-09-17,2016,TV-14,118 min,"Action & Adventure, Stand-Up Comedy",A gripping story that unfolds over time.,2016,September,118.0,,Action & Adventure
s3366,TV Show,Dark Shadows,Director 348,"Actor 738, Actor 193",Japan,2001-03-10,2000,TV-G,5 Seasons,Sci-Fi & Fantasy,A gripping story that unfolds over time.,2001,March,,5.0,Sci-Fi & Fantasy
s3367,Movie,Final Signal,Director 325,"Actor 329, Actor 872",Mexico,2010-05-14,2007,PG-13,93 min,Romantic Movies,A gripping story that unfolds over time.,2010,May,93.0,,Romantic Movies
s3368,Movie,Lost Horizon,Director 128,"Actor 745, Actor 307",United States,2011-11-09,2010,TV-PG,91 min,"Crime TV Shows, Sci-Fi & Fantasy",A gripping story that unfolds over time.,2011,November,91.0,,Crime TV Shows
s3369,TV Show,Final Heist,Director 53,"Actor 673, Actor 224",India,2013-12-25,2012,PG-13,2 Seasons,Sci-Fi & Fantasy,A gripping story that unfolds over time.,2013,December,,2.0,Sci-Fi & Fantasy
s3370,Movie,Wild Heist,Director 270,"Actor 416, Actor 835",United States,2026-04-10,2025,R,157 min,Romantic Movies,A gripping story that unfolds over time.,2026,April,157.0,,Romantic Movies
s3371,TV Show,Rising Signal,Director 144,"Actor 420, Actor 824",United Kingdom,2015-01-05,2014,TV-G,7 Seasons,Thrillers,A gripping story that unfolds over time.,2015,January,,7.0,Thrillers
s3372,Movie,Lost City,Director 370,"Actor 987, Actor 524",United States,2005-08-01,2002,TV-MA,102 min,"Thrillers, Children & Family Movies",A gripping story that unfolds over time.,2005,August,102.0,,Thrillers
s3373,Movie,Forgotten Dreams,Not Given,"Actor 777, Actor 919",South Korea,2008-11-11,2008,TV-G,138 min,International Movies,A gripping story that unfolds over time.,2008,November,138.0,,International Movies
s3374,TV Show,Rising Kingdom,Not Given,"Actor 540, Actor 211",Nigeria,2025-05-09,2024,TV-14,1 Seasons,Anime Series,A gripping story that unfolds over time.,2025,May,,1.0,Anime Series
s3375,Movie,Silent Dreams,Not Given,"Actor 67, Actor 28",United States,2021-01-14,2018,TV-Y7,77 min,"Children & Family Movies, Romantic Movies",A gripping story that unfolds over time.,2021,January,77.0,,Children & Family Movies
s3376,TV Show,Silent Horizon,Director 441,"Actor 428, Actor 967",India,2016-11-11,2013,TV-MA,6 Seasons,"Crime TV Shows, Romantic Movies",A gripping story that unfolds over time.,2016,November,,6.0,Crime TV Shows
s3377,TV Show,Final Journey,Director 122,"Actor 636, Actor 375",Spain,2022-01-13,2020,PG-13,3 Seasons,Sci-Fi & Fantasy,A gripping story that unfolds over time.,2022,January,,3.0,Sci-Fi & Fantasy
s3378,Movie,Golden City,Not Given,"Actor 647, Actor 892",United States,2022-11-27,2021,TV-PG,136 min,"Thrillers, Stand-Up Comedy",A gripping story that unfolds over time.,2022,November,136.0,,Thrillers
s3379,TV Show,Dark Horizon,Not Given,"Actor 347, Actor 975",United States,2015-03-12,2013,TV-14,8 Seasons,"Crime TV Shows, Anime Series",A gripping story that unfolds over time.,2015,March,,8.0,Crime TV Shows
s3380,Movie,Hidden City,Not Given,"Actor 849, Actor 432",United States,2025-03-01,2025,TV-G,110 min,"Horror Movies, Children & Family Movies",A gripping story that unfolds over time.,2025,March,110.0,,Horror Movies
s3381,Movie,Golden Storm,Director 255,"Actor 364, Actor 334",United States,2002-02-01,2000,PG-13,131 min,"Children & Family Movies, Thrillers",A gripping story that unfolds over time.,2002,February,131.0,,Children & Family Movies
s3382,Movie,Dark Dreams,Not Given,"Actor 984, Actor 399",Canada,2004-12-21,2003,PG-13,78 min,Comedies,A gripping story that unfolds over time.,2004,December,78.0,,Comedies
s3383,TV Show,Rising Shadows,Director 24,"Actor 249, Actor 227",Italy,2008-07-08,2008,R,4 Seasons,"Kids' TV, Anime Series",A gripping story that unfolds over time.,2008,July,,4.0,Kids' TV
s3384,Movie,Broken Heist,Director 63,"Actor 945, Actor 110",United States,2009-10-18,2006,TV-G,71 min,Sci-Fi & Fantasy,A gripping story that unfolds over time.,2009,October,71.0,,Sci-Fi & Fantasy
s3385,Movie,Rising Dreams,Director 319,"Actor 480, Actor 981",India,2026-07-26,2024,R,134 min,"Sci-Fi & Fantasy, Anime Series",A gripping story that unfolds over time.,2026,July,134.0,,Sci-Fi & Fantasy
s3386,Movie,Forgotten Kingdom,Not Given,"Actor 740, Actor 181",Spain,2019-08-15,2018,TV-Y7,144 min,Documentaries,A gripping story that unfolds over time.,2019,August,144.0,,Documentaries
s3387,TV Show,Wild Journey,Not Given,"Actor 306, Actor 310",United States,2022-08-27,2022,TV-MA,7 Seasons,"Reality TV, Dramas",A gripping story that unfolds over time.,2022,August,,7.0,Reality TV
s3388,TV Show,Silent Horizon,Not Given,"Actor 671, Actor 896",Brazil,2008-06-03,2007,TV-G,3 Seasons,Comedies,A gripping story that unfolds over time.,2008,June,,3.0,Comedies
s3389,TV Show,Rising Signal,Director 351,"Actor 250, Actor 345",Australia,2014-05-16,2012,TV-G,2 Seasons,Sci-Fi & Fantasy,A gripping story that unfolds over time.,2014,May,,2.0,Sci-Fi & Fantasy
s3390,TV Show,Last Journey,Not Given,"Actor 230, Actor 211",Canada,2021-07-22,2021,PG-13,4 Seasons,Romantic Movies,A gripping story that unfolds over time.,2021,July,,4.0,Romantic Movies
s3391,TV Show,Rising Horizon,Director 254,"Actor 901, Actor 240",Australia,2005-02-17,2003,TV-14,3 Seasons,"Action & Adventure, Anime Series",A gripping story that unfolds over time.,2005,February,,3.0,Action & Adventure
s3392,Movie,Wild City,Not Given,"Actor 928, Actor 20",United States,2021-02-14,2020,PG,103 min,Horror Movies,A gripping story that unfolds over time.,2021,February,103.0,,Horror Movies
s3393,Movie,Rising Journey,Director 36,"Actor 875, Actor 824",United Kingdom,2012-09-16,2010,TV-MA,151 min,"Horror Movies, Comedies",A gripping story that unfolds over time.,2012,September,151.0,,Horror Movies
s3394,TV Show,Broken Empire,Director 12,"Actor 515, Actor 883",United States,2022-02-09,2022,TV-MA,5 Seasons,"Action & Adventure, Horror Movies",A gripping story that unfolds over time.,2022,February,,5.0,Action & Adventure
s3395,Movie,Secret Legacy,Director 373,"Actor 841, Actor 267",India,2017-11-01,2014,PG,168 min,Thrillers,A gripping story that unfolds over time.,2017,November,168.0,,Thrillers
s3396,TV Show,Forgotten Storm,Director 52,"Actor 337, Actor 993",India,2009-10-19,2009,PG-13,1 Seasons,"International Movies, Sci-Fi & Fantasy",A gripping story that unfolds over time.,2009,October,,1.0,International Movies
s3397,Movie,Golden City,Director 388,"Actor 778, Actor 798",Canada,2010-07-09,2008,PG,116 min,Stand-Up Comedy,A gripping story that unfolds over time.,2010,July,116.0,,Stand-Up Comedy
s3398,Movie,Rising Shadows,Director 29,"Actor 486, Actor 176",United States,2016-11-08,2014,PG,162 min,"Stand-Up Comedy, International Movies",A gripping story that unfolds over time.,2016,November,162.0,,Stand-Up Comedy
s3399,Movie,Wild Storm,Director 398,"Actor 246, Actor 937",United States,2016-05-06,2015,TV-G,95 min,"Horror Movies, International Movies",A gripping story that unfolds over time.,2016,May,95.0,,Horror Movies
s3400,TV Show,Endless Dreams,Director 155,"Actor 281, Actor 725",United States,2026-04-02,2025,TV-PG,8 Seasons,International Movies,A gripping story that unfolds over time.,2026,April,,8.0,International Movies
s3401,Movie,Lost Storm,Director 76,"Actor 643, Actor 152",France,2009-01-26,2008,R,121 min,"Action & Adventure, Anime Series",A gripping story that unfolds over time.,2009,January,121.0,,Action & Adventure
s3402,Movie,Rising Journey,Director 372,"Actor 413, Actor 691",Turkey,2013-12-12,2013,TV-14,144 min,Documentaries,A gripping story that unfolds over time.,2013,December,144.0,,Documentaries
s3403,Movie,Final Shadows,Director 438,"Actor 556, Actor 993",United States,2024-11-13,2023,PG-13,110 min,International Movies,A gripping story that unfolds over time.,2024,November,110.0,,International Movies
s3404,TV Show,Rising City,Director 397,"Actor 750, Actor 936",United States,2013-11-16,2012,R,7 Seasons,Romantic Movies,A gripping story that unfolds over time.,2013,November,,7.0,Romantic Movies
s3405,Movie,Hidden Storm,Not Given,"Actor 552, Actor 218",Nigeria,2003-10-10,2002,PG-13,131 min,Stand-Up Comedy,A gripping story that unfolds over time.,2003,October,131.0,,Stand-Up Comedy
s3406,Movie,Forgotten City,Not Given,"Actor 894, Actor 904",Spain,2020-04-25,2020,PG-13,87 min,Comedies,A gripping story that unfolds over time.,2020,April,87.0,,Comedies
s3407,TV Show,Final City,Director 116,"Actor 892, Actor 204",Australia,2016-04-21,2013,TV-MA,4 Seasons,International Movies,A gripping story that unfolds over time.,2016,April,,4.0,International Movies
s3408,Movie,Silent City,Director 5,"Actor 870, Actor 6",United States,2026-06-23,2025,R,157 min,Action & Adventure,A gripping story that unfolds over time.,2026,June,157.0,,Action & Adventure
s3409,Movie,Endless Chronicles,Not Given,"Actor 115, Actor 699",India,2013-05-07,2011,PG-13,130 min,Reality TV,A gripping story that unfolds over time.,2013,May,130.0,,Reality TV
s3410,TV Show,Secret City,Director 96,"Actor 261, Actor 868",United Kingdom,2005-04-27,2003,TV-G,3 Seasons,"Children & Family Movies, Horror Movies",A gripping story that unfolds over time.,2005,April,,3.0,Children & Family Movies
s3411,TV Show,Wild Storm,Director 293,"Actor 163, Actor 504",Canada,2014-07-16,2014,R,8 Seasons,Thrillers,A gripping story that unfolds over time.,2014,July,,8.0,Thrillers
s3412,TV Show,Hidden Empire,Director 330,"Actor 505, Actor 349",Brazil,2016-01-02,2013,TV-PG,5 Seasons,"Documentaries, Anime Series",A gripping story that unfolds over time.,2016,January,,5.0,Documentaries
s3413,Movie,Endless Journey,Director 157,"Actor 126, Actor 638",United States,2016-10-24,2016,TV-MA,152 min,Documentaries,A gripping story that unfolds over time.,2016,October,152.0,,Documentaries
s3414,Movie,Last Journey,Director 59,"Actor 915, Actor 830",United States,2014-01-11,2012,R,125 min,"International Movies, Dramas",A gripping story that unfolds over time.,2014,January,125.0,,International Movies
s3415,Movie,Last Heist,Director 383,"Actor 148, Actor 29",United States,2019-06-16,2016,TV-G,102 min,Romantic Movies,A gripping story that unfolds over time.,2019,June,102.0,,Romantic Movies
s3416,Movie,Forgotten City,Director 394,"Actor 164, Actor 942",Japan,2026-05-08,2023,TV-MA,96 min,Sci-Fi & Fantasy,A gripping story that unfolds over time.,2026,May,96.0,,Sci-Fi & Fantasy
s3417,Movie,Endless Shadows,Director 67,"Actor 150, Actor 134",United States,2024-11-24,2023,TV-Y7,74 min,"Romantic Movies, Thrillers",A gripping story that unfolds over time.,2024,November,74.0,,Romantic Movies
s3418,Movie,Dark Horizon,Director 312,"Actor 796, Actor 239",Spain,2021-02-20,2021,PG-13,95 min,"Action & Adventure, Kids' TV",A gripping story that unfolds over time.,2021,February,95.0,,Action & Adventure
s3419,Movie,Hidden Shadows,Not Given,"Actor 348, Actor 752",Italy,2018-06-08,2018,TV-Y7,83 min,Children & Family Movies,A gripping story that unfolds over time.,2018,June,83.0,,Children & Family Movies
s3420,Movie,Endless Kingdom,Not Given,"Actor 837, Actor 783",United States,2025-04-10,2025,TV-14,158 min,Stand-Up Comedy,A gripping story that unfolds over time.,2025,April,158.0,,Stand-Up Comedy
s3421,TV Show,Wild Chronicles,Director 82,"Actor 849, Actor 444",Germany,2021-02-01,2019,TV-Y7,4 Seasons,"Sci-Fi & Fantasy, Kids' TV",A gripping story that unfolds over time.,2021,February,,4.0,Sci-Fi & Fantasy
s3422,Movie,Secret Dreams,Director 362,"Actor 910, Actor 307",United States,2016-03-19,2013,PG-13,122 min,"Stand-Up Comedy, Comedies",A gripping story that unfolds over time.,2016,March,122.0,,Stand-Up Comedy
s3423,Movie,Hidden Legacy,Director 425,"Actor 232, Actor 576",United Kingdom,2017-10-06,2016,TV-PG,112 min,"Action & Adventure, Kids' TV",A gripping story that unfolds over time.,2017,October,112.0,,Action & Adventure
s3424,TV Show,Hidden Legacy,Not Given,"Actor 702, Actor 690",Mexico,2022-10-20,2020,R,5 Seasons,Sci-Fi & Fantasy,A gripping story that unfolds over time.,2022,October,,5.0,Sci-Fi & Fantasy
s3425,Movie,Hidden Heist,Director 312,"Actor 829, Actor 989",France,2016-10-17,2015,TV-MA,163 min,International Movies,A gripping story that unfolds over time.,2016,October,163.0,,International Movies
s3426,Movie,Forgotten Kingdom,Director 30,"Actor 160, Actor 434",United States,2020-07-07,2019,TV-Y7,120 min,"Stand-Up Comedy, Thrillers",A gripping story that unfolds over time.,2020,July,120.0,,Stand-Up Comedy
s3427,Movie,Dark Kingdom,Director 497,"Actor 538, Actor 313",United Kingdom,2025-05-17,2025,TV-14,124 min,"Sci-Fi & Fantasy, Children & Family Movies",A gripping story that unfolds over time.,2025,May,124.0,,Sci-Fi & Fantasy
s3428,Movie,Final City,Director 99,"Actor 465, Actor 32",United Kingdom,2024-10-09,2022,TV-Y7,138 min,International Movies,A gripping story that unfolds over time.,2024,October,138.0,,International Movies
s3429,TV Show,Last Heist,Director 344,"Actor 69, Actor 716",Nigeria,2007-08-22,2005,TV-PG,8 Seasons,"Anime Series, Sci-Fi & Fantasy",A gripping story that unfolds over time.,2007,August,,8.0,Anime Series
s3430,TV Show,Lost Heist,Director 346,"Actor 744, Actor 970",United States,2019-04-12,2017,PG-13,4 Seasons,"Romantic Movies, International Movies",A gripping story that unfolds over time.,2019,April,,4.0,Romantic Movies
s3431,TV Show,Forgotten Horizon,Not Given,"Actor 949, Actor 958",India,2005-10-18,2004,TV-G,5 Seasons,"Action & Adventure, Crime TV Shows",A gripping story that unfolds over time.,2005,October,,5.0,Action & Adventure
s3432,TV Show,Wild Kingdom,Director 123,"Actor 417, Actor 496",South Korea,2018-10-23,2018,PG-13,7 Seasons,"Sci-Fi & Fantasy, Action & Adventure",A gripping story that unfolds over time.,2018,October,,7.0,Sci-Fi & Fantasy
s3433,TV Show,Wild Shadows,Director 56,"Actor 571, Actor 921",United States,2024-01-20,2021,TV-Y7,3 Seasons,"Children & Family Movies, Reality TV",A gripping story that unfolds over time.,2024,January,,3.0,Children & Family Movies
s3434,Movie,Final Heist,Not Given,"Actor 836, Actor 144",France,2016-09-16,2015,PG,129 min,Comedies,A gripping story that unfolds over time.,2016,September,129.0,,Comedies
s3435,TV Show,Silent City,Director 295,"Actor 956, Actor 92",Germany,2021-07-13,2020,TV-MA,7 Seasons,"Anime Series, Documentaries",A gripping story that unfolds over time.,2021,July,,7.0,Anime Series
s3436,Movie,Dark Journey,Director 177,"Actor 48, Actor 176",South Korea,2009-09-15,2007,TV-Y7,78 min,Documentaries,A gripping story that unfolds over time.,2009,September,78.0,,Documentaries
s3437,Movie,Hidden City,Not Given,"Actor 642, Actor 766",United States,2016-10-11,2014,PG,119 min,Documentaries,A gripping story that unfolds over time.,2016,October,119.0,,Documentaries
s3438,Movie,Last Journey,Director 357,"Actor 238, Actor 415",United Kingdom,2008-10-25,2005,TV-G,139 min,Thrillers,A gripping story that unfolds over time.,2008,October,139.0,,Thrillers
s3439,Movie,Endless Storm,Director 473,"Actor 850, Actor 304",United States,2022-02-23,2021,TV-PG,122 min,Thrillers,A gripping story that unfolds over time.,2022,February,122.0,,Thrillers
s3440,Movie,Forgotten Empire,Not Given,"Actor 477, Actor 58",United States,2014-11-04,2012,TV-G,92 min,Sci-Fi & Fantasy,A gripping story that unfolds over time.,2014,November,92.0,,Sci-Fi & Fantasy
s3441,Movie,Hidden Kingdom,Director 234,"Actor 164, Actor 964",United States,2023-07-23,2020,PG-13,123 min,"Anime Series, Horror Movies",A gripping story that unfolds over time.,2023,July,123.0,,Anime Series
s3442,TV Show,Dark Heist,Not Given,"Actor 928, Actor 703",United States,2016-12-06,2013,TV-PG,5 Season,"Romantic Movies, Children & Family Movies",A gripping story that unfolds over time.,2016,December,,5.0,Romantic Movies
s3443,Movie,Silent City,Not Given,"Actor 58, Actor 172",United States,2020-10-10,2020,TV-MA,91 min,"Action & Adventure, Documentaries",A gripping story that unfolds over time.,2020,October,91.0,,Action & Adventure
s3444,Movie,Forgotten Horizon,Not Given,"Actor 566, Actor 978",United States,2015-06-05,2013,PG,154 min,Kids' TV,A gripping story that unfolds over time.,2015,June,154.0,,Kids' TV
s3445,TV Show,Hidden Dreams,Not Given,"Actor 463, Actor 880",Mexico,2024-12-11,2024,R,3 Seasons,"Romantic Movies, Dramas",A gripping story that unfolds over time.,2024,December,,3.0,Romantic Movies
s3446,Movie,Hidden Legacy,Director 271,"Actor 630, Actor 445",United States,2002-01-01,2000,PG,75 min,Horror Movies,A gripping story that unfolds over time.,2002,January,75.0,,Horror Movies
s3447,Movie,Dark Horizon,Director 231,"Actor 604, Actor 400",Canada,2003-03-20,2001,PG-13,96 min,Reality TV,A gripping story that unfolds over time.,2003,March,96.0,,Reality TV
s3448,Movie,Wild Empire,Not Given,"Actor 63, Actor 824",United States,2015-02-14,2012,PG,135 min,Children & Family Movies,A gripping story that unfolds over time.,2015,February,135.0,,Children & Family Movies
s3449,Movie,Rising Journey,Not Given,"Actor 478, Actor 848",Canada,2012-01-04,2010,TV-14,115 min,"Romantic Movies, Crime TV Shows",A gripping story that unfolds over time.,2012,January,115.0,,Romantic Movies
s3450,Movie,Endless City,Director 92,"Actor 231, Actor 537",India,2019-09-11,2016,TV-Y7,153 min,"Crime TV Shows, Comedies",A gripping story that unfolds over time.,2019,September,153.0,,Crime TV Shows
s3451,TV Show,Lost Horizon,Director 135,"Actor 864, Actor 903",South Korea,2026-06-10,2025,PG-13,6 Season,Kids' TV,A gripping story that unfolds over time.,2026,June,,6.0,Kids' TV
s3452,TV Show,Final Signal,Not Given,"Actor 328, Actor 878",United States,2014-10-04,2012,R,6 Seasons,International Movies,A gripping story that unfolds over time.,2014,October,,6.0,International Movies
s3453,TV Show,Golden Kingdom,Director 295,"Actor 16, Actor 474",United States,2011-10-12,2011,TV-Y7,6 Seasons,"Thrillers, Action & Adventure",A gripping story that unfolds over time.,2011,October,,6.0,Thrillers
s3454,Movie,Endless Shadows,Director 404,"Actor 819, Actor 603",Spain,2021-05-21,2018,PG,142 min,Reality TV,A gripping story that unfolds over time.,2021,May,142.0,,Reality TV
s3455,TV Show,Dark Kingdom,Director 52,"Actor 178, Actor 781",United States,2017-08-01,2016,TV-14,5 Seasons,Comedies,A gripping story that unfolds over time.,2017,August,,5.0,Comedies
s3456,Movie,Secret Chronicles,Director 283,"Actor 935, Actor 941",France,2026-01-27,2024,TV-PG,103 min,"International Movies, Action & Adventure",A gripping story that unfolds over time.,2026,January,103.0,,International Movies
s3457,Movie,Hidden Legacy,Director 16,"Actor 50, Actor 794",United States,2012-05-10,2010,TV-G,122 min,"Kids' TV, Comedies",A gripping story that unfolds over time.,2012,May,122.0,,Kids' TV
s3458,Movie,Last Signal,Director 444,"Actor 536, Actor 743",Italy,2014-03-04,2012,PG,138 min,Comedies,A gripping story that unfolds over time.,2014,March,138.0,,Comedies
s3459,Movie,Wild Journey,Director 407,"Actor 393, Actor 453",Nigeria,2004-08-23,2003,TV-14,111 min,"Anime Series, Kids' TV",A gripping story that unfolds over time.,2004,August,111.0,,Anime Series
s3460,Movie,Golden Horizon,Director 50,"Actor 796, Actor 270",Turkey,2015-03-20,2013,TV-MA,108 min,Crime TV Shows,A gripping story that unfolds over time.,2015,March,108.0,,Crime TV Shows
s3461,Movie,Secret Horizon,Not Given,"Actor 668, Actor 629",South Korea,2024-11-07,2024,TV-Y7,94 min,Documentaries,A gripping story that unfolds over time.,2024,November,94.0,,Documentaries
s3462,TV Show,Wild Horizon,Director 463,"Actor 540, Actor 12",Turkey,2005-09-03,2004,TV-MA,6 Seasons,"Dramas, Sci-Fi & Fantasy",A gripping story that unfolds over time.,2005,September,,6.0,Dramas
s3463,Movie,Lost Storm,Director 147,"Actor 561, Actor 67",France,2006-04-04,2006,R,161 min,"Thrillers, Reality TV",A gripping story that unfolds over time.,2006,April,161.0,,Thrillers
s3464,TV Show,Hidden Signal,Not Given,"Actor 108, Actor 833",Brazil,2024-11-20,2024,TV-MA,3 Seasons,Action & Adventure,A gripping story that unfolds over time.,2024,November,,3.0,Action & Adventure
s3465,Movie,Secret Legacy,Director 450,"Actor 736, Actor 302",India,2007-07-06,2007,R,109 min,"Romantic Movies, Comedies",A gripping story that unfolds over time.,2007,July,109.0,,Romantic Movies
s3466,Movie,Forgotten Kingdom,Director 265,"Actor 492, Actor 609",United States,2010-03-22,2007,TV-G,145 min,Reality TV,A gripping story that unfolds over time.,2010,March,145.0,,Reality TV
s3467,Movie,Dark Empire,Not Given,"Actor 473, Actor 470",United States,2014-10-11,2014,TV-G,111 min,Anime Series,A gripping story that unfolds over time.,2014,October,111.0,,Anime Series
s3468,Movie,Rising Signal,Director 199,"Actor 455, Actor 931",United States,2010-12-27,2009,PG,106 min,"Horror Movies, Reality TV",A gripping story that unfolds over time.,2010,December,106.0,,Horror Movies
s3469,Movie,Endless Journey,Not Given,"Actor 219, Actor 319",United States,2015-03-18,2013,TV-14,87 min,Dramas,A gripping story that unfolds over time.,2015,March,87.0,,Dramas
s3470,Movie,Secret Shadows,Not Given,"Actor 491, Actor 726",Mexico,2001-11-10,2001,R,76 min,Horror Movies,A gripping story that unfolds over time.,2001,November,76.0,,Horror Movies
s3471,TV Show,Golden Kingdom,Director 194,"Actor 802, Actor 748",Germany,2025-07-22,2022,PG,1 Seasons,Comedies,A gripping story that unfolds over time.,2025,July,,1.0,Comedies
s3472,Movie,Rising Storm,Not Given,"Actor 589, Actor 504",Italy,2008-05-21,2007,TV-Y7,70 min,"Reality TV, Thrillers",A gripping story that unfolds over time.,2008,May,70.0,,Reality TV
s3473,Movie,Dark Kingdom,Director 255,"Actor 409, Actor 414",France,2003-06-04,2002,R,122 min,"Reality TV, Anime Series",A gripping story that unfolds over time.,2003,June,122.0,,Reality TV
s3474,Movie,Rising City,Director 312,"Actor 295, Actor 935",United States,2022-02-06,2021,PG-13,70 min,"Action & Adventure, Dramas",A gripping story that unfolds over time.,2022,February,70.0,,Action & Adventure
s3475,Movie,Hidden City,Director 336,"Actor 794, Actor 97",Australia,2011-11-15,2010,TV-PG,118 min,"Crime TV Shows, Kids' TV",A gripping story that unfolds over time.,2011,November,118.0,,Crime TV Shows
s3476,Movie,Final Heist,Director 46,"Actor 978, Actor 513",India,2012-08-25,2009,TV-14,76 min,"Thrillers, Romantic Movies",A gripping story that unfolds over time.,2012,August,76.0,,Thrillers
s3477,TV Show,Forgotten Signal,Not Given,"Actor 982, Actor 11",United States,2001-03-06,2001,TV-MA,7 Seasons,Thrillers,A gripping story that unfolds over time.,2001,March,,7.0,Thrillers
s3478,TV Show,Golden Dreams,Director 292,"Actor 832, Actor 555",South Korea,2020-07-08,2020,PG,3 Seasons,Sci-Fi & Fantasy,A gripping story that unfolds over time.,2020,July,,3.0,Sci-Fi & Fantasy
s3479,Movie,Silent Shadows,Director 417,"Actor 578, Actor 385",United Kingdom,2005-09-01,2002,TV-PG,125 min,Sci-Fi & Fantasy,A gripping story that unfolds over time.,2005,September,125.0,,Sci-Fi & Fantasy
s3480,Movie,Dark Shadows,Director 2,"Actor 716, Actor 184",United States,2022-08-22,2022,PG,124 min,"Documentaries, Children & Family Movies",A gripping story that unfolds over time.,2022,August,124.0,,Documentaries
s3481,Movie,Lost Signal,Director 156,"Actor 951, Actor 796",Australia,2010-08-23,2010,TV-PG,81 min,Dramas,A gripping story that unfolds over time.,2010,August,81.0,,Dramas
s3482,Movie,Wild Journey,Director 449,"Actor 264, Actor 472",Germany,2016-10-02,2014,TV-14,142 min,"Thrillers, Documentaries",A gripping story that unfolds over time.,2016,October,142.0,,Thrillers
s3483,Movie,Endless Dreams,Not Given,"Actor 500, Actor 56",Canada,2001-07-07,2001,TV-G,84 min,"Action & Adventure, Stand-Up Comedy",A gripping story that unfolds over time.,2001,July,84.0,,Action & Adventure
s3484,Movie,Final Kingdom,Director 357,"Actor 553, Actor 831",United States,2000-06-14,2000,PG-13,147 min,"Horror Movies, Documentaries",A gripping story that unfolds over time.,2000,June,147.0,,Horror Movies
s3485,TV Show,Endless Storm,Director 226,"Actor 263, Actor 569",Mexico,2005-04-13,2003,TV-Y7,6 Season,"Reality TV, Crime TV Shows",A gripping story that unfolds over time.,2005,April,,6.0,Reality TV
s3486,TV Show,Silent City,Not Given,"Actor 779, Actor 338",Brazil,2003-03-24,2003,TV-Y7,6 Seasons,Anime Series,A gripping story that unfolds over time.,2003,March,,6.0,Anime Series
s3487,Movie,Broken Heist,Director 85,"Actor 636, Actor 427",Germany,2015-02-10,2013,TV-G,148 min,"Reality TV, Kids' TV",A gripping story that unfolds over time.,2015,February,148.0,,Reality TV
s3488,Movie,Silent Dreams,Director 281,"Actor 855, Actor 254",India,2011-01-12,2011,TV-Y7,120 min,"Kids' TV, Thrillers",A gripping story that unfolds over time.,2011,January,120.0,,Kids' TV
s3489,Movie,Wild City,Director 404,"Actor 349, Actor 32",United Kingdom,2025-09-01,2024,PG,70 min,"Reality TV, Anime Series",A gripping story that unfolds over time.,2025,September,70.0,,Reality TV
s3490,Movie,Last Heist,Director 386,"Actor 755, Actor 412",United States,2018-04-22,2016,PG,136 min,Action & Adventure,A gripping story that unfolds over time.,2018,April,136.0,,Action & Adventure
s3491,Movie,Hidden Shadows,Director 207,"Actor 662, Actor 793",Italy,2025-04-24,2025,TV-14,104 min,"Kids' TV, Crime TV Shows",A gripping story that unfolds over time.,2025,April,104.0,,Kids' TV
s3492,Movie,Hidden City,Director 239,"Actor 11, Actor 841",United States,2018-04-27,2018,PG-13,111 min,"Crime TV Shows, Comedies",A gripping story that unfolds over time.,2018,April,111.0,,Crime TV Shows
s3493,Movie,Forgotten City,Director 66,"Actor 200, Actor 33",United States,2007-10-13,2005,TV-G,88 min,"Stand-Up Comedy, Action & Adventure",A gripping story that unfolds over time.,2007,October,88.0,,Stand-Up Comedy
s3494,Movie,Final Empire,Director 235,"Actor 911, Actor 881",India,2016-04-03,2015,PG,110 min,"Crime TV Shows, Romantic Movies",A gripping story that unfolds over time.,2016,April,110.0,,Crime TV Shows
s3495,Movie,Wild Journey,Not Given,"Actor 274, Actor 368",United States,2019-12-05,2018,TV-PG,90 min,"Documentaries, Children & Family Movies",A gripping story that unfolds over time.,2019,December,90.0,,Documentaries
s3496,Movie,Endless Empire,Director 202,"Actor 374, Actor 674",United Kingdom,2016-10-05,2014,TV-14,94 min,"Documentaries, Horror Movies",A gripping story that unfolds over time.,2016,October,94.0,,Documentaries
s3497,TV Show,Endless Legacy,Director 351,"Actor 882, Actor 252",France,2002-11-18,2001,TV-Y7,8 Seasons,"Crime TV Shows, Stand-Up Comedy",A gripping story that unfolds over time.,2002,November,,8.0,Crime TV Shows
s3498,TV Show,Silent Journey,Director 243,"Actor 330, Actor 332",United States,2007-02-22,2007,TV-Y7,7 Season,"Kids' TV, Documentaries",A gripping story that unfolds over time.,2007,February,,7.0,Kids' TV
s3499,Movie,Hidden Chronicles,Not Given,"Actor 80, Actor 423",Germany,2025-03-01,2022,TV-PG,101 min,"Stand-Up Comedy, Reality TV",A gripping story that unfolds over time.,2025,March,101.0,,Stand-Up Comedy
s3500,Movie,Forgotten Storm,Director 436,"Actor 37, Actor 637",Brazil,2017-10-03,2015,TV-MA,115 min,International Movies,A gripping story that unfolds over time.,2017,October,115.0,,International Movies
s3501,Movie,Final Kingdom,Not Given,"Actor 407, Actor 317",Japan,2017-10-17,2015,TV-MA,149 min,"Reality TV, Stand-Up Comedy",A gripping story that unfolds over time.,2017,October,149.0,,Reality TV
s3502,Movie,Last Chronicles,Director 313,"Actor 420, Actor 25",Spain,2013-11-16,2013,PG,130 min,Kids' TV,A gripping story that unfolds over time.,2013,November,130.0,,Kids' TV
s3503,Movie,Silent Chronicles,Director 128,"Actor 925, Actor 797",Spain,2018-09-16,2017,TV-14,152 min,Anime Series,A gripping story that unfolds over time.,2018,September,152.0,,Anime Series
s3504,Movie,Secret Dreams,Director 79,"Actor 286, Actor 389",United States,2016-10-05,2013,PG,87 min,"Reality TV, Anime Series",A gripping story that unfolds over time.,2016,October,87.0,,Reality TV
s3505,TV Show,Secret Legacy,Director 419,"Actor 598, Actor 151",France,2021-03-13,2018,TV-PG,5 Seasons,Stand-Up Comedy,A gripping story that unfolds over time.,2021,March,,5.0,Stand-Up Comedy
s3506,Movie,Lost Shadows,Director 358,"Actor 694, Actor 766",Japan,2019-05-24,2017,PG-13,141 min,"Action & Adventure, Kids' TV",A gripping story that unfolds over time.,2019,May,141.0,,Action & Adventure
s3507,Movie,Broken Storm,Not Given,"Actor 843, Actor 786",India,2014-02-07,2011,TV-MA,161 min,Thrillers,A gripping story that unfolds over time.,2014,February,161.0,,Thrillers
s3508,Movie,Wild Shadows,Not Given,"Actor 628, Actor 193",Nigeria,2002-01-05,2001,TV-PG,98 min,"Dramas, Comedies",A gripping story that unfolds over time.,2002,January,98.0,,Dramas
s3509,Movie,Hidden Kingdom,Director 469,"Actor 620, Actor 531",United States,2003-11-23,2002,PG-13,87 min,Dramas,A gripping story that unfolds over time.,2003,November,87.0,,Dramas
s3510,Movie,Golden Signal,Director 495,"Actor 570, Actor 582",United States,2015-01-05,2014,PG,115 min,"Comedies, Action & Adventure",A gripping story that unfolds over time.,2015,January,115.0,,Comedies
s3511,Movie,Silent Signal,Director 462,"Actor 563, Actor 732",Mexico,2024-12-03,2022,TV-G,133 min,Comedies,A gripping story that unfolds over time.,2024,December,133.0,,Comedies
s3512,Movie,Lost Empire,Director 20,"Actor 457, Actor 286",Germany,2011-11-13,2008,R,77 min,Children & Family Movies,A gripping story that unfolds over time.,2011,November,77.0,,Children & Family Movies
s3513,Movie,Hidden Dreams,Not Given,"Actor 87, Actor 337",United States,2015-08-23,2015,TV-PG,97 min,"Action & Adventure, Children & Family Movies",A gripping story that unfolds over time.,2015,August,97.0,,Action & Adventure
s3514,Movie,Dark Horizon,Not Given,"Actor 371, Actor 369",Spain,2018-07-06,2017,R,136 min,"Comedies, Thrillers",A gripping story that unfolds over time.,2018,July,136.0,,Comedies
s3515,TV Show,Secret Kingdom,Director 371,"Actor 544, Actor 631",India,2004-02-03,2004,TV-14,4 Seasons,"Reality TV, Documentaries",A gripping story that unfolds over time.,2004,February,,4.0,Reality TV
s3516,Movie,Lost Kingdom,Not Given,"Actor 817, Actor 945",United States,2002-12-07,2002,TV-PG,122 min,"Children & Family Movies, Kids' TV",A gripping story that unfolds over time.,2002,December,122.0,,Children & Family Movies
s3517,Movie,Wild Kingdom,Not Given,"Actor 854, Actor 572",India,2008-04-02,2008,R,90 min,"Sci-Fi & Fantasy, Romantic Movies",A gripping story that unfolds over time.,2008,April,90.0,,Sci-Fi & Fantasy
s3518,Movie,Secret Heist,Not Given,"Actor 437, Actor 614",United States,2021-11-27,2021,R,142 min,"Children & Family Movies, Stand-Up Comedy",A gripping story that unfolds over time.,2021,November,142.0,,Children & Family Movies
s3519,TV Show,Rising Heist,Director 222,"Actor 509, Actor 908",Canada,2008-01-10,2006,PG,2 Season,Thrillers,A gripping story that unfolds over time.,2008,January,,2.0,Thrillers
s3520,TV Show,Secret Dreams,Not Given,"Actor 216, Actor 12",Japan,2011-03-07,2008,TV-PG,3 Seasons,"Sci-Fi & Fantasy, Documentaries",A gripping story that unfolds over time.,2011,March,,3.0,Sci-Fi & Fantasy
s3521,TV Show,Secret Legacy,Not Given,"Actor 963, Actor 463",Nigeria,2005-12-04,2005,TV-G,4 Seasons,Kids' TV,A gripping story that unfolds over time.,2005,December,,4.0,Kids' TV
s3522,Movie,Lost Horizon,Not Given,"Actor 358, Actor 723",Italy,2025-06-01,2022,R,118 min,Comedies,A gripping story that unfolds over time.,2025,June,118.0,,Comedies
s3523,Movie,Lost Legacy,Director 371,"Actor 720, Actor 890",Spain,2011-06-25,2009,TV-G,158 min,Action & Adventure,A gripping story that unfolds over time.,2011,June,158.0,,Action & Adventure
s3524,Movie,Wild Heist,Director 345,"Actor 805, Actor 82",Canada,2016-02-04,2016,TV-PG,109 min,Anime Series,A gripping story that unfolds over time.,2016,February,109.0,,Anime Series
s3525,Movie,Hidden Signal,Director 56,"Actor 114, Actor 723",United States,2002-03-07,2002,PG,142 min,Dramas,A gripping story that unfolds over time.,2002,March,142.0,,Dramas
s3526,Movie,Broken Journey,Director 406,"Actor 349, Actor 810",Japan,2026-01-05,2023,TV-PG,73 min,Comedies,A gripping story that unfolds over time.,2026,January,73.0,,Comedies
s3527,Movie,Endless Shadows,Not Given,"Actor 822, Actor 824",India,2021-03-21,2019,PG,105 min,"Crime TV Shows, International Movies",A gripping story that unfolds over time.,2021,March,105.0,,Crime TV Shows
s3528,Movie,Hidden Dreams,Not Given,"Actor 535, Actor 702",Italy,2018-07-15,2018,PG,105 min,"Action & Adventure, Thrillers",A gripping story that unfolds over time.,2018,July,105.0,,Action & Adventure
s3529,Movie,Lost City,Not Given,"Actor 597, Actor 190",United States,2014-08-27,2011,PG,108 min,Romantic Movies,A gripping story that unfolds over time.,2014,August,108.0,,Romantic Movies
s3530,Movie,Wild Shadows,Not Given,"Actor 348, Actor 978",United Kingdom,2022-02-05,2019,R,82 min,Crime TV Shows,A gripping story that unfolds over time.,2022,February,82.0,,Crime TV Shows
s3531,TV Show,Dark Journey,Not Given,"Actor 141, Actor 67",Spain,2010-07-08,2009,PG,5 Seasons,Horror Movies,A gripping story that unfolds over time.,2010,July,,5.0,Horror Movies
s3532,Movie,Forgotten Chronicles,Director 239,"Actor 554, Actor 262",India,2026-12-14,2024,PG-13,71 min,Sci-Fi & Fantasy,A gripping story that unfolds over time.,2026,December,71.0,,Sci-Fi & Fantasy
s3533,TV Show,Golden Heist,Director 27,"Actor 699, Actor 321",Mexico,2022-06-14,2019,TV-MA,8 Seasons,Romantic Movies,A gripping story that unfolds over time.,2022,June,,8.0,Romantic Movies
s3534,Movie,Broken Shadows,Director 104,"Actor 840, Actor 936",United States,2025-02-24,2023,TV-MA,122 min,"Comedies, Children & Family Movies",A gripping story that unfolds over time.,2025,February,122.0,,Comedies
s3535,Movie,Endless Legacy,Not Given,"Actor 853, Actor 258",United Kingdom,2006-11-21,2004,PG-13,164 min,"Romantic Movies, Action & Adventure",A gripping story that unfolds over time.,2006,November,164.0,,Romantic Movies
s3536,Movie,Secret Shadows,Director 16,"Actor 437, Actor 838",Japan,2020-01-10,2020,TV-PG,140 min,"Horror Movies, Reality TV",A gripping story that unfolds over time.,2020,January,140.0,,Horror Movies
s3537,Movie,Golden Shadows,Director 181,"Actor 868, Actor 177",South Korea,2021-08-26,2018,TV-MA,78 min,"Anime Series, Sci-Fi & Fantasy",A gripping story that unfolds over time.,2021,August,78.0,,Anime Series
s3538,TV Show,Rising Storm,Director 372,"Actor 353, Actor 955",Germany,2022-07-25,2021,TV-Y7,6 Seasons,Anime Series,A gripping story that unfolds over time.,2022,July,,6.0,Anime Series
s3539,TV Show,Dark Kingdom,Director 250,"Actor 302, Actor 262",United States,2003-06-06,2001,TV-Y7,5 Seasons,Anime Series,A gripping story that unfolds over time.,2003,June,,5.0,Anime Series
s3540,Movie,Dark Legacy,Director 92,"Actor 27, Actor 919",United Kingdom,2010-04-19,2010,R,88 min,"Documentaries, Sci-Fi & Fantasy",A gripping story that unfolds over time.,2010,April,88.0,,Documentaries
s3541,Movie,Wild Kingdom,Director 185,"Actor 29, Actor 806",Brazil,2001-06-13,2001,TV-G,129 min,"Action & Adventure, Kids' TV",A gripping story that unfolds over time.,2001,June,129.0,,Action & Adventure
s3542,Movie,Rising Shadows,Not Given,"Actor 547, Actor 819",United States,2001-10-12,2000,PG,148 min,"Thrillers, Comedies",A gripping story that unfolds over time.,2001,October,148.0,,Thrillers
s3543,TV Show,Forgotten Shadows,Director 27,"Actor 737, Actor 991",Australia,2022-11-25,2022,TV-MA,8 Seasons,Dramas,A gripping story that unfolds over time.,2022,November,,8.0,Dramas
s3544,Movie,Broken Empire,Not Given,"Actor 461, Actor 184",Germany,2016-01-22,2015,TV-PG,159 min,"Reality TV, Stand-Up Comedy",A gripping story that unfolds over time.,2016,January,159.0,,Reality TV
s3545,Movie,Wild Signal,Director 142,"Actor 713, Actor 54",Spain,2020-06-10,2019,R,82 min,Sci-Fi & Fantasy,A gripping story that unfolds over time.,2020,June,82.0,,Sci-Fi & Fantasy
s3546,Movie,Rising Storm,Not Given,"Actor 625, Actor 268",Japan,2010-08-12,2010,TV-14,76 min,"Stand-Up Comedy, Reality TV",A gripping story that unfolds over time.,2010,August,76.0,,Stand-Up Comedy
s3547,Movie,Forgotten Signal,Director 366,"Actor 400, Actor 195",Nigeria,2013-02-22,2012,TV-14,158 min,"Dramas, Action & Adventure",A gripping story that unfolds over time.,2013,February,158.0,,Dramas
s3548,Movie,Lost Signal,Director 303,"Actor 933, Actor 985",United States,2021-01-22,2019,PG-13,86 min,"Thrillers, Crime TV Shows",A gripping story that unfolds over time.,2021,January,86.0,,Thrillers
s3549,TV Show,Lost Chronicles,Director 477,"Actor 908, Actor 933",United Kingdom,2002-06-19,2000,TV-MA,1 Seasons,Reality TV,A gripping story that unfolds over time.,2002,June,,1.0,Reality TV
s3550,TV Show,Forgotten Storm,Director 84,"Actor 357, Actor 123",United Kingdom,2002-03-01,2001,TV-MA,2 Seasons,Horror Movies,A gripping story that unfolds over time.,2002,March,,2.0,Horror Movies
s3551,Movie,Rising Dreams,Director 52,"Actor 82, Actor 324",Japan,2025-05-13,2023,PG,97 min,"Documentaries, Dramas",A gripping story that unfolds over time.,2025,May,97.0,,Documentaries
s3552,TV Show,Forgotten Storm,Director 30,"Actor 79, Actor 841",United States,2003-11-23,2000,TV-14,6 Seasons,Anime Series,A gripping story that unfolds over time.,2003,November,,6.0,Anime Series
s3553,Movie,Endless Empire,Not Given,"Actor 687, Actor 70",Australia,2004-07-13,2003,R,92 min,"Documentaries, Children & Family Movies",A gripping story that unfolds over time.,2004,July,92.0,,Documentaries
s3554,Movie,Dark Storm,Director 52,"Actor 751, Actor 506",Australia,2015-08-04,2012,PG,100 min,Dramas,A gripping story that unfolds over time.,2015,August,100.0,,Dramas
s3555,Movie,Broken Journey,Not Given,"Actor 583, Actor 465",United Kingdom,2026-12-13,2025,TV-Y7,94 min,Romantic Movies,A gripping story that unfolds over time.,2026,December,94.0,,Romantic Movies
s3556,Movie,Lost Kingdom,Not Given,"Actor 919, Actor 875",France,2004-02-19,2001,TV-MA,117 min,International Movies,A gripping story that unfolds over time.,2004,February,117.0,,International Movies
s3557,Movie,Rising Shadows,Director 193,"Actor 117, Actor 418",United States,2006-04-04,2005,TV-Y7,70 min,Sci-Fi & Fantasy,A gripping story that unfolds over time.,2006,April,70.0,,Sci-Fi & Fantasy
s3558,Movie,Final Empire,Not Given,"Actor 113, Actor 18",United Kingdom,2025-06-17,2025,PG,135 min,Sci-Fi & Fantasy,A gripping story that unfolds over time.,2025,June,135.0,,Sci-Fi & Fantasy
s3559,Movie,Secret Dreams,Not Given,"Actor 312, Actor 266",Brazil,2025-07-24,2023,TV-PG,141 min,Crime TV Shows,A gripping story that unfolds over time.,2025,July,141.0,,Crime TV Shows
s3560,Movie,Hidden Storm,Director 314,"Actor 327, Actor 350",United States,2026-10-27,2025,TV-G,98 min,"Children & Family Movies, Action & Adventure",A gripping story that unfolds over time.,2026,October,98.0,,Children & Family Movies
s3561,Movie,Last Heist,Director 6,"Actor 886, Actor 448",United Kingdom,2016-09-09,2016,R,116 min,Romantic Movies,A gripping story that unfolds over time.,2016,September,116.0,,Romantic Movies
s3562,Movie,Wild Shadows,Director 113,"Actor 475, Actor 286",South Korea,2025-03-02,2024,TV-MA,109 min,"Kids' TV, Thrillers",A gripping story that unfolds over time.,2025,March,109.0,,Kids' TV
s3563,Movie,Secret Heist,Director 301,"Actor 721, Actor 228",United Kingdom,2009-01-25,2007,TV-14,75 min,Kids' TV,A gripping story that unfolds over time.,2009,January,75.0,,Kids' TV
s3564,Movie,Golden Heist,Director 124,"Actor 121, Actor 596",South Korea,2007-05-17,2005,TV-14,87 min,Thrillers,A gripping story that unfolds over time.,2007,May,87.0,,Thrillers
s3565,TV Show,Silent Signal,Not Given,"Actor 108, Actor 218",United States,2025-04-12,2022,TV-PG,6 Season,Children & Family Movies,A gripping story that unfolds over time.,2025,April,,6.0,Children & Family Movies
s3566,Movie,Golden City,Director 49,"Actor 47, Actor 101",Nigeria,2005-05-27,2005,PG-13,139 min,Kids' TV,A gripping story that unfolds over time.,2005,May,139.0,,Kids' TV
s3567,TV Show,Secret Journey,Not Given,"Actor 910, Actor 687",South Korea,2005-04-07,2004,R,7 Seasons,"Documentaries, Sci-Fi & Fantasy",A gripping story that unfolds over time.,2005,April,,7.0,Documentaries
s3568,TV Show,Broken Heist,Not Given,"Actor 868, Actor 517",France,2001-04-21,2000,R,4 Seasons,International Movies,A gripping story that unfolds over time.,2001,April,,4.0,International Movies
s3569,Movie,Endless Signal,Director 171,"Actor 970, Actor 155",United States,2026-10-09,2024,R,164 min,Thrillers,A gripping story that unfolds over time.,2026,October,164.0,,Thrillers
s3570,Movie,Dark Storm,Director 315,"Actor 496, Actor 34",Spain,2012-09-14,2009,TV-G,116 min,Documentaries,A gripping story that unfolds over time.,2012,September,116.0,,Documentaries
s3571,Movie,Final Journey,Director 335,"Actor 440, Actor 796",United States,2020-02-02,2017,PG-13,110 min,Thrillers,A gripping story that unfolds over time.,2020,February,110.0,,Thrillers
s3572,Movie,Wild Empire,Director 189,"Actor 594, Actor 16",Spain,2013-12-27,2010,TV-Y7,97 min,Anime Series,A gripping story that unfolds over time.,2013,December,97.0,,Anime Series
s3573,TV Show,Secret Empire,Not Given,"Actor 119, Actor 110",France,2019-03-21,2017,PG,5 Seasons,Kids' TV,A gripping story that unfolds over time.,2019,March,,5.0,Kids' TV
s3574,Movie,Final Storm,Not Given,"Actor 125, Actor 569",Nigeria,2009-01-06,2007,TV-PG,95 min,Crime TV Shows,A gripping story that unfolds over time.,2009,January,95.0,,Crime TV Shows
s3575,TV Show,Endless Legacy,Director 326,"Actor 674, Actor 60",Brazil,2010-07-23,2009,R,1 Seasons,"Dramas, Crime TV Shows",A gripping story that unfolds over time.,2010,July,,1.0,Dramas
s3576,Movie,Endless Chronicles,Director 125,"Actor 180, Actor 937",Italy,2020-09-27,2020,R,157 min,"Kids' TV, International Movies",A gripping story that unfolds over time.,2020,September,157.0,,Kids' TV
s3577,TV Show,Hidden Empire,Director 466,"Actor 535, Actor 295",Spain,2020-07-27,2020,R,6 Seasons,Children & Family Movies,A gripping story that unfolds over time.,2020,July,,6.0,Children & Family Movies
s3578,Movie,Broken Empire,Director 230,"Actor 351, Actor 532",Canada,2025-07-07,2022,TV-PG,109 min,Documentaries,A gripping story that unfolds over time.,2025,July,109.0,,Documentaries
s3579,Movie,Endless Horizon,Director 46,"Actor 882, Actor 365",United States,2026-06-10,2024,PG-13,157 min,"Reality TV, Kids' TV",A gripping story that unfolds over time.,2026,June,157.0,,Reality TV
s3580,Movie,Lost Storm,Not Given,"Actor 854, Actor 383",Canada,2017-01-23,2016,TV-MA,107 min,"Stand-Up Comedy, Children & Family Movies",A gripping story that unfolds over time.,2017,January,107.0,,Stand-Up Comedy
s3581,Movie,Golden Dreams,Director 63,"Actor 114, Actor 373",United States,2026-12-23,2025,TV-G,158 min,Reality TV,A gripping story that unfolds over time.,2026,December,158.0,,Reality TV
s3582,Movie,Lost Storm,Not Given,"Actor 151, Actor 114",United States,2004-06-12,2004,TV-PG,91 min,Sci-Fi & Fantasy,A gripping story that unfolds over time.,2004,June,91.0,,Sci-Fi & Fantasy
s3583,Movie,Final City,Not Given,"Actor 23, Actor 296",Germany,2026-03-21,2023,TV-MA,111 min,"Horror Movies, Kids' TV",A gripping story that unfolds over time.,2026,March,111.0,,Horror Movies
s3584,Movie,Dark Signal,Not Given,"Actor 982, Actor 509",United States,2024-12-14,2023,TV-14,153 min,Thrillers,A gripping story that unfolds over time.,2024,December,153.0,,Thrillers
s3585,Movie,Endless City,Director 409,"Actor 234, Actor 362",Mexico,2017-04-22,2016,TV-PG,120 min,"Kids' TV, Action & Adventure",A gripping story that unfolds over time.,2017,April,120.0,,Kids' TV
s3586,TV Show,Wild Kingdom,Director 437,"Actor 556, Actor 239",India,2010-03-07,2009,TV-14,5 Seasons,Comedies,A gripping story that unfolds over time.,2010,March,,5.0,Comedies
s3587,Movie,Wild Heist,Director 182,"Actor 11, Actor 240",Mexico,2017-11-17,2017,R,82 min,Anime Series,A gripping story that unfolds over time.,2017,November,82.0,,Anime Series
s3588,Movie,Endless City,Director 309,"Actor 822, Actor 950",Germany,2004-05-01,2004,PG,133 min,Stand-Up Comedy,A gripping story that unfolds over time.,2004,May,133.0,,Stand-Up Comedy
s3589,TV Show,Last Chronicles,Director 26,"Actor 637, Actor 526",Nigeria,2000-07-25,2000,R,1 Seasons,"Dramas, Children & Family Movies",A gripping story that unfolds over time.,2000,July,,1.0,Dramas
s3590,Movie,Dark Heist,Director 303,"Actor 661, Actor 917",Turkey,2017-11-07,2015,PG,163 min,"Kids' TV, Thrillers",A gripping story that unfolds over time.,2017,November,163.0,,Kids' TV
s3591,Movie,Silent Storm,Director 447,"Actor 734, Actor 442",United States,2024-04-27,2023,TV-MA,105 min,"Reality TV, Documentaries",A gripping story that unfolds over time.,2024,April,105.0,,Reality TV
s3592,TV Show,Final Horizon,Director 444,"Actor 649, Actor 223",Spain,2003-05-05,2001,TV-PG,1 Seasons,"Action & Adventure, International Movies",A gripping story that unfolds over time.,2003,May,,1.0,Action & Adventure
s3593,TV Show,Hidden Kingdom,Director 37,"Actor 111, Actor 994",United States,2019-05-15,2017,PG,6 Seasons,"Reality TV, Comedies",A gripping story that unfolds over time.,2019,May,,6.0,Reality TV
s3594,TV Show,Lost Shadows,Not Given,"Actor 182, Actor 384",South Korea,2019-09-03,2018,TV-G,3 Seasons,Dramas,A gripping story that unfolds over time.,2019,September,,3.0,Dramas
s3595,Movie,Hidden Horizon,Director 235,"Actor 214, Actor 793",Japan,2004-02-23,2004,TV-Y7,148 min,"Documentaries, Sci-Fi & Fantasy",A gripping story that unfolds over time.,2004,February,148.0,,Documentaries
s3596,Movie,Dark Empire,Not Given,"Actor 926, Actor 460",Germany,2011-01-21,2009,TV-G,112 min,"Action & Adventure, Kids' TV",A gripping story that unfolds over time.,2011,January,112.0,,Action & Adventure
s3597,TV Show,Forgotten Dreams,Director 145,"Actor 218, Actor 464",United States,2006-02-10,2005,TV-PG,4 Season,Documentaries,A gripping story that unfolds over time.,2006,February,,4.0,Documentaries
s3598,Movie,Endless Dreams,Director 16,"Actor 176, Actor 152",Japan,2019-11-18,2018,PG-13,108 min,International Movies,A gripping story that unfolds over time.,2019,November,108.0,,International Movies
s3599,Movie,Hidden Horizon,Not Given,"Actor 113, Actor 35",France,2023-11-12,2023,TV-14,159 min,Horror Movies,A gripping story that unfolds over time.,2023,November,159.0,,Horror Movies
s3600,Movie,Dark Signal,Director 492,"Actor 846, Actor 523",United States,2023-11-04,2022,TV-MA,150 min,"Action & Adventure, Children & Family Movies",A gripping story that unfolds over time.,2023,November,150.0,,Action & Adventure
s3601,Movie,Lost Journey,Director 492,"Actor 646, Actor 808",United States,2021-04-25,2018,PG-13,96 min,"Crime TV Shows, Stand-Up Comedy",A gripping story that unfolds over time.,2021,April,96.0,,Crime TV Shows
s3602,TV Show,Golden Shadows,Not Given,"Actor 311, Actor 671",Australia,2010-06-23,2009,PG-13,6 Season,Anime Series,A gripping story that unfolds over time.,2010,June,,6.0,Anime Series
s3603,Movie,Dark Signal,Director 210,"Actor 984, Actor 707",Italy,2016-04-04,2014,R,91 min,Action & Adventure,A gripping story that unfolds over time.,2016,April,91.0,,Action & Adventure
s3604,TV Show,Rising Shadows,Director 174,"Actor 179, Actor 867",United States,2020-12-15,2020,PG,4 Seasons,"Comedies, Sci-Fi & Fantasy",A gripping story that unfolds over time.,2020,December,,4.0,Comedies
s3605,Movie,Silent Horizon,Director 141,"Actor 839, Actor 902",United States,2004-07-20,2004,PG-13,163 min,Crime TV Shows,A gripping story that unfolds over time.,2004,July,163.0,,Crime TV Shows
s3606,Movie,Last Legacy,Director 26,"Actor 612, Actor 719",Canada,2018-09-03,2015,PG-13,121 min,Kids' TV,A gripping story that unfolds over time.,2018,September,121.0,,Kids' TV
s3607,TV Show,Broken Signal,Not Given,"Actor 520, Actor 851",United States,2013-09-16,2010,TV-G,4 Seasons,Anime Series,A gripping story that unfolds over time.,2013,September,,4.0,Anime Series
s3608,TV Show,Broken Kingdom,Director 416,"Actor 417, Actor 826",United States,2015-02-07,2015,PG-13,8 Seasons,Stand-Up Comedy,A gripping story that unfolds over time.,2015,February,,8.0,Stand-Up Comedy
s3609,TV Show,Lost Heist,Not Given,"Actor 634, Actor 122",Spain,2021-09-12,2020,TV-14,8 Seasons,Kids' TV,A gripping story that unfolds over time.,2021,September,,8.0,Kids' TV
s3610,Movie,Endless Shadows,Not Given,"Actor 740, Actor 503",Australia,2025-11-07,2022,TV-14,110 min,Stand-Up Comedy,A gripping story that unfolds over time.,2025,November,110.0,,Stand-Up Comedy
s3611,Movie,Dark Empire,Not Given,"Actor 569, Actor 12",United States,2023-12-13,2023,TV-MA,114 min,Crime TV Shows,A gripping story that unfolds over time.,2023,December,114.0,,Crime TV Shows
s3612,TV Show,Rising City,Not Given,"Actor 746, Actor 249",United States,2018-05-17,2017,PG-13,1 Seasons,"Children & Family Movies, Dramas",A gripping story that unfolds over time.,2018,May,,1.0,Children & Family Movies
s3613,Movie,Silent Legacy,Director 31,"Actor 165, Actor 779",United Kingdom,2002-03-27,2001,PG,78 min,"Reality TV, Kids' TV",A gripping story that unfolds over time.,2002,March,78.0,,Reality TV
s3614,TV Show,Hidden Legacy,Director 108,"Actor 140, Actor 243",France,2004-03-21,2002,PG,4 Seasons,"Comedies, Dramas",A gripping story that unfolds over time.,2004,March,,4.0,Comedies
s3615,Movie,Silent City,Not Given,"Actor 919, Actor 552",India,2017-12-09,2014,TV-MA,120 min,Action & Adventure,A gripping story that unfolds over time.,2017,December,120.0,,Action & Adventure
s3616,Movie,Golden Empire,Director 236,"Actor 672, Actor 935",United States,2009-05-13,2008,R,75 min,Horror Movies,A gripping story that unfolds over time.,2009,May,75.0,,Horror Movies
s3617,Movie,Wild Heist,Director 241,"Actor 805, Actor 633",Japan,2019-10-03,2018,R,112 min,Crime TV Shows,A gripping story that unfolds over time.,2019,October,112.0,,Crime TV Shows
s3618,Movie,Secret City,Director 323,"Actor 82, Actor 632",South Korea,2025-04-24,2023,R,163 min,Crime TV Shows,A gripping story that unfolds over time.,2025,April,163.0,,Crime TV Shows
s3619,Movie,Last Empire,Not Given,"Actor 679, Actor 172",Canada,2025-03-15,2022,TV-PG,139 min,Documentaries,A gripping story that unfolds over time.,2025,March,139.0,,Documentaries
s3620,TV Show,Wild Horizon,Not Given,"Actor 696, Actor 110",Japan,2025-10-17,2024,PG-13,4 Seasons,"Sci-Fi & Fantasy, Dramas",A gripping story that unfolds over time.,2025,October,,4.0,Sci-Fi & Fantasy
s3621,Movie,Lost Signal,Director 371,"Actor 4, Actor 54",France,2005-12-16,2003,PG,77 min,"International Movies, Romantic Movies",A gripping story that unfolds over time.,2005,December,77.0,,International Movies
s3622,Movie,Last Journey,Director 188,"Actor 488, Actor 699",South Korea,2015-02-02,2015,R,126 min,Stand-Up Comedy,A gripping story that unfolds over time.,2015,February,126.0,,Stand-Up Comedy
s3623,Movie,Dark Signal,Director 386,"Actor 250, Actor 503",India,2011-10-20,2011,PG,74 min,"Documentaries, Sci-Fi & Fantasy",A gripping story that unfolds over time.,2011,October,74.0,,Documentaries
s3624,Movie,Forgotten City,Director 19,"Actor 30, Actor 313",South Korea,2014-05-16,2013,TV-14,119 min,"Stand-Up Comedy, Horror Movies",A gripping story that unfolds over time.,2014,May,119.0,,Stand-Up Comedy
s3625,Movie,Wild Signal,Director 281,"Actor 347, Actor 941",United Kingdom,2025-11-02,2025,PG,96 min,Documentaries,A gripping story that unfolds over time.,2025,November,96.0,,Documentaries
s3626,Movie,Wild Storm,Not Given,"Actor 402, Actor 781",Germany,2015-08-19,2015,R,169 min,Comedies,A gripping story that unfolds over time.,2015,August,169.0,,Comedies
s3627,Movie,Rising Horizon,Not Given,"Actor 113, Actor 115",Canada,2019-04-03,2018,TV-Y7,133 min,Dramas,A gripping story that unfolds over time.,2019,April,133.0,,Dramas
s3628,TV Show,Dark Chronicles,Director 186,"Actor 256, Actor 86",Japan,2005-01-22,2005,TV-14,7 Season,"International Movies, Action & Adventure",A gripping story that unfolds over time.,2005,January,,7.0,International Movies
s3629,Movie,Endless Kingdom,Director 364,"Actor 627, Actor 443",United States,2009-08-15,2006,R,101 min,Action & Adventure,A gripping story that unfolds over time.,2009,August,101.0,,Action & Adventure
s3630,Movie,Last Shadows,Not Given,"Actor 178, Actor 959",India,2022-10-07,2020,R,130 min,"Horror Movies, Action & Adventure",A gripping story that unfolds over time.,2022,October,130.0,,Horror Movies
s3631,TV Show,Secret Heist,Director 208,"Actor 260, Actor 608",United States,2021-02-01,2019,TV-14,7 Seasons,Comedies,A gripping story that unfolds over time.,2021,February,,7.0,Comedies
s3632,TV Show,Golden Shadows,Director 203,"Actor 341, Actor 37",Canada,2009-08-04,2007,PG-13,6 Seasons,"Documentaries, Romantic Movies",A gripping story that unfolds over time.,2009,August,,6.0,Documentaries
s3633,TV Show,Silent Signal,Not Given,"Actor 989, Actor 817",Spain,2001-11-15,2000,TV-14,8 Season,Dramas,A gripping story that unfolds over time.,2001,November,,8.0,Dramas
s3634,Movie,Golden Kingdom,Director 444,"Actor 621, Actor 896",Mexico,2008-12-05,2006,R,143 min,International Movies,A gripping story that unfolds over time.,2008,December,143.0,,International Movies
s3635,Movie,Hidden Dreams,Director 195,"Actor 710, Actor 855",Canada,2005-05-03,2002,TV-MA,142 min,"Children & Family Movies, Action & Adventure",A gripping story that unfolds over time.,2005,May,142.0,,Children & Family Movies
s3636,TV Show,Lost Empire,Not Given,"Actor 654, Actor 616",Australia,2014-03-11,2012,PG-13,1 Seasons,"International Movies, Thrillers",A gripping story that unfolds over time.,2014,March,,1.0,International Movies
s3637,Movie,Rising Kingdom,Director 160,"Actor 483, Actor 341",India,2014-04-20,2013,R,159 min,Stand-Up Comedy,A gripping story that unfolds over time.,2014,April,159.0,,Stand-Up Comedy
s3638,Movie,Last Shadows,Not Given,"Actor 549, Actor 711",India,2009-08-06,2006,TV-14,85 min,"International Movies, Sci-Fi & Fantasy",A gripping story that unfolds over time.,2009,August,85.0,,International Movies
s3639,Movie,Silent Heist,Director 318,"Actor 572, Actor 627",United Kingdom,2010-10-09,2010,PG-13,99 min,"Anime Series, Kids' TV",A gripping story that unfolds over time.,2010,October,99.0,,Anime Series
s3640,TV Show,Silent Chronicles,Director 473,"Actor 951, Actor 146",United States,2019-12-19,2017,TV-14,3 Seasons,"Children & Family Movies, Anime Series",A gripping story that unfolds over time.,2019,December,,3.0,Children & Family Movies
s3641,Movie,Broken Shadows,Director 365,"Actor 532, Actor 802",United Kingdom,2024-08-09,2023,TV-G,148 min,Horror Movies,A gripping story that unfolds over time.,2024,August,148.0,,Horror Movies
s3642,Movie,Secret Signal,Director 328,"Actor 311, Actor 908",Germany,2012-08-02,2012,TV-14,98 min,"Reality TV, Romantic Movies",A gripping story that unfolds over time.,2012,August,98.0,,Reality TV
s3643,Movie,Forgotten Horizon,Director 461,"Actor 229, Actor 545",Australia,2010-11-18,2010,R,81 min,Reality TV,A gripping story that unfolds over time.,2010,November,81.0,,Reality TV
s3644,TV Show,Dark Dreams,Director 115,"Actor 979, Actor 572",Italy,2015-07-05,2015,R,8 Seasons,Crime TV Shows,A gripping story that unfolds over time.,2015,July,,8.0,Crime TV Shows
s3645,Movie,Dark Storm,Director 408,"Actor 902, Actor 379",United States,2026-12-13,2024,TV-14,152 min,Reality TV,A gripping story that unfolds over time.,2026,December,152.0,,Reality TV
s3646,Movie,Forgotten Heist,Director 375,"Actor 601, Actor 195",United Kingdom,2008-08-20,2006,PG-13,119 min,"Reality TV, Horror Movies",A gripping story that unfolds over time.,2008,August,119.0,,Reality TV
s3647,TV Show,Wild Signal,Director 476,"Actor 784, Actor 24",United States,2021-12-22,2018,TV-Y7,6 Seasons,"Romantic Movies, Children & Family Movies",A gripping story that unfolds over time.,2021,December,,6.0,Romantic Movies
s3648,Movie,Final Legacy,Director 58,"Actor 217, Actor 9",Nigeria,2025-04-17,2024,TV-Y7,119 min,"Children & Family Movies, Documentaries",A gripping story that unfolds over time.,2025,April,119.0,,Children & Family Movies
s3649,Movie,Broken Journey,Not Given,"Actor 422, Actor 389",Japan,2009-11-05,2009,TV-G,82 min,International Movies,A gripping story that unfolds over time.,2009,November,82.0,,International Movies
s3650,Movie,Silent Legacy,Not Given,"Actor 258, Actor 101",Mexico,2022-11-03,2021,R,156 min,Comedies,A gripping story that unfolds over time.,2022,November,156.0,,Comedies
s3651,Movie,Secret Horizon,Director 79,"Actor 751, Actor 117",United States,2025-08-22,2022,TV-Y7,163 min,Reality TV,A gripping story that unfolds over time.,2025,August,163.0,,Reality TV
s3652,TV Show,Secret Kingdom,Director 428,"Actor 152, Actor 54",United Kingdom,2021-02-08,2019,TV-MA,4 Seasons,"Horror Movies, Reality TV",A gripping story that unfolds over time.,2021,February,,4.0,Horror Movies
s3653,TV Show,Endless Legacy,Director 477,"Actor 464, Actor 40",Canada,2013-09-06,2011,TV-PG,4 Seasons,"Documentaries, Thrillers",A gripping story that unfolds over time.,2013,September,,4.0,Documentaries
s3654,Movie,Forgotten Shadows,Director 199,"Actor 359, Actor 743",United States,2024-02-02,2024,TV-PG,130 min,Documentaries,A gripping story that unfolds over time.,2024,February,130.0,,Documentaries
s3655,Movie,Lost Shadows,Not Given,"Actor 880, Actor 717",Mexico,2019-02-14,2017,R,89 min,Thrillers,A gripping story that unfolds over time.,2019,February,89.0,,Thrillers
s3656,TV Show,Forgotten Legacy,Director 109,"Actor 717, Actor 96",South Korea,2002-10-19,2001,TV-MA,8 Season,Sci-Fi & Fantasy,A gripping story that unfolds over time.,2002,October,,8.0,Sci-Fi & Fantasy
s3657,Movie,Endless Empire,Not Given,"Actor 458, Actor 731",United States,2022-01-08,2020,TV-Y7,162 min,"Comedies, Documentaries",A gripping story that unfolds over time.,2022,January,162.0,,Comedies
s3658,TV Show,Dark Signal,Director 33,"Actor 838, Actor 478",India,2009-03-06,2008,TV-MA,6 Seasons,Anime Series,A gripping story that unfolds over time.,2009,March,,6.0,Anime Series
s3659,TV Show,Rising Dreams,Not Given,"Actor 491, Actor 39",Australia,2026-09-20,2024,TV-Y7,1 Season,"Documentaries, Reality TV",A gripping story that unfolds over time.,2026,September,,1.0,Documentaries
s3660,Movie,Golden Dreams,Director 275,"Actor 225, Actor 58",Canada,2026-06-27,2023,TV-MA,96 min,International Movies,A gripping story that unfolds over time.,2026,June,96.0,,International Movies
s3661,Movie,Secret City,Director 50,"Actor 783, Actor 788",United States,2008-02-12,2006,TV-G,115 min,Anime Series,A gripping story that unfolds over time.,2008,February,115.0,,Anime Series
s3662,Movie,Hidden Empire,Director 111,"Actor 591, Actor 682",United States,2003-09-03,2000,TV-MA,94 min,"Dramas, Stand-Up Comedy",A gripping story that unfolds over time.,2003,September,94.0,,Dramas
s3663,Movie,Final Heist,Director 413,"Actor 608, Actor 127",Australia,2026-07-23,2023,PG,97 min,"Anime Series, Reality TV",A gripping story that unfolds over time.,2026,July,97.0,,Anime Series
s3664,Movie,Dark Heist,Not Given,"Actor 952, Actor 977",United States,2012-11-08,2010,TV-Y7,74 min,Documentaries,A gripping story that unfolds over time.,2012,November,74.0,,Documentaries
s3665,Movie,Final Storm,Director 205,"Actor 134, Actor 465",India,2021-10-02,2019,TV-PG,112 min,Crime TV Shows,A gripping story that unfolds over time.,2021,October,112.0,,Crime TV Shows
s3666,Movie,Broken City,Director 154,"Actor 960, Actor 504",Australia,2026-07-09,2025,R,136 min,Kids' TV,A gripping story that unfolds over time.,2026,July,136.0,,Kids' TV
s3667,Movie,Lost Kingdom,Director 123,"Actor 542, Actor 519",Australia,2016-09-08,2014,TV-G,140 min,International Movies,A gripping story that unfolds over time.,2016,September,140.0,,International Movies
s3668,Movie,Endless Chronicles,Not Given,"Actor 561, Actor 535",Canada,2006-07-21,2003,TV-PG,130 min,"Documentaries, Children & Family Movies",A gripping story that unfolds over time.,2006,July,130.0,,Documentaries
s3669,Movie,Broken Legacy,Not Given,"Actor 914, Actor 116",Australia,2004-10-11,2004,TV-PG,146 min,"Romantic Movies, Anime Series",A gripping story that unfolds over time.,2004,October,146.0,,Romantic Movies
s3670,TV Show,Endless Shadows,Director 450,"Actor 365, Actor 877",Australia,2002-07-14,2000,TV-Y7,2 Season,"Horror Movies, Children & Family Movies",A gripping story that unfolds over time.,2002,July,,2.0,Horror Movies
s3671,TV Show,Silent Journey,Director 266,"Actor 611, Actor 833",Canada,2020-04-07,2020,TV-G,2 Season,"Comedies, Crime TV Shows",A gripping story that unfolds over time.,2020,April,,2.0,Comedies
s3672,Movie,Golden Legacy,Not Given,"Actor 930, Actor 367",United States,2025-10-08,2025,PG-13,157 min,"Anime Series, Kids' TV",A gripping story that unfolds over time.,2025,October,157.0,,Anime Series
s3673,Movie,Lost Dreams,Not Given,"Actor 702, Actor 993",India,2002-08-20,2001,TV-G,148 min,"Dramas, Children & Family Movies",A gripping story that unfolds over time.,2002,August,148.0,,Dramas
s3674,Movie,Forgotten Heist,Not Given,"Actor 483, Actor 666",Spain,2018-12-06,2016,R,95 min,"Action & Adventure, Sci-Fi & Fantasy",A gripping story that unfolds over time.,2018,December,95.0,,Action & Adventure
s3675,TV Show,Golden Kingdom,Director 359,"Actor 244, Actor 692",United States,2013-02-02,2012,TV-Y7,2 Seasons,"International Movies, Sci-Fi & Fantasy",A gripping story that unfolds over time.,2013,February,,2.0,International Movies
s3676,Movie,Golden Storm,Director 135,"Actor 110, Actor 198",Germany,2016-04-09,2015,TV-G,117 min,Children & Family Movies,A gripping story that unfolds over time.,2016,April,117.0,,Children & Family Movies
s3677,Movie,Final Shadows,Director 13,"Actor 44, Actor 748",France,2016-03-01,2016,PG-13,148 min,"Kids' TV, Reality TV",A gripping story that unfolds over time.,2016,March,148.0,,Kids' TV
s3678,Movie,Rising Signal,Director 11,"Actor 284, Actor 744",Germany,2025-03-20,2022,TV-G,152 min,"Reality TV, Children & Family Movies",A gripping story that unfolds over time.,2025,March,152.0,,Reality TV
s3679,Movie,Lost Chronicles,Director 210,"Actor 436, Actor 538",Spain,2014-08-19,2013,R,120 min,Thrillers,A gripping story that unfolds over time.,2014,August,120.0,,Thrillers
s3680,Movie,Wild Empire,Director 225,"Actor 47, Actor 499",Mexico,2019-10-08,2019,PG,126 min,Comedies,A gripping story that unfolds over time.,2019,October,126.0,,Comedies
s3681,TV Show,Secret Journey,Director 424,"Actor 829, Actor 51",Canada,2019-08-09,2016,TV-PG,6 Seasons,International Movies,A gripping story that unfolds over time.,2019,August,,6.0,International Movies
s3682,Movie,Hidden Legacy,Director 280,"Actor 7, Actor 540",United States,2026-12-22,2025,R,98 min,"Action & Adventure, Anime Series",A gripping story that unfolds over time.,2026,December,98.0,,Action & Adventure
s3683,Movie,Secret Horizon,Director 326,"Actor 723, Actor 760",United States,2001-10-14,2000,TV-PG,117 min,"Action & Adventure, Romantic Movies",A gripping story that unfolds over time.,2001,October,117.0,,Action & Adventure
s3684,TV Show,Final Heist,Director 151,"Actor 434, Actor 174",United States,2026-05-09,2025,PG,7 Seasons,"Anime Series, Romantic Movies",A gripping story that unfolds over time.,2026,May,,7.0,Anime Series
s3685,Movie,Secret Storm,Director 178,"Actor 598, Actor 508",Germany,2025-08-17,2022,PG-13,111 min,"Kids' TV, International Movies",A gripping story that unfolds over time.,2025,August,111.0,,Kids' TV
s3686,TV Show,Forgotten Heist,Director 29,"Actor 712, Actor 843",Australia,2016-01-24,2014,TV-G,3 Seasons,Comedies,A gripping story that unfolds over time.,2016,January,,3.0,Comedies
s3687,TV Show,Secret City,Director 206,"Actor 716, Actor 29",Mexico,2025-09-16,2024,PG-13,6 Season,Documentaries,A gripping story that unfolds over time.,2025,September,,6.0,Documentaries
s3688,Movie,Rising Dreams,Director 67,"Actor 100, Actor 477",Australia,2022-08-13,2022,PG-13,103 min,"Children & Family Movies, Horror Movies",A gripping story that unfolds over time.,2022,August,103.0,,Children & Family Movies
s3689,Movie,Secret Kingdom,Director 58,"Actor 309, Actor 921",Germany,2018-07-13,2015,R,84 min,Crime TV Shows,A gripping story that unfolds over time.,2018,July,84.0,,Crime TV Shows
s3690,Movie,Dark Empire,Director 146,"Actor 267, Actor 222",Mexico,2004-03-23,2004,TV-G,94 min,"Thrillers, International Movies",A gripping story that unfolds over time.,2004,March,94.0,,Thrillers
s3691,Movie,Wild Journey,Director 199,"Actor 163, Actor 292",United States,2005-09-14,2004,TV-MA,70 min,International Movies,A gripping story that unfolds over time.,2005,September,70.0,,International Movies
s3692,TV Show,Final Journey,Not Given,"Actor 342, Actor 983",Canada,2016-06-08,2014,R,3 Seasons,Action & Adventure,A gripping story that unfolds over time.,2016,June,,3.0,Action & Adventure
s3693,Movie,Hidden Legacy,Director 135,"Actor 315, Actor 728",Mexico,2026-02-24,2025,TV-14,102 min,Romantic Movies,A gripping story that unfolds over time.,2026,February,102.0,,Romantic Movies
s3694,TV Show,Final Empire,Director 351,"Actor 111, Actor 604",United States,2008-09-03,2008,PG,8 Seasons,International Movies,A gripping story that unfolds over time.,2008,September,,8.0,International Movies
s3695,Movie,Dark Heist,Director 448,"Actor 935, Actor 263",United States,2017-07-25,2017,TV-MA,91 min,"Reality TV, Comedies",A gripping story that unfolds over time.,2017,July,91.0,,Reality TV
s3696,TV Show,Silent Storm,Director 343,"Actor 769, Actor 499",India,2021-06-12,2019,TV-Y7,8 Seasons,"Reality TV, Dramas",A gripping story that unfolds over time.,2021,June,,8.0,Reality TV
s3697,Movie,Forgotten Empire,Director 458,"Actor 990, Actor 735",Nigeria,2012-09-24,2012,PG-13,104 min,"Sci-Fi & Fantasy, Reality TV",A gripping story that unfolds over time.,2012,September,104.0,,Sci-Fi & Fantasy
s3698,Movie,Lost Heist,Director 397,"Actor 504, Actor 176",India,2001-12-06,2001,R,86 min,"Sci-Fi & Fantasy, Kids' TV",A gripping story that unfolds over time.,2001,December,86.0,,Sci-Fi & Fantasy
s3699,Movie,Final Kingdom,Not Given,"Actor 423, Actor 190",India,2023-01-09,2021,TV-MA,88 min,Sci-Fi & Fantasy,A gripping story that unfolds over time.,2023,January,88.0,,Sci-Fi & Fantasy
s3700,Movie,Golden Empire,Director 102,"Actor 319, Actor 673",United Kingdom,2012-02-13,2010,R,111 min,"Crime TV Shows, Sci-Fi & Fantasy",A gripping story that unfolds over time.,2012,February,111.0,,Crime TV Shows
s3701,TV Show,Golden Heist,Not Given,"Actor 983, Actor 457",United States,2014-08-19,2011,TV-PG,2 Seasons,"Reality TV, Kids' TV",A gripping story that unfolds over time.,2014,August,,2.0,Reality TV
s3702,TV Show,Dark Legacy,Director 121,"Actor 50, Actor 521",South Korea,2000-08-12,2000,R,3 Seasons,"Anime Series, Romantic Movies",A gripping story that unfolds over time.,2000,August,,3.0,Anime Series
s3703,Movie,Silent Chronicles,Not Given,"Actor 768, Actor 55",Canada,2018-05-19,2015,TV-G,89 min,Reality TV,A gripping story that unfolds over time.,2018,May,89.0,,Reality TV
s3704,Movie,Final Kingdom,Not Given,"Actor 67, Actor 225",Germany,2017-03-20,2016,TV-PG,109 min,Dramas,A gripping story that unfolds over time.,2017,March,109.0,,Dramas
s3705,Movie,Forgotten Empire,Not Given,"Actor 692, Actor 926",United States,2024-06-03,2024,TV-14,75 min,Documentaries,A gripping story that unfolds over time.,2024,June,75.0,,Documentaries
s3706,Movie,Final Kingdom,Not Given,"Actor 992, Actor 905",United States,2020-05-16,2018,TV-Y7,102 min,"Romantic Movies, Stand-Up Comedy",A gripping story that unfolds over time.,2020,May,102.0,,Romantic Movies
s3707,Movie,Wild Kingdom,Director 342,"Actor 180, Actor 657",United Kingdom,2019-12-19,2017,TV-G,96 min,"Sci-Fi & Fantasy, Stand-Up Comedy",A gripping story that unfolds over time.,2019,December,96.0,,Sci-Fi & Fantasy
s3708,TV Show,Last Chronicles,Director 477,"Actor 731, Actor 699",United Kingdom,2021-09-15,2020,TV-14,5 Seasons,"Comedies, Horror Movies",A gripping story that unfolds over time.,2021,September,,5.0,Comedies
s3709,Movie,Endless City,Not Given,"Actor 815, Actor 124",Japan,2015-12-11,2015,TV-Y7,99 min,Thrillers,A gripping story that unfolds over time.,2015,December,99.0,,Thrillers
s3710,Movie,Broken Storm,Director 304,"Actor 55, Actor 33",Brazil,2011-12-01,2008,TV-MA,80 min,Reality TV,A gripping story that unfolds over time.,2011,December,80.0,,Reality TV
s3711,Movie,Silent Horizon,Director 114,"Actor 242, Actor 24",Brazil,2026-01-19,2024,R,164 min,"Comedies, Action & Adventure",A gripping story that unfolds over time.,2026,January,164.0,,Comedies
s3712,Movie,Golden Legacy,Director 190,"Actor 385, Actor 714",United States,2011-09-15,2011,PG,143 min,Romantic Movies,A gripping story that unfolds over time.,2011,September,143.0,,Romantic Movies
s3713,Movie,Wild Legacy,Not Given,"Actor 179, Actor 753",Australia,2003-05-19,2000,TV-MA,92 min,Crime TV Shows,A gripping story that unfolds over time.,2003,May,92.0,,Crime TV Shows
s3714,Movie,Dark Heist,Director 400,"Actor 194, Actor 458",Germany,2018-05-04,2015,R,165 min,Documentaries,A gripping story that unfolds over time.,2018,May,165.0,,Documentaries
s3715,Movie,Endless Empire,Not Given,"Actor 409, Actor 1",Nigeria,2018-02-09,2017,TV-PG,104 min,Crime TV Shows,A gripping story that unfolds over time.,2018,February,104.0,,Crime TV Shows
s3716,TV Show,Dark Empire,Director 108,"Actor 110, Actor 294",United States,2012-10-16,2012,TV-PG,1 Seasons,Comedies,A gripping story that unfolds over time.,2012,October,,1.0,Comedies
s3717,Movie,Broken City,Not Given,"Actor 28, Actor 627",United Kingdom,2026-06-20,2024,PG-13,74 min,Thrillers,A gripping story that unfolds over time.,2026,June,74.0,,Thrillers
s3718,TV Show,Forgotten Shadows,Director 332,"Actor 580, Actor 785",United States,2018-01-21,2015,TV-MA,4 Seasons,"Thrillers, Romantic Movies",A gripping story that unfolds over time.,2018,January,,4.0,Thrillers
s3719,Movie,Wild Shadows,Director 446,"Actor 52, Actor 757",India,2026-01-18,2023,PG,143 min,"Sci-Fi & Fantasy, Reality TV",A gripping story that unfolds over time.,2026,January,143.0,,Sci-Fi & Fantasy
s3720,Movie,Broken Kingdom,Director 202,"Actor 24, Actor 809",United States,2014-03-01,2011,PG,79 min,Dramas,A gripping story that unfolds over time.,2014,March,79.0,,Dramas
s3721,Movie,Golden Heist,Director 28,"Actor 285, Actor 144",South Korea,2026-01-01,2024,TV-G,166 min,"Comedies, Action & Adventure",A gripping story that unfolds over time.,2026,January,166.0,,Comedies
s3722,TV Show,Last Empire,Director 249,"Actor 328, Actor 215",United States,2026-02-01,2024,TV-MA,1 Seasons,Thrillers,A gripping story that unfolds over time.,2026,February,,1.0,Thrillers
s3723,Movie,Wild Heist,Director 189,"Actor 382, Actor 708",United Kingdom,2014-09-25,2013,TV-Y7,119 min,Sci-Fi & Fantasy,A gripping story that unfolds over time.,2014,September,119.0,,Sci-Fi & Fantasy
s3724,Movie,Forgotten Journey,Director 442,"Actor 112, Actor 878",Brazil,2014-06-03,2012,TV-G,89 min,"Dramas, Crime TV Shows",A gripping story that unfolds over time.,2014,June,89.0,,Dramas
s3725,Movie,Golden City,Not Given,"Actor 401, Actor 977",United States,2010-10-25,2008,PG-13,87 min,"Stand-Up Comedy, Children & Family Movies",A gripping story that unfolds over time.,2010,October,87.0,,Stand-Up Comedy
s3726,TV Show,Final Heist,Director 74,"Actor 352, Actor 69",Germany,2015-12-09,2015,PG-13,6 Seasons,Thrillers,A gripping story that unfolds over time.,2015,December,,6.0,Thrillers
s3727,Movie,Final Horizon,Not Given,"Actor 15, Actor 947",Japan,2022-11-22,2022,TV-MA,71 min,Romantic Movies,A gripping story that unfolds over time.,2022,November,71.0,,Romantic Movies
s3728,Movie,Silent Storm,Director 19,"Actor 326, Actor 89",Brazil,2018-01-16,2018,PG-13,98 min,International Movies,A gripping story that unfolds over time.,2018,January,98.0,,International Movies
s3729,Movie,Endless Empire,Director 287,"Actor 454, Actor 280",United States,2002-01-23,2000,TV-G,132 min,Crime TV Shows,A gripping story that unfolds over time.,2002,January,132.0,,Crime TV Shows
s3730,TV Show,Dark City,Director 270,"Actor 680, Actor 356",Turkey,2024-05-13,2023,TV-PG,3 Seasons,"Horror Movies, Dramas",A gripping story that unfolds over time.,2024,May,,3.0,Horror Movies
s3731,TV Show,Forgotten Horizon,Not Given,"Actor 619, Actor 922",Brazil,2025-05-07,2022,R,6 Seasons,"Action & Adventure, Kids' TV",A gripping story that unfolds over time.,2025,May,,6.0,Action & Adventure
s3732,Movie,Forgotten Heist,Not Given,"Actor 281, Actor 31",India,2019-03-05,2017,PG,141 min,Dramas,A gripping story that unfolds over time.,2019,March,141.0,,Dramas
s3733,Movie,Golden Shadows,Director 415,"Actor 549, Actor 255",United Kingdom,2026-04-11,2024,R,91 min,"Crime TV Shows, Thrillers",A gripping story that unfolds over time.,2026,April,91.0,,Crime TV Shows
s3734,Movie,Secret Empire,Not Given,"Actor 388, Actor 334",Germany,2014-08-11,2014,PG-13,70 min,Reality TV,A gripping story that unfolds over time.,2014,August,70.0,,Reality TV
s3735,Movie,Endless Dreams,Director 446,"Actor 158, Actor 906",Brazil,2003-10-23,2002,TV-Y7,75 min,International Movies,A gripping story that unfolds over time.,2003,October,75.0,,International Movies
s3736,Movie,Lost City,Director 4,"Actor 619, Actor 216",United States,2005-06-06,2004,TV-Y7,101 min,"Kids' TV, Anime Series",A gripping story that unfolds over time.,2005,June,101.0,,Kids' TV
s3737,Movie,Hidden City,Director 353,"Actor 116, Actor 365",United States,2026-11-13,2024,R,96 min,"Romantic Movies, Dramas",A gripping story that unfolds over time.,2026,November,96.0,,Romantic Movies
s3738,Movie,Forgotten Empire,Director 411,"Actor 519, Actor 408",United States,2004-10-16,2001,PG-13,92 min,"Stand-Up Comedy, Reality TV",A gripping story that unfolds over time.,2004,October,92.0,,Stand-Up Comedy
s3739,TV Show,Secret Legacy,Not Given,"Actor 129, Actor 179",India,2015-06-21,2012,TV-Y7,7 Seasons,Crime TV Shows,A gripping story that unfolds over time.,2015,June,,7.0,Crime TV Shows
s3740,Movie,Forgotten Empire,Not Given,"Actor 568, Actor 754",United States,2019-02-08,2018,R,156 min,Documentaries,A gripping story that unfolds over time.,2019,February,156.0,,Documentaries
s3741,Movie,Final Empire,Director 235,"Actor 399, Actor 307",United States,2009-05-23,2009,TV-Y7,160 min,International Movies,A gripping story that unfolds over time.,2009,May,160.0,,International Movies
s3742,Movie,Rising Storm,Director 228,"Actor 874, Actor 232",South Korea,2021-09-10,2021,R,168 min,Kids' TV,A gripping story that unfolds over time.,2021,September,168.0,,Kids' TV
s3743,Movie,Rising Signal,Director 498,"Actor 58, Actor 447",United Kingdom,2013-12-27,2010,R,111 min,Children & Family Movies,A gripping story that unfolds over time.,2013,December,111.0,,Children & Family Movies
s3744,Movie,Secret Empire,Director 172,"Actor 416, Actor 726",Canada,2023-02-07,2022,PG,113 min,Documentaries,A gripping story that unfolds over time.,2023,February,113.0,,Documentaries
s3745,TV Show,Secret Signal,Not Given,"Actor 752, Actor 395",Turkey,2006-05-23,2003,TV-G,3 Seasons,"Horror Movies, Documentaries",A gripping story that unfolds over time.,2006,May,,3.0,Horror Movies
s3746,TV Show,Hidden Empire,Director 167,"Actor 307, Actor 774",France,2005-01-13,2002,TV-PG,3 Seasons,Children & Family Movies,A gripping story that unfolds over time.,2005,January,,3.0,Children & Family Movies
s3747,Movie,Golden City,Director 492,"Actor 286, Actor 384",United States,2009-04-08,2007,TV-MA,169 min,Action & Adventure,A gripping story that unfolds over time.,2009,April,169.0,,Action & Adventure
s3748,Movie,Secret Shadows,Director 287,"Actor 859, Actor 365",United States,2014-04-05,2014,R,75 min,Horror Movies,A gripping story that unfolds over time.,2014,April,75.0,,Horror Movies
s3749,Movie,Lost Dreams,Director 289,"Actor 877, Actor 76",United Kingdom,2018-02-27,2018,PG-13,144 min,"Sci-Fi & Fantasy, Horror Movies",A gripping story that unfolds over time.,2018,February,144.0,,Sci-Fi & Fantasy
s3750,Movie,Final Storm,Not Given,"Actor 797, Actor 672",Italy,2010-01-22,2009,TV-PG,87 min,International Movies,A gripping story that unfolds over time.,2010,January,87.0,,International Movies
s3751,TV Show,Endless Storm,Director 37,"Actor 484, Actor 869",United States,2011-08-24,2011,R,3 Seasons,Action & Adventure,A gripping story that unfolds over time.,2011,August,,3.0,Action & Adventure
s3752,Movie,Hidden Dreams,Not Given,"Actor 875, Actor 491",United States,2026-07-12,2025,TV-Y7,137 min,Kids' TV,A gripping story that unfolds over time.,2026,July,137.0,,Kids' TV
s3753,Movie,Final Horizon,Director 301,"Actor 992, Actor 572",India,2008-11-21,2005,PG-13,103 min,"Anime Series, Reality TV",A gripping story that unfolds over time.,2008,November,103.0,,Anime Series
s3754,Movie,Silent Heist,Director 429,"Actor 181, Actor 590",South Korea,2023-09-13,2022,PG,84 min,International Movies,A gripping story that unfolds over time.,2023,September,84.0,,International Movies
s3755,Movie,Final Dreams,Director 133,"Actor 679, Actor 79",United States,2025-03-21,2024,TV-MA,147 min,Comedies,A gripping story that unfolds over time.,2025,March,147.0,,Comedies
s3756,TV Show,Dark Storm,Not Given,"Actor 442, Actor 151",South Korea,2019-04-22,2016,PG,8 Seasons,Documentaries,A gripping story that unfolds over time.,2019,April,,8.0,Documentaries
s3757,Movie,Dark Legacy,Not Given,"Actor 688, Actor 341",Japan,2014-07-23,2012,TV-MA,98 min,Romantic Movies,A gripping story that unfolds over time.,2014,July,98.0,,Romantic Movies
s3758,Movie,Last City,Director 272,"Actor 283, Actor 612",France,2014-05-22,2014,TV-Y7,157 min,Romantic Movies,A gripping story that unfolds over time.,2014,May,157.0,,Romantic Movies
s3759,Movie,Golden Chronicles,Director 152,"Actor 355, Actor 930",Brazil,2014-01-18,2011,PG-13,141 min,Comedies,A gripping story that unfolds over time.,2014,January,141.0,,Comedies
s3760,TV Show,Secret Legacy,Director 178,"Actor 819, Actor 474",Mexico,2018-07-02,2016,PG,2 Seasons,"Documentaries, Thrillers",A gripping story that unfolds over time.,2018,July,,2.0,Documentaries
s3761,Movie,Golden Kingdom,Not Given,"Actor 32, Actor 367",France,2008-05-01,2005,TV-PG,74 min,"International Movies, Documentaries",A gripping story that unfolds over time.,2008,May,74.0,,International Movies
s3762,TV Show,Wild City,Not Given,"Actor 422, Actor 239",Spain,2005-11-13,2004,TV-PG,1 Seasons,Children & Family Movies,A gripping story that unfolds over time.,2005,November,,1.0,Children & Family Movies
s3763,TV Show,Rising Heist,Director 448,"Actor 544, Actor 400",United States,2011-10-13,2011,TV-14,1 Seasons,Horror Movies,A gripping story that unfolds over time.,2011,October,,1.0,Horror Movies
s3764,Movie,Lost Storm,Not Given,"Actor 644, Actor 385",Japan,2010-10-20,2009,TV-14,164 min,Thrillers,A gripping story that unfolds over time.,2010,October,164.0,,Thrillers
s3765,TV Show,Endless Chronicles,Director 188,"Actor 184, Actor 672",Canada,2009-01-12,2007,TV-Y7,3 Seasons,"Stand-Up Comedy, International Movies",A gripping story that unfolds over time.,2009,January,,3.0,Stand-Up Comedy
s3766,TV Show,Endless Chronicles,Director 59,"Actor 889, Actor 732",United States,2011-07-19,2011,TV-14,1 Seasons,"Kids' TV, Horror Movies",A gripping story that unfolds over time.,2011,July,,1.0,Kids' TV
s3767,Movie,Final Storm,Not Given,"Actor 357, Actor 946",India,2013-07-16,2011,TV-14,166 min,"Documentaries, Anime Series",A gripping story that unfolds over time.,2013,July,166.0,,Documentaries
s3768,TV Show,Forgotten Horizon,Director 189,"Actor 920, Actor 10",United States,2008-05-10,2005,R,1 Seasons,Reality TV,A gripping story that unfolds over time.,2008,May,,1.0,Reality TV
s3769,TV Show,Silent Kingdom,Not Given,"Actor 315, Actor 600",Brazil,2021-01-09,2021,TV-PG,8 Seasons,"Stand-Up Comedy, Comedies",A gripping story that unfolds over time.,2021,January,,8.0,Stand-Up Comedy
s3770,Movie,Endless Heist,Not Given,"Actor 333, Actor 992",Germany,2005-08-07,2004,TV-Y7,78 min,Stand-Up Comedy,A gripping story that unfolds over time.,2005,August,78.0,,Stand-Up Comedy
s3771,Movie,Dark Journey,Director 360,"Actor 811, Actor 710",United Kingdom,2009-10-08,2009,TV-14,116 min,"Dramas, Comedies",A gripping story that unfolds over time.,2009,October,116.0,,Dramas
s3772,Movie,Lost City,Director 192,"Actor 455, Actor 611",Mexico,2025-02-24,2025,PG,86 min,Documentaries,A gripping story that unfolds over time.,2025,February,86.0,,Documentaries
s3773,Movie,Last Storm,Director 278,"Actor 87, Actor 92",India,2003-07-08,2003,TV-Y7,154 min,Sci-Fi & Fantasy,A gripping story that unfolds over time.,2003,July,154.0,,Sci-Fi & Fantasy
s3774,TV Show,Hidden Journey,Director 155,"Actor 730, Actor 180",India,2024-10-15,2023,TV-PG,1 Seasons,"Romantic Movies, Stand-Up Comedy",A gripping story that unfolds over time.,2024,October,,1.0,Romantic Movies
s3775,Movie,Hidden Dreams,Director 280,"Actor 206, Actor 822",United Kingdom,2016-10-01,2014,PG,91 min,"Children & Family Movies, Action & Adventure",A gripping story that unfolds over time.,2016,October,91.0,,Children & Family Movies
s3776,Movie,Rising Dreams,Director 449,"Actor 286, Actor 968",India,2010-12-08,2010,TV-14,73 min,"Action & Adventure, Thrillers",A gripping story that unfolds over time.,2010,December,73.0,,Action & Adventure
s3777,TV Show,Last City,Director 483,"Actor 318, Actor 883",South Korea,2019-12-16,2016,TV-Y7,3 Seasons,"Anime Series, Dramas",A gripping story that unfolds over time.,2019,December,,3.0,Anime Series
s3778,Movie,Dark Kingdom,Director 371,"Actor 323, Actor 844",India,2008-11-04,2005,TV-14,151 min,"International Movies, Documentaries",A gripping story that unfolds over time.,2008,November,151.0,,International Movies
s3779,Movie,Broken Dreams,Not Given,"Actor 47, Actor 474",Mexico,2024-04-16,2024,TV-MA,108 min,Thrillers,A gripping story that unfolds over time.,2024,April,108.0,,Thrillers
s3780,Movie,Wild Shadows,Director 143,"Actor 93, Actor 122",South Korea,2020-10-21,2017,R,130 min,"Sci-Fi & Fantasy, Anime Series",A gripping story that unfolds over time.,2020,October,130.0,,Sci-Fi & Fantasy
s3781,Movie,Broken Shadows,Director 307,"Actor 20, Actor 476",United States,2007-10-05,2007,TV-G,139 min,"Reality TV, Kids' TV",A gripping story that unfolds over time.,2007,October,139.0,,Reality TV
s3782,Movie,Rising Dreams,Director 7,"Actor 124, Actor 513",India,2020-04-11,2019,TV-PG,93 min,"Stand-Up Comedy, Horror Movies",A gripping story that unfolds over time.,2020,April,93.0,,Stand-Up Comedy
s3783,Movie,Dark Kingdom,Director 15,"Actor 863, Actor 408",United Kingdom,2023-08-18,2023,R,143 min,International Movies,A gripping story that unfolds over time.,2023,August,143.0,,International Movies
s3784,Movie,Hidden Shadows,Director 247,"Actor 934, Actor 220",Australia,2019-05-07,2019,TV-14,83 min,Romantic Movies,A gripping story that unfolds over time.,2019,May,83.0,,Romantic Movies
s3785,TV Show,Golden Empire,Director 311,"Actor 287, Actor 848",United States,2025-09-07,2022,TV-MA,8 Seasons,Documentaries,A gripping story that unfolds over time.,2025,September,,8.0,Documentaries
s3786,Movie,Golden Journey,Director 207,"Actor 254, Actor 792",Nigeria,2019-02-09,2017,TV-PG,158 min,"Reality TV, Horror Movies",A gripping story that unfolds over time.,2019,February,158.0,,Reality TV
s3787,TV Show,Dark City,Not Given,"Actor 278, Actor 138",United Kingdom,2016-07-14,2013,TV-PG,6 Seasons,Sci-Fi & Fantasy,A gripping story that unfolds over time.,2016,July,,6.0,Sci-Fi & Fantasy
s3788,Movie,Last Dreams,Director 131,"Actor 786, Actor 852",United States,2009-08-20,2007,TV-Y7,167 min,Anime Series,A gripping story that unfolds over time.,2009,August,167.0,,Anime Series
s3789,Movie,Hidden City,Director 108,"Actor 520, Actor 441",India,2012-11-18,2011,TV-Y7,99 min,"Crime TV Shows, Stand-Up Comedy",A gripping story that unfolds over time.,2012,November,99.0,,Crime TV Shows
s3790,TV Show,Secret Signal,Not Given,"Actor 231, Actor 670",Brazil,2005-02-04,2005,PG,6 Seasons,"Romantic Movies, Sci-Fi & Fantasy",A gripping story that unfolds over time.,2005,February,,6.0,Romantic Movies
s3791,Movie,Last City,Director 147,"Actor 389, Actor 281",United States,2004-09-26,2004,PG,98 min,"Reality TV, Children & Family Movies",A gripping story that unfolds over time.,2004,September,98.0,,Reality TV
s3792,Movie,Lost Heist,Director 83,"Actor 976, Actor 818",Spain,2022-06-26,2020,R,95 min,Comedies,A gripping story that unfolds over time.,2022,June,95.0,,Comedies
s3793,TV Show,Broken Chronicles,Director 268,"Actor 156, Actor 768",United States,2008-08-21,2005,TV-G,4 Season,Comedies,A gripping story that unfolds over time.,2008,August,,4.0,Comedies
s3794,Movie,Broken Chronicles,Not Given,"Actor 928, Actor 945",India,2007-07-06,2007,PG-13,154 min,"Comedies, Horror Movies",A gripping story that unfolds over time.,2007,July,154.0,,Comedies
s3795,Movie,Dark Empire,Director 27,"Actor 538, Actor 353",Italy,2016-10-11,2016,PG,167 min,"Sci-Fi & Fantasy, Anime Series",A gripping story that unfolds over time.,2016,October,167.0,,Sci-Fi & Fantasy
s3796,TV Show,Final Dreams,Not Given,"Actor 815, Actor 56",France,2019-03-02,2018,TV-PG,1 Seasons,Horror Movies,A gripping story that unfolds over time.,2019,March,,1.0,Horror Movies
s3797,Movie,Last Shadows,Director 450,"Actor 830, Actor 746",India,2024-02-02,2023,PG-13,101 min,Thrillers,A gripping story that unfolds over time.,2024,February,101.0,,Thrillers
s3798,TV Show,Endless Empire,Director 222,"Actor 955, Actor 449",United States,2021-11-25,2021,TV-14,6 Seasons,Action & Adventure,A gripping story that unfolds over time.,2021,November,,6.0,Action & Adventure
s3799,Movie,Silent Journey,Director 331,"Actor 541, Actor 882",United States,2013-11-07,2010,PG,150 min,Reality TV,A gripping story that unfolds over time.,2013,November,150.0,,Reality TV
s3800,Movie,Secret Horizon,Director 299,"Actor 733, Actor 673",United States,2019-03-05,2018,TV-14,140 min,Anime Series,A gripping story that unfolds over time.,2019,March,140.0,,Anime Series
s3801,Movie,Last Storm,Director 455,"Actor 4, Actor 594",United Kingdom,2023-07-21,2020,TV-Y7,136 min,Comedies,A gripping story that unfolds over time.,2023,July,136.0,,Comedies
s3802,Movie,Final Journey,Not Given,"Actor 279, Actor 230",Australia,2008-02-10,2008,PG,168 min,Romantic Movies,A gripping story that unfolds over time.,2008,February,168.0,,Romantic Movies
s3803,Movie,Rising Heist,Director 89,"Actor 791, Actor 187",India,2007-03-07,2007,PG,144 min,"International Movies, Horror Movies",A gripping story that unfolds over time.,2007,March,144.0,,International Movies
s3804,Movie,Hidden Signal,Not Given,"Actor 686, Actor 541",Spain,2002-07-18,2002,TV-14,144 min,"Stand-Up Comedy, Horror Movies",A gripping story that unfolds over time.,2002,July,144.0,,Stand-Up Comedy
s3805,Movie,Hidden Storm,Director 138,"Actor 860, Actor 993",Turkey,2025-09-11,2023,TV-MA,82 min,International Movies,A gripping story that unfolds over time.,2025,September,82.0,,International Movies
s3806,Movie,Rising City,Not Given,"Actor 485, Actor 570",United States,2005-09-07,2002,TV-MA,118 min,Comedies,A gripping story that unfolds over time.,2005,September,118.0,,Comedies
s3807,Movie,Dark Shadows,Director 119,"Actor 354, Actor 210",Turkey,2021-09-09,2019,TV-14,150 min,"International Movies, Kids' TV",A gripping story that unfolds over time.,2021,September,150.0,,International Movies
s3808,Movie,Endless Heist,Director 292,"Actor 770, Actor 480",South Korea,2020-01-24,2018,TV-14,125 min,Romantic Movies,A gripping story that unfolds over time.,2020,January,125.0,,Romantic Movies
s3809,Movie,Rising City,Director 118,"Actor 440, Actor 996",France,2018-06-17,2015,PG,163 min,"Stand-Up Comedy, Romantic Movies",A gripping story that unfolds over time.,2018,June,163.0,,Stand-Up Comedy
s3810,Movie,Forgotten Storm,Director 210,"Actor 674, Actor 369",Japan,2003-02-16,2003,PG,127 min,Children & Family Movies,A gripping story that unfolds over time.,2003,February,127.0,,Children & Family Movies
s3811,Movie,Endless Kingdom,Director 193,"Actor 686, Actor 939",India,2023-03-24,2022,TV-G,132 min,Comedies,A gripping story that unfolds over time.,2023,March,132.0,,Comedies
s3812,Movie,Silent Empire,Director 413,"Actor 296, Actor 643",France,2007-06-17,2006,PG-13,142 min,Sci-Fi & Fantasy,A gripping story that unfolds over time.,2007,June,142.0,,Sci-Fi & Fantasy
s3813,Movie,Endless Dreams,Director 4,"Actor 227, Actor 124",United States,2024-09-11,2023,TV-Y7,149 min,"Children & Family Movies, Anime Series",A gripping story that unfolds over time.,2024,September,149.0,,Children & Family Movies
s3814,TV Show,Silent Legacy,Not Given,"Actor 683, Actor 514",Turkey,2013-02-13,2012,TV-Y7,3 Seasons,Horror Movies,A gripping story that unfolds over time.,2013,February,,3.0,Horror Movies
s3815,Movie,Rising Legacy,Not Given,"Actor 635, Actor 696",United States,2026-12-20,2025,TV-MA,169 min,"Action & Adventure, Thrillers",A gripping story that unfolds over time.,2026,December,169.0,,Action & Adventure
s3816,Movie,Broken Heist,Director 65,"Actor 121, Actor 339",Mexico,2001-07-20,2001,TV-PG,152 min,Kids' TV,A gripping story that unfolds over time.,2001,July,152.0,,Kids' TV
s3817,Movie,Broken City,Director 91,"Actor 194, Actor 394",Italy,2024-07-16,2023,TV-14,149 min,"Thrillers, Kids' TV",A gripping story that unfolds over time.,2024,July,149.0,,Thrillers
s3818,Movie,Golden Dreams,Director 181,"Actor 696, Actor 595",India,2026-11-12,2024,TV-G,100 min,"Romantic Movies, Reality TV",A gripping story that unfolds over time.,2026,November,100.0,,Romantic Movies
s3819,TV Show,Secret Heist,Director 372,"Actor 490, Actor 85",Turkey,2002-04-12,2002,R,7 Seasons,"Comedies, Crime TV Shows",A gripping story that unfolds over time.,2002,April,,7.0,Comedies
s3820,TV Show,Broken Storm,Director 402,"Actor 145, Actor 69",United States,2007-01-07,2007,TV-PG,3 Seasons,Crime TV Shows,A gripping story that unfolds over time.,2007,January,,3.0,Crime TV Shows
s3821,Movie,Rising Empire,Director 458,"Actor 771, Actor 555",United States,2016-02-05,2016,TV-MA,77 min,Dramas,A gripping story that unfolds over time.,2016,February,77.0,,Dramas
s3822,Movie,Rising Kingdom,Not Given,"Actor 500, Actor 316",France,2003-05-02,2002,TV-PG,159 min,Kids' TV,A gripping story that unfolds over time.,2003,May,159.0,,Kids' TV
s3823,Movie,Lost Horizon,Director 255,"Actor 688, Actor 948",India,2016-11-16,2015,TV-G,98 min,"Dramas, Horror Movies",A gripping story that unfolds over time.,2016,November,98.0,,Dramas
s3824,Movie,Hidden Signal,Not Given,"Actor 37, Actor 763",Mexico,2020-02-13,2019,TV-PG,147 min,"Horror Movies, Action & Adventure",A gripping story that unfolds over time.,2020,February,147.0,,Horror Movies
s3825,Movie,Golden Chronicles,Director 66,"Actor 682, Actor 539",United States,2000-08-01,2000,TV-MA,75 min,International Movies,A gripping story that unfolds over time.,2000,August,75.0,,International Movies
s3826,TV Show,Wild Shadows,Not Given,"Actor 195, Actor 455",United States,2000-11-07,2000,TV-14,8 Seasons,Anime Series,A gripping story that unfolds over time.,2000,November,,8.0,Anime Series
s3827,Movie,Final Journey,Director 170,"Actor 632, Actor 366",United States,2003-10-26,2000,TV-PG,102 min,"Reality TV, Anime Series",A gripping story that unfolds over time.,2003,October,102.0,,Reality TV
s3828,Movie,Secret City,Not Given,"Actor 62, Actor 951",United Kingdom,2015-10-04,2014,TV-Y7,80 min,Children & Family Movies,A gripping story that unfolds over time.,2015,October,80.0,,Children & Family Movies
s3829,TV Show,Golden Heist,Not Given,"Actor 123, Actor 314",India,2007-04-15,2005,PG-13,7 Seasons,"Romantic Movies, Reality TV",A gripping story that unfolds over time.,2007,April,,7.0,Romantic Movies
s3830,Movie,Endless Horizon,Not Given,"Actor 705, Actor 482",Canada,2018-07-20,2015,TV-G,167 min,Romantic Movies,A gripping story that unfolds over time.,2018,July,167.0,,Romantic Movies
s3831,Movie,Silent Kingdom,Director 373,"Actor 294, Actor 784",India,2022-05-10,2021,TV-PG,159 min,Sci-Fi & Fantasy,A gripping story that unfolds over time.,2022,May,159.0,,Sci-Fi & Fantasy
s3832,Movie,Lost Horizon,Not Given,"Actor 178, Actor 98",Brazil,2026-04-26,2024,PG,70 min,Comedies,A gripping story that unfolds over time.,2026,April,70.0,,Comedies
s3833,TV Show,Hidden Shadows,Director 477,"Actor 332, Actor 871",United States,2011-12-12,2011,PG,5 Seasons,Sci-Fi & Fantasy,A gripping story that unfolds over time.,2011,December,,5.0,Sci-Fi & Fantasy
s3834,Movie,Secret Dreams,Director 443,"Actor 458, Actor 183",United States,2023-11-03,2023,PG,89 min,Kids' TV,A gripping story that unfolds over time.,2023,November,89.0,,Kids' TV
s3835,TV Show,Golden Empire,Director 75,"Actor 102, Actor 511",Spain,2022-03-03,2022,PG,5 Season,Romantic Movies,A gripping story that unfolds over time.,2022,March,,5.0,Romantic Movies
s3836,Movie,Hidden Signal,Director 215,"Actor 655, Actor 667",South Korea,2011-09-16,2009,TV-MA,158 min,Reality TV,A gripping story that unfolds over time.,2011,September,158.0,,Reality TV
s3837,Movie,Silent Kingdom,Not Given,"Actor 984, Actor 835",United States,2008-01-23,2005,TV-G,79 min,Reality TV,A gripping story that unfolds over time.,2008,January,79.0,,Reality TV
s3838,Movie,Hidden Journey,Director 453,"Actor 605, Actor 506",Nigeria,2025-01-10,2023,TV-MA,121 min,"Sci-Fi & Fantasy, Documentaries",A gripping story that unfolds over time.,2025,January,121.0,,Sci-Fi & Fantasy
s3839,TV Show,Lost Heist,Director 321,"Actor 308, Actor 1",United States,2014-04-18,2012,PG-13,6 Seasons,"International Movies, Horror Movies",A gripping story that unfolds over time.,2014,April,,6.0,International Movies
s3840,TV Show,Secret Shadows,Director 221,"Actor 502, Actor 996",United States,2013-11-23,2012,TV-Y7,3 Seasons,"Comedies, Kids' TV",A gripping story that unfolds over time.,2013,November,,3.0,Comedies
s3841,Movie,Silent Empire,Director 54,"Actor 825, Actor 530",United States,2018-01-25,2018,TV-MA,99 min,Anime Series,A gripping story that unfolds over time.,2018,January,99.0,,Anime Series
s3842,TV Show,Golden Chronicles,Director 12,"Actor 349, Actor 551",United States,2021-07-19,2020,R,3 Seasons,Kids' TV,A gripping story that unfolds over time.,2021,July,,3.0,Kids' TV
s3843,Movie,Endless Journey,Director 84,"Actor 988, Actor 191",Germany,2023-05-13,2023,PG,154 min,"Crime TV Shows, Kids' TV",A gripping story that unfolds over time.,2023,May,154.0,,Crime TV Shows
s3844,TV Show,Last Legacy,Not Given,"Actor 446, Actor 924",France,2026-03-26,2025,TV-G,1 Seasons,Comedies,A gripping story that unfolds over time.,2026,March,,1.0,Comedies
s3845,TV Show,Golden Shadows,Director 385,"Actor 465, Actor 597",United States,2006-02-14,2005,TV-PG,6 Seasons,"Romantic Movies, Reality TV",A gripping story that unfolds over time.,2006,February,,6.0,Romantic Movies
s3846,TV Show,Dark Signal,Director 143,"Actor 65, Actor 751",United Kingdom,2004-04-10,2003,TV-G,7 Seasons,"International Movies, Dramas",A gripping story that unfolds over time.,2004,April,,7.0,International Movies
s3847,TV Show,Hidden Empire,Not Given,"Actor 129, Actor 754",Canada,2026-05-07,2025,TV-Y7,2 Seasons,"Crime TV Shows, Children & Family Movies",A gripping story that unfolds over time.,2026,May,,2.0,Crime TV Shows
s3848,Movie,Secret Horizon,Director 315,"Actor 913, Actor 406",Germany,2017-09-06,2016,TV-Y7,138 min,Action & Adventure,A gripping story that unfolds over time.,2017,September,138.0,,Action & Adventure
s3849,Movie,Forgotten Signal,Director 189,"Actor 203, Actor 508",United States,2003-09-20,2003,R,83 min,"Romantic Movies, Horror Movies",A gripping story that unfolds over time.,2003,September,83.0,,Romantic Movies
s3850,Movie,Dark Journey,Not Given,"Actor 936, Actor 585",United Kingdom,2003-02-27,2002,TV-PG,140 min,Thrillers,A gripping story that unfolds over time.,2003,February,140.0,,Thrillers
s3851,Movie,Wild Shadows,Not Given,"Actor 721, Actor 640",Australia,2021-09-17,2018,R,98 min,"Thrillers, Documentaries",A gripping story that unfolds over time.,2021,September,98.0,,Thrillers
s3852,Movie,Secret Dreams,Not Given,"Actor 21, Actor 265",United States,2023-12-18,2021,TV-G,131 min,International Movies,A gripping story that unfolds over time.,2023,December,131.0,,International Movies
s3853,TV Show,Lost Journey,Director 194,"Actor 799, Actor 63",United Kingdom,2003-05-03,2003,TV-Y7,1 Seasons,Reality TV,A gripping story that unfolds over time.,2003,May,,1.0,Reality TV
s3854,Movie,Golden Storm,Director 398,"Actor 296, Actor 304",United States,2020-08-12,2017,TV-MA,134 min,Children & Family Movies,A gripping story that unfolds over time.,2020,August,134.0,,Children & Family Movies
s3855,TV Show,Hidden Shadows,Not Given,"Actor 557, Actor 5",United Kingdom,2021-08-26,2021,TV-14,2 Seasons,Crime TV Shows,A gripping story that unfolds over time.,2021,August,,2.0,Crime TV Shows
s3856,TV Show,Broken Shadows,Director 370,"Actor 279, Actor 50",Australia,2004-12-01,2003,TV-G,8 Seasons,"International Movies, Horror Movies",A gripping story that unfolds over time.,2004,December,,8.0,International Movies
s3857,Movie,Secret Heist,Not Given,"Actor 839, Actor 396",United States,2022-05-01,2022,PG,93 min,"Action & Adventure, Horror Movies",A gripping story that unfolds over time.,2022,May,93.0,,Action & Adventure
s3858,Movie,Dark Signal,Not Given,"Actor 439, Actor 877",United States,2022-05-21,2020,TV-14,164 min,Horror Movies,A gripping story that unfolds over time.,2022,May,164.0,,Horror Movies
s3859,TV Show,Wild City,Director 497,"Actor 56, Actor 913",Mexico,2023-11-09,2021,TV-G,6 Seasons,Sci-Fi & Fantasy,A gripping story that unfolds over time.,2023,November,,6.0,Sci-Fi & Fantasy
s3860,TV Show,Secret Chronicles,Not Given,"Actor 897, Actor 55",Australia,2016-12-11,2013,TV-G,3 Seasons,Romantic Movies,A gripping story that unfolds over time.,2016,December,,3.0,Romantic Movies
s3861,Movie,Lost City,Director 464,"Actor 998, Actor 167",Australia,2003-10-24,2003,TV-MA,169 min,"Children & Family Movies, Thrillers",A gripping story that unfolds over time.,2003,October,169.0,,Children & Family Movies
s3862,Movie,Last Heist,Director 436,"Actor 655, Actor 258",United States,2026-05-12,2025,TV-MA,125 min,Children & Family Movies,A gripping story that unfolds over time.,2026,May,125.0,,Children & Family Movies
s3863,TV Show,Lost Chronicles,Director 403,"Actor 873, Actor 31",United States,2020-02-02,2018,PG,3 Seasons,"International Movies, Stand-Up Comedy",A gripping story that unfolds over time.,2020,February,,3.0,International Movies
s3864,TV Show,Final Shadows,Director 54,"Actor 697, Actor 652",Mexico,2017-05-27,2014,R,4 Seasons,Kids' TV,A gripping story that unfolds over time.,2017,May,,4.0,Kids' TV
s3865,Movie,Endless Horizon,Director 33,"Actor 260, Actor 550",Turkey,2025-05-25,2022,PG,83 min,Kids' TV,A gripping story that unfolds over time.,2025,May,83.0,,Kids' TV
s3866,Movie,Silent Storm,Director 66,"Actor 853, Actor 34",Spain,2018-05-19,2018,TV-Y7,106 min,"Action & Adventure, Reality TV",A gripping story that unfolds over time.,2018,May,106.0,,Action & Adventure
s3867,Movie,Broken Legacy,Director 218,"Actor 707, Actor 352",South Korea,2022-10-11,2019,PG,142 min,Sci-Fi & Fantasy,A gripping story that unfolds over time.,2022,October,142.0,,Sci-Fi & Fantasy
s3868,Movie,Hidden City,Not Given,"Actor 213, Actor 248",United States,2002-08-01,2002,TV-G,118 min,"Horror Movies, Comedies",A gripping story that unfolds over time.,2002,August,118.0,,Horror Movies
s3869,Movie,Dark Dreams,Not Given,"Actor 160, Actor 108",France,2013-07-19,2012,TV-14,99 min,Crime TV Shows,A gripping story that unfolds over time.,2013,July,99.0,,Crime TV Shows
s3870,TV Show,Dark Signal,Not Given,"Actor 301, Actor 26",India,2004-08-13,2001,PG,4 Seasons,"Documentaries, Comedies",A gripping story that unfolds over time.,2004,August,,4.0,Documentaries
s3871,Movie,Last Empire,Director 361,"Actor 573, Actor 479",United States,2006-09-26,2003,R,72 min,"Dramas, Comedies",A gripping story that unfolds over time.,2006,September,72.0,,Dramas
s3872,Movie,Wild Horizon,Director 341,"Actor 86, Actor 137",Brazil,2016-11-23,2014,TV-G,162 min,"Documentaries, International Movies",A gripping story that unfolds over time.,2016,November,162.0,,Documentaries
s3873,TV Show,Endless Shadows,Not Given,"Actor 339, Actor 239",United States,2016-04-18,2015,TV-G,5 Season,Reality TV,A gripping story that unfolds over time.,2016,April,,5.0,Reality TV
s3874,TV Show,Secret City,Director 129,"Actor 411, Actor 514",United Kingdom,2023-08-19,2020,PG-13,7 Season,Stand-Up Comedy,A gripping story that unfolds over time.,2023,August,,7.0,Stand-Up Comedy
s3875,TV Show,Lost City,Not Given,"Actor 718, Actor 972",Nigeria,2019-10-27,2018,TV-MA,6 Seasons,Action & Adventure,A gripping story that unfolds over time.,2019,October,,6.0,Action & Adventure
s3876,Movie,Secret Heist,Director 216,"Actor 504, Actor 53",United States,2010-02-20,2007,TV-MA,83 min,"International Movies, Documentaries",A gripping story that unfolds over time.,2010,February,83.0,,International Movies
s3877,TV Show,Silent Chronicles,Director 433,"Actor 86, Actor 733",Australia,2020-11-04,2018,TV-Y7,7 Seasons,"Comedies, Reality TV",A gripping story that unfolds over time.,2020,November,,7.0,Comedies
s3878,Movie,Dark Dreams,Not Given,"Actor 988, Actor 467",United States,2021-01-07,2020,TV-Y7,136 min,"Stand-Up Comedy, Comedies",A gripping story that unfolds over time.,2021,January,136.0,,Stand-Up Comedy
s3879,Movie,Last Chronicles,Not Given,"Actor 608, Actor 224",United States,2004-03-06,2002,PG,122 min,"Romantic Movies, Action & Adventure",A gripping story that unfolds over time.,2004,March,122.0,,Romantic Movies
s3880,Movie,Silent Signal,Director 258,"Actor 894, Actor 340",India,2018-05-01,2016,TV-14,106 min,"Kids' TV, International Movies",A gripping story that unfolds over time.,2018,May,106.0,,Kids' TV
s3881,Movie,Wild Signal,Not Given,"Actor 465, Actor 890",Brazil,2024-04-24,2021,PG,142 min,Stand-Up Comedy,A gripping story that unfolds over time.,2024,April,142.0,,Stand-Up Comedy
s3882,TV Show,Hidden Heist,Director 426,"Actor 809, Actor 559",South Korea,2001-05-11,2001,TV-PG,8 Seasons,Action & Adventure,A gripping story that unfolds over time.,2001,May,,8.0,Action & Adventure
s3883,TV Show,Last Empire,Director 341,"Actor 40, Actor 35",Spain,2017-08-26,2016,PG,7 Season,"International Movies, Stand-Up Comedy",A gripping story that unfolds over time.,2017,August,,7.0,International Movies
s3884,TV Show,Forgotten Heist,Director 467,"Actor 462, Actor 58",Nigeria,2003-11-09,2001,PG,6 Seasons,"Thrillers, Dramas",A gripping story that unfolds over time.,2003,November,,6.0,Thrillers
s3885,Movie,Golden Legacy,Director 127,"Actor 606, Actor 259",United States,2020-09-20,2019,TV-Y7,165 min,"Crime TV Shows, Stand-Up Comedy",A gripping story that unfolds over time.,2020,September,165.0,,Crime TV Shows
s3886,TV Show,Dark Kingdom,Director 160,"Actor 514, Actor 203",United States,2023-06-02,2021,PG,1 Seasons,"Sci-Fi & Fantasy, Horror Movies",A gripping story that unfolds over time.,2023,June,,1.0,Sci-Fi & Fantasy
s3887,Movie,Golden Chronicles,Director 128,"Actor 65, Actor 289",Brazil,2020-02-03,2019,TV-G,84 min,Anime Series,A gripping story that unfolds over time.,2020,February,84.0,,Anime Series
s3888,TV Show,Dark Chronicles,Not Given,"Actor 666, Actor 158",United States,2009-09-02,2008,PG-13,5 Seasons,Stand-Up Comedy,A gripping story that unfolds over time.,2009,September,,5.0,Stand-Up Comedy
s3889,TV Show,Golden Horizon,Not Given,"Actor 242, Actor 601",United States,2024-12-09,2022,TV-PG,2 Seasons,"Crime TV Shows, Sci-Fi & Fantasy",A gripping story that unfolds over time.,2024,December,,2.0,Crime TV Shows
s3890,Movie,Hidden Kingdom,Director 294,"Actor 143, Actor 548",Brazil,2019-10-04,2017,PG-13,90 min,Dramas,A gripping story that unfolds over time.,2019,October,90.0,,Dramas
s3891,TV Show,Rising Kingdom,Not Given,"Actor 759, Actor 414",United States,2017-02-03,2017,TV-PG,3 Seasons,"Children & Family Movies, Stand-Up Comedy",A gripping story that unfolds over time.,2017,February,,3.0,Children & Family Movies
s3892,TV Show,Dark Legacy,Not Given,"Actor 69, Actor 104",United States,2008-02-01,2007,TV-Y7,5 Seasons,"Dramas, Kids' TV",A gripping story that unfolds over time.,2008,February,,5.0,Dramas
s3893,Movie,Silent Chronicles,Director 274,"Actor 689, Actor 978",United States,2019-02-20,2018,R,126 min,Thrillers,A gripping story that unfolds over time.,2019,February,126.0,,Thrillers
s3894,Movie,Secret Shadows,Director 49,"Actor 426, Actor 396",South Korea,2014-07-09,2012,R,116 min,Reality TV,A gripping story that unfolds over time.,2014,July,116.0,,Reality TV
s3895,TV Show,Rising City,Director 20,"Actor 23, Actor 863",South Korea,2022-11-15,2021,PG,5 Seasons,Thrillers,A gripping story that unfolds over time.,2022,November,,5.0,Thrillers
s3896,Movie,Forgotten Signal,Director 319,"Actor 621, Actor 487",South Korea,2013-08-07,2013,TV-G,141 min,"Dramas, Stand-Up Comedy",A gripping story that unfolds over time.,2013,August,141.0,,Dramas
s3897,Movie,Forgotten Empire,Not Given,"Actor 73, Actor 31",India,2012-04-07,2009,TV-MA,159 min,"Stand-Up Comedy, Anime Series",A gripping story that unfolds over time.,2012,April,159.0,,Stand-Up Comedy
s3898,Movie,Rising City,Director 164,"Actor 513, Actor 144",United States,2005-05-04,2004,PG-13,86 min,"Sci-Fi & Fantasy, Dramas",A gripping story that unfolds over time.,2005,May,86.0,,Sci-Fi & Fantasy
s3899,TV Show,Forgotten Dreams,Not Given,"Actor 462, Actor 479",United Kingdom,2024-12-09,2023,TV-MA,2 Seasons,Dramas,A gripping story that unfolds over time.,2024,December,,2.0,Dramas
s3900,TV Show,Endless Chronicles,Director 316,"Actor 85, Actor 692",Mexico,2014-09-20,2013,TV-G,1 Seasons,"Dramas, Reality TV",A gripping story that unfolds over time.,2014,September,,1.0,Dramas
s3901,TV Show,Final Heist,Director 266,"Actor 39, Actor 60",Italy,2000-01-02,2000,TV-MA,1 Seasons,Anime Series,A gripping story that unfolds over time.,2000,January,,1.0,Anime Series
s3902,Movie,Wild Legacy,Director 302,"Actor 111, Actor 740",United States,2017-05-12,2016,TV-G,71 min,Thrillers,A gripping story that unfolds over time.,2017,May,71.0,,Thrillers
s3903,Movie,Endless Chronicles,Director 256,"Actor 367, Actor 897",Spain,2026-09-03,2025,TV-MA,94 min,Kids' TV,A gripping story that unfolds over time.,2026,September,94.0,,Kids' TV
s3904,TV Show,Forgotten Chronicles,Director 476,"Actor 544, Actor 627",Mexico,2002-05-21,2000,TV-MA,8 Seasons,Dramas,A gripping story that unfolds over time.,2002,May,,8.0,Dramas
s3905,Movie,Dark Shadows,Not Given,"Actor 31, Actor 867",India,2010-12-15,2010,PG-13,163 min,Stand-Up Comedy,A gripping story that unfolds over time.,2010,December,163.0,,Stand-Up Comedy
s3906,Movie,Lost Empire,Director 268,"Actor 945, Actor 616",Japan,2013-12-21,2013,TV-G,144 min,"Children & Family Movies, Crime TV Shows",A gripping story that unfolds over time.,2013,December,144.0,,Children & Family Movies
s3907,Movie,Last Legacy,Not Given,"Actor 506, Actor 201",India,2019-02-16,2018,TV-MA,97 min,"Comedies, Kids' TV",A gripping story that unfolds over time.,2019,February,97.0,,Comedies
s3908,TV Show,Wild Journey,Not Given,"Actor 655, Actor 556",Japan,2018-05-24,2017,TV-MA,7 Seasons,"Crime TV Shows, Documentaries",A gripping story that unfolds over time.,2018,May,,7.0,Crime TV Shows
s3909,Movie,Hidden City,Director 33,"Actor 599, Actor 846",United States,2023-09-23,2021,TV-MA,118 min,International Movies,A gripping story that unfolds over time.,2023,September,118.0,,International Movies
s3910,Movie,Silent Chronicles,Not Given,"Actor 841, Actor 935",Brazil,2016-04-10,2016,TV-G,119 min,Reality TV,A gripping story that unfolds over time.,2016,April,119.0,,Reality TV
s3911,Movie,Forgotten Journey,Director 135,"Actor 419, Actor 172",United Kingdom,2024-08-07,2023,PG-13,87 min,Kids' TV,A gripping story that unfolds over time.,2024,August,87.0,,Kids' TV
s3912,Movie,Broken Heist,Not Given,"Actor 185, Actor 669",United States,2013-02-21,2010,R,104 min,Comedies,A gripping story that unfolds over time.,2013,February,104.0,,Comedies
s3913,TV Show,Rising Journey,Director 153,"Actor 457, Actor 153",Nigeria,2005-08-09,2004,TV-Y7,1 Seasons,Children & Family Movies,A gripping story that unfolds over time.,2005,August,,1.0,Children & Family Movies
s3914,Movie,Silent Heist,Not Given,"Actor 545, Actor 106",United States,2002-01-19,2000,R,125 min,"Documentaries, Anime Series",A gripping story that unfolds over time.,2002,January,125.0,,Documentaries
s3915,TV Show,Endless Signal,Director 361,"Actor 354, Actor 143",United States,2019-01-07,2016,TV-MA,3 Seasons,Crime TV Shows,A gripping story that unfolds over time.,2019,January,,3.0,Crime TV Shows
s3916,TV Show,Last Legacy,Director 306,"Actor 598, Actor 498",Japan,2016-04-13,2013,TV-PG,4 Seasons,"Anime Series, Reality TV",A gripping story that unfolds over time.,2016,April,,4.0,Anime Series
s3917,Movie,Endless Legacy,Not Given,"Actor 289, Actor 311",India,2006-08-11,2004,TV-14,121 min,"Reality TV, Horror Movies",A gripping story that unfolds over time.,2006,August,121.0,,Reality TV
s3918,Movie,Hidden Horizon,Director 13,"Actor 167, Actor 589",United Kingdom,2014-07-25,2012,R,99 min,Action & Adventure,A gripping story that unfolds over time.,2014,July,99.0,,Action & Adventure
s3919,Movie,Hidden Storm,Not Given,"Actor 98, Actor 149",United States,2005-08-12,2002,TV-14,94 min,Documentaries,A gripping story that unfolds over time.,2005,August,94.0,,Documentaries
s3920,Movie,Broken Storm,Director 383,"Actor 40, Actor 248",Mexico,2011-05-08,2009,PG-13,142 min,Documentaries,A gripping story that unfolds over time.,2011,May,142.0,,Documentaries
s3921,TV Show,Endless Legacy,Director 344,"Actor 799, Actor 948",United States,2013-11-16,2010,TV-PG,8 Seasons,"Kids' TV, Dramas",A gripping story that unfolds over time.,2013,November,,8.0,Kids' TV
s3922,Movie,Dark Journey,Director 424,"Actor 279, Actor 224",United States,2006-10-13,2003,TV-G,107 min,Children & Family Movies,A gripping story that unfolds over time.,2006,October,107.0,,Children & Family Movies
s3923,TV Show,Broken Heist,Director 235,"Actor 485, Actor 758",India,2016-08-13,2016,TV-PG,5 Seasons,"Anime Series, Horror Movies",A gripping story that unfolds over time.,2016,August,,5.0,Anime Series
s3924,TV Show,Dark Legacy,Director 464,"Actor 124, Actor 329",United States,2022-11-11,2020,R,5 Seasons,Documentaries,A gripping story that unfolds over time.,2022,November,,5.0,Documentaries
s3925,Movie,Silent Horizon,Director 344,"Actor 229, Actor 222",India,2011-02-21,2010,TV-MA,140 min,Horror Movies,A gripping story that unfolds over time.,2011,February,140.0,,Horror Movies
s3926,TV Show,Wild Shadows,Director 338,"Actor 954, Actor 514",Canada,2021-01-27,2019,PG-13,4 Seasons,"Documentaries, International Movies",A gripping story that unfolds over time.,2021,January,,4.0,Documentaries
s3927,TV Show,Forgotten Kingdom,Director 441,"Actor 527, Actor 171",France,2020-08-06,2019,TV-MA,1 Seasons,"Action & Adventure, Sci-Fi & Fantasy",A gripping story that unfolds over time.,2020,August,,1.0,Action & Adventure
s3928,TV Show,Broken Storm,Director 183,"Actor 970, Actor 458",South Korea,2010-10-15,2009,PG,1 Seasons,"Stand-Up Comedy, Children & Family Movies",A gripping story that unfolds over time.,2010,October,,1.0,Stand-Up Comedy
s3929,TV Show,Hidden Storm,Not Given,"Actor 626, Actor 442",United States,2023-02-21,2023,TV-Y7,8 Season,"Children & Family Movies, Comedies",A gripping story that unfolds over time.,2023,February,,8.0,Children & Family Movies
s3930,TV Show,Broken Dreams,Not Given,"Actor 710, Actor 172",Mexico,2003-02-26,2002,TV-Y7,2 Season,"Sci-Fi & Fantasy, Action & Adventure",A gripping story that unfolds over time.,2003,February,,2.0,Sci-Fi & Fantasy
s3931,TV Show,Forgotten Shadows,Director 145,"Actor 743, Actor 99",South Korea,2005-12-01,2004,TV-G,6 Seasons,Comedies,A gripping story that unfolds over time.,2005,December,,6.0,Comedies
s3932,Movie,Dark Signal,Director 446,"Actor 316, Actor 622",United States,2013-07-10,2011,PG,108 min,Reality TV,A gripping story that unfolds over time.,2013,July,108.0,,Reality TV
s3933,TV Show,Hidden Journey,Not Given,"Actor 880, Actor 159",United Kingdom,2022-08-08,2022,TV-Y7,7 Seasons,"Dramas, Documentaries",A gripping story that unfolds over time.,2022,August,,7.0,Dramas
s3934,TV Show,Dark Heist,Director 275,"Actor 5, Actor 475",Canada,2021-09-07,2018,TV-Y7,5 Seasons,"International Movies, Crime TV Shows",A gripping story that unfolds over time.,2021,September,,5.0,International Movies
s3935,TV Show,Broken Storm,Not Given,"Actor 664, Actor 184",United States,2013-04-19,2013,TV-PG,7 Seasons,"Kids' TV, Comedies",A gripping story that unfolds over time.,2013,April,,7.0,Kids' TV
s3936,Movie,Forgotten Horizon,Director 12,"Actor 540, Actor 733",United States,2008-02-14,2008,TV-Y7,128 min,Action & Adventure,A gripping story that unfolds over time.,2008,February,128.0,,Action & Adventure
s3937,TV Show,Rising Kingdom,Director 213,"Actor 898, Actor 887",Canada,2014-03-20,2011,TV-14,1 Seasons,"Kids' TV, Comedies",A gripping story that unfolds over time.,2014,March,,1.0,Kids' TV
s3938,Movie,Broken City,Not Given,"Actor 883, Actor 670",India,2003-02-13,2000,TV-MA,70 min,"Anime Series, Stand-Up Comedy",A gripping story that unfolds over time.,2003,February,70.0,,Anime Series
s3939,TV Show,Golden Journey,Director 377,"Actor 349, Actor 506",South Korea,2007-07-10,2007,TV-MA,7 Season,Reality TV,A gripping story that unfolds over time.,2007,July,,7.0,Reality TV
s3940,TV Show,Endless Legacy,Director 141,"Actor 716, Actor 194",Brazil,2010-03-06,2007,PG,7 Seasons,Anime Series,A gripping story that unfolds over time.,2010,March,,7.0,Anime Series
s3941,TV Show,Silent Signal,Director 333,"Actor 376, Actor 707",United States,2021-09-18,2020,TV-Y7,7 Seasons,Crime TV Shows,A gripping story that unfolds over time.,2021,September,,7.0,Crime TV Shows
s3942,Movie,Forgotten Kingdom,Director 474,"Actor 52, Actor 537",India,2014-05-08,2011,PG,144 min,Documentaries,A gripping story that unfolds over time.,2014,May,144.0,,Documentaries
s3943,TV Show,Endless Shadows,Not Given,"Actor 34, Actor 858",United States,2009-05-02,2006,TV-14,2 Seasons,"Action & Adventure, Comedies",A gripping story that unfolds over time.,2009,May,,2.0,Action & Adventure
s3944,Movie,Rising Kingdom,Not Given,"Actor 627, Actor 41",United States,2017-10-24,2014,TV-14,141 min,"Crime TV Shows, Kids' TV",A gripping story that unfolds over time.,2017,October,141.0,,Crime TV Shows
s3945,Movie,Last Heist,Director 172,"Actor 426, Actor 867",United States,2025-04-19,2025,PG,115 min,"Romantic Movies, Anime Series",A gripping story that unfolds over time.,2025,April,115.0,,Romantic Movies
s3946,Movie,Golden Kingdom,Director 35,"Actor 520, Actor 843",India,2012-04-17,2010,TV-14,100 min,"Sci-Fi & Fantasy, Stand-Up Comedy",A gripping story that unfolds over time.,2012,April,100.0,,Sci-Fi & Fantasy
s3947,Movie,Wild Dreams,Director 77,"Actor 512, Actor 508",United States,2026-06-03,2025,TV-Y7,102 min,Comedies,A gripping story that unfolds over time.,2026,June,102.0,,Comedies
s3948,Movie,Silent Legacy,Director 441,"Actor 201, Actor 30",United States,2013-11-21,2012,R,120 min,Crime TV Shows,A gripping story that unfolds over time.,2013,November,120.0,,Crime TV Shows
s3949,TV Show,Broken Horizon,Not Given,"Actor 577, Actor 173",Germany,2025-03-07,2023,TV-MA,5 Season,"Children & Family Movies, Reality TV",A gripping story that unfolds over time.,2025,March,,5.0,Children & Family Movies
s3950,TV Show,Last City,Not Given,"Actor 472, Actor 386",United Kingdom,2013-09-02,2012,TV-G,4 Seasons,Action & Adventure,A gripping story that unfolds over time.,2013,September,,4.0,Action & Adventure
s3951,Movie,Golden Signal,Director 354,"Actor 599, Actor 311",Brazil,2019-07-01,2018,TV-Y7,101 min,Action & Adventure,A gripping story that unfolds over time.,2019,July,101.0,,Action & Adventure
s3952,TV Show,Lost Heist,Not Given,"Actor 952, Actor 977",South Korea,2015-05-26,2013,TV-MA,4 Seasons,"International Movies, Reality TV",A gripping story that unfolds over time.,2015,May,,4.0,International Movies
s3953,TV Show,Golden Journey,Director 231,"Actor 504, Actor 814",Mexico,2026-01-23,2024,TV-Y7,2 Seasons,"Thrillers, Dramas",A gripping story that unfolds over time.,2026,January,,2.0,Thrillers
s3954,Movie,Last Dreams,Not Given,"Actor 773, Actor 357",France,2019-01-11,2018,TV-PG,87 min,"International Movies, Documentaries",A gripping story that unfolds over time.,2019,January,87.0,,International Movies
s3955,Movie,Final Heist,Director 189,"Actor 962, Actor 498",United States,2012-11-26,2010,TV-14,131 min,Kids' TV,A gripping story that unfolds over time.,2012,November,131.0,,Kids' TV
s3956,Movie,Final City,Director 79,"Actor 544, Actor 186",Nigeria,2015-01-13,2014,TV-Y7,138 min,Thrillers,A gripping story that unfolds over time.,2015,January,138.0,,Thrillers
s3957,TV Show,Wild Signal,Not Given,"Actor 916, Actor 1",United States,2022-08-05,2022,TV-14,2 Seasons,Stand-Up Comedy,A gripping story that unfolds over time.,2022,August,,2.0,Stand-Up Comedy
s3958,Movie,Broken City,Director 439,"Actor 271, Actor 723",France,2014-04-10,2013,TV-Y7,76 min,"Reality TV, Romantic Movies",A gripping story that unfolds over time.,2014,April,76.0,,Reality TV
s3959,TV Show,Forgotten Kingdom,Not Given,"Actor 813, Actor 19",United Kingdom,2013-04-16,2012,TV-G,7 Season,Thrillers,A gripping story that unfolds over time.,2013,April,,7.0,Thrillers
s3960,Movie,Final Chronicles,Director 10,"Actor 750, Actor 702",Australia,2014-09-08,2013,TV-G,74 min,Documentaries,A gripping story that unfolds over time.,2014,September,74.0,,Documentaries
s3961,TV Show,Final Kingdom,Director 395,"Actor 864, Actor 155",United States,2020-12-24,2017,PG-13,3 Seasons,Anime Series,A gripping story that unfolds over time.,2020,December,,3.0,Anime Series
s3962,Movie,Wild Kingdom,Director 279,"Actor 974, Actor 227",India,2012-08-17,2012,TV-MA,100 min,Crime TV Shows,A gripping story that unfolds over time.,2012,August,100.0,,Crime TV Shows
s3963,Movie,Dark Shadows,Director 343,"Actor 30, Actor 342",South Korea,2012-07-27,2009,TV-PG,132 min,"Kids' TV, Documentaries",A gripping story that unfolds over time.,2012,July,132.0,,Kids' TV
s3964,Movie,Wild Signal,Director 251,"Actor 824, Actor 379",United Kingdom,2008-03-26,2008,TV-14,72 min,"Anime Series, Reality TV",A gripping story that unfolds over time.,2008,March,72.0,,Anime Series
s3965,Movie,Endless Shadows,Director 175,"Actor 733, Actor 173",Mexico,2024-12-09,2022,TV-Y7,118 min,"Kids' TV, Documentaries",A gripping story that unfolds over time.,2024,December,118.0,,Kids' TV
s3966,Movie,Golden Signal,Director 117,"Actor 60, Actor 497",United Kingdom,2011-05-02,2009,R,159 min,"Children & Family Movies, Thrillers",A gripping story that unfolds over time.,2011,May,159.0,,Children & Family Movies
s3967,Movie,Secret Shadows,Director 89,"Actor 986, Actor 36",Canada,2019-02-18,2016,TV-MA,156 min,Dramas,A gripping story that unfolds over time.,2019,February,156.0,,Dramas
s3968,TV Show,Wild Storm,Not Given,"Actor 370, Actor 217",Germany,2013-04-15,2012,PG,2 Seasons,International Movies,A gripping story that unfolds over time.,2013,April,,2.0,International Movies
s3969,Movie,Broken Dreams,Director 190,"Actor 15, Actor 523",United States,2009-11-14,2007,R,130 min,Action & Adventure,A gripping story that unfolds over time.,2009,November,130.0,,Action & Adventure
s3970,Movie,Rising Journey,Director 71,"Actor 761, Actor 219",Japan,2015-10-26,2014,TV-G,115 min,Horror Movies,A gripping story that unfolds over time.,2015,October,115.0,,Horror Movies
s3971,TV Show,Final Kingdom,Not Given,"Actor 211, Actor 472",Japan,2014-07-22,2013,R,5 Seasons,"Documentaries, Comedies",A gripping story that unfolds over time.,2014,July,,5.0,Documentaries
s3972,Movie,Hidden Legacy,Not Given,"Actor 589, Actor 835",India,2003-05-07,2000,R,162 min,"Kids' TV, Sci-Fi & Fantasy",A gripping story that unfolds over time.,2003,May,162.0,,Kids' TV
s3973,TV Show,Silent Signal,Director 58,"Actor 62, Actor 997",India,2010-06-07,2008,PG,5 Seasons,International Movies,A gripping story that unfolds over time.,2010,June,,5.0,International Movies
s3974,Movie,Rising Dreams,Not Given,"Actor 133, Actor 893",United States,2017-08-20,2017,R,136 min,Reality TV,A gripping story that unfolds over time.,2017,August,136.0,,Reality TV
s3975,TV Show,Final Empire,Director 397,"Actor 627, Actor 665",Mexico,2009-01-18,2009,TV-PG,1 Seasons,"Kids' TV, Thrillers",A gripping story that unfolds over time.,2009,January,,1.0,Kids' TV
s3976,Movie,Silent Legacy,Director 397,"Actor 848, Actor 468",India,2024-01-05,2022,TV-G,139 min,"Comedies, Kids' TV",A gripping story that unfolds over time.,2024,January,139.0,,Comedies
s3977,TV Show,Forgotten Horizon,Director 275,"Actor 213, Actor 829",United States,2026-10-05,2025,TV-MA,4 Seasons,Action & Adventure,A gripping story that unfolds over time.,2026,October,,4.0,Action & Adventure
s3978,Movie,Golden Shadows,Director 395,"Actor 357, Actor 893",Turkey,2012-03-04,2012,TV-14,92 min,"Thrillers, Reality TV",A gripping story that unfolds over time.,2012,March,92.0,,Thrillers
s3979,Movie,Golden Chronicles,Director 25,"Actor 526, Actor 110",Australia,2021-09-18,2018,PG,86 min,Horror Movies,A gripping story that unfolds over time.,2021,September,86.0,,Horror Movies
s3980,Movie,Rising Kingdom,Director 460,"Actor 923, Actor 337",United States,2026-04-18,2025,R,164 min,"Romantic Movies, Kids' TV",A gripping story that unfolds over time.,2026,April,164.0,,Romantic Movies
s3981,TV Show,Hidden Dreams,Not Given,"Actor 8, Actor 829",United Kingdom,2007-05-08,2005,TV-Y7,2 Seasons,Action & Adventure,A gripping story that unfolds over time.,2007,May,,2.0,Action & Adventure
s3982,Movie,Silent City,Director 177,"Actor 282, Actor 92",United States,2019-02-12,2019,TV-14,113 min,"Crime TV Shows, Kids' TV",A gripping story that unfolds over time.,2019,February,113.0,,Crime TV Shows
s3983,Movie,Rising Kingdom,Director 414,"Actor 205, Actor 741",India,2017-06-27,2017,TV-14,94 min,Thrillers,A gripping story that unfolds over time.,2017,June,94.0,,Thrillers
s3984,TV Show,Endless Shadows,Director 194,"Actor 512, Actor 856",Turkey,2005-10-11,2004,TV-Y7,5 Seasons,"Comedies, Action & Adventure",A gripping story that unfolds over time.,2005,October,,5.0,Comedies
s3985,TV Show,Lost Heist,Director 41,"Actor 826, Actor 187",United States,2022-10-21,2021,TV-Y7,6 Seasons,Romantic Movies,A gripping story that unfolds over time.,2022,October,,6.0,Romantic Movies
s3986,TV Show,Lost Shadows,Director 18,"Actor 922, Actor 502",United States,2020-06-14,2018,TV-14,4 Seasons,"Sci-Fi & Fantasy, Action & Adventure",A gripping story that unfolds over time.,2020,June,,4.0,Sci-Fi & Fantasy
s3987,TV Show,Final Journey,Director 91,"Actor 225, Actor 480",United States,2002-08-05,2002,R,4 Seasons,Dramas,A gripping story that unfolds over time.,2002,August,,4.0,Dramas
s3988,Movie,Rising Kingdom,Not Given,"Actor 822, Actor 96",France,2011-10-20,2010,R,108 min,"Reality TV, Comedies",A gripping story that unfolds over time.,2011,October,108.0,,Reality TV
s3989,Movie,Broken Journey,Not Given,"Actor 644, Actor 792",United Kingdom,2018-03-21,2017,TV-14,114 min,"Documentaries, Reality TV",A gripping story that unfolds over time.,2018,March,114.0,,Documentaries
s3990,Movie,Final Empire,Director 218,"Actor 274, Actor 338",Australia,2006-09-06,2004,TV-Y7,126 min,"Action & Adventure, Anime Series",A gripping story that unfolds over time.,2006,September,126.0,,Action & Adventure
s3991,Movie,Golden City,Director 126,"Actor 592, Actor 346",South Korea,2002-12-07,2002,PG,151 min,"Stand-Up Comedy, Reality TV",A gripping story that unfolds over time.,2002,December,151.0,,Stand-Up Comedy
s3992,TV Show,Golden City,Director 151,"Actor 571, Actor 420",Japan,2013-01-25,2012,TV-14,6 Seasons,Thrillers,A gripping story that unfolds over time.,2013,January,,6.0,Thrillers
s3993,Movie,Secret Shadows,Not Given,"Actor 958, Actor 620",Australia,2016-02-25,2015,R,168 min,"Anime Series, International Movies",A gripping story that unfolds over time.,2016,February,168.0,,Anime Series
s3994,Movie,Secret Chronicles,Director 371,"Actor 470, Actor 592",United States,2009-08-27,2009,PG-13,155 min,"Action & Adventure, Romantic Movies",A gripping story that unfolds over time.,2009,August,155.0,,Action & Adventure
s3995,Movie,Endless Heist,Not Given,"Actor 556, Actor 961",Australia,2026-05-06,2025,PG,90 min,Kids' TV,A gripping story that unfolds over time.,2026,May,90.0,,Kids' TV
s3996,Movie,Forgotten Heist,Director 374,"Actor 44, Actor 161",South Korea,2021-01-03,2020,TV-Y7,87 min,International Movies,A gripping story that unfolds over time.,2021,January,87.0,,International Movies
s3997,TV Show,Lost City,Director 117,"Actor 736, Actor 98",United States,2005-06-02,2002,TV-PG,8 Seasons,"Crime TV Shows, Thrillers",A gripping story that unfolds over time.,2005,June,,8.0,Crime TV Shows
s3998,TV Show,Rising Empire,Director 412,"Actor 839, Actor 316",Spain,2024-02-03,2021,TV-MA,5 Seasons,"Reality TV, Kids' TV",A gripping story that unfolds over time.,2024,February,,5.0,Reality TV
s3999,TV Show,Broken Heist,Director 2,"Actor 62, Actor 745",Canada,2002-06-24,2001,TV-Y7,8 Seasons,"Horror Movies, Dramas",A gripping story that unfolds over time.,2002,June,,8.0,Horror Movies
s4000,Movie,Rising Dreams,Director 95,"Actor 230, Actor 236",United Kingdom,2018-11-01,2017,TV-14,153 min,Comedies,A gripping story that unfolds over time.,2018,November,153.0,,Comedies
